Year,SERIES,UNIT_MEASURE,Value
2000,"Official development assistance grants for poverty reduction, by recipient countries (percentage of GNI)",PT,0.50427
2001,"Official development assistance grants for poverty reduction, by recipient countries (percentage of GNI)",PT,0.93124
2002,"Official development assistance grants for poverty reduction, by recipient countries (percentage of GNI)",PT,0.13716
2003,"Official development assistance grants for poverty reduction, by recipient countries (percentage of GNI)",PT,0.25946
2004,"Official development assistance grants for poverty reduction, by recipient countries (percentage of GNI)",PT,0.23325
2005,"Official development assistance grants for poverty reduction, by recipient countries (percentage of GNI)",PT,0.1206
2006,"Official development assistance grants for poverty reduction, by recipient countries (percentage of GNI)",PT,0.14395
2007,"Official development assistance grants for poverty reduction, by recipient countries (percentage of GNI)",PT,0.10573
2008,"Official development assistance grants for poverty reduction, by recipient countries (percentage of GNI)",PT,0.0942
2009,"Official development assistance grants for poverty reduction, by recipient countries (percentage of GNI)",PT,0.06307
2010,"Official development assistance grants for poverty reduction, by recipient countries (percentage of GNI)",PT,0.14942
2011,"Official development assistance grants for poverty reduction, by recipient countries (percentage of GNI)",PT,0.18138
2012,"Official development assistance grants for poverty reduction, by recipient countries (percentage of GNI)",PT,0.27539
2013,"Official development assistance grants for poverty reduction, by recipient countries (percentage of GNI)",PT,0.16629
2014,"Official development assistance grants for poverty reduction, by recipient countries (percentage of GNI)",PT,0.09827
2015,"Official development assistance grants for poverty reduction, by recipient countries (percentage of GNI)",PT,0.26381
2016,"Official development assistance grants for poverty reduction, by recipient countries (percentage of GNI)",PT,0.16298
2017,"Official development assistance grants for poverty reduction, by recipient countries (percentage of GNI)",PT,0.1349
2018,"Official development assistance grants for poverty reduction, by recipient countries (percentage of GNI)",PT,0.07716
2019,"Official development assistance grants for poverty reduction, by recipient countries (percentage of GNI)",PT,0.1002
2020,"Official development assistance grants for poverty reduction, by recipient countries (percentage of GNI)",PT,0.13386
2021,"Official development assistance grants for poverty reduction, by recipient countries (percentage of GNI)",PT,0.3118
