Year,SERIES,UNIT_MEASURE,Value
2014,Total deaths and disappearances recorded during migration,Number,0
2015,Total deaths and disappearances recorded during migration,Number,0
2016,Total deaths and disappearances recorded during migration,Number,0
2017,Total deaths and disappearances recorded during migration,Number,0
2018,Total deaths and disappearances recorded during migration,Number,4
2019,Total deaths and disappearances recorded during migration,Number,22
2020,Total deaths and disappearances recorded during migration,Number,22
2021,Total deaths and disappearances recorded during migration,Number,10
2022,Total deaths and disappearances recorded during migration,Number,8
