Year,SERIES,UNIT_MEASURE,Value
2011,Average remittance costs of sending $200 to a receiving country as a proportion of the amount remitted (%),Percent,13.93
2015,Average remittance costs of sending $200 to a receiving country as a proportion of the amount remitted (%),Percent,7.28
2017,Average remittance costs of sending $200 to a receiving country as a proportion of the amount remitted (%),Percent,6.5
2018,Average remittance costs of sending $200 to a receiving country as a proportion of the amount remitted (%),Percent,6.9
2019,Average remittance costs of sending $200 to a receiving country as a proportion of the amount remitted (%),Percent,7.44
2020,Average remittance costs of sending $200 to a receiving country as a proportion of the amount remitted (%),Percent,7.27
2021,Average remittance costs of sending $200 to a receiving country as a proportion of the amount remitted (%),Percent,9.94
