Year,SERIES,UNIT_MEASURE,Type of waste treatment,Economic activity,Value
2001,Hazardous waste exported,TONNES,,,568.88599
2002,Hazardous waste exported,TONNES,,,1830.0
2003,Hazardous waste exported,TONNES,,,6295.0
2004,Hazardous waste exported,TONNES,,,7094.29981
2005,Hazardous waste exported,TONNES,,,709.42999
2006,Hazardous waste exported,TONNES,,,656.0
2007,Hazardous waste exported,TONNES,,,666.0
2008,Hazardous waste exported,TONNES,,,444.73599
2009,Hazardous waste exported,TONNES,,,497.05621
2010,Hazardous waste exported,TONNES,,,253.14
2011,Hazardous waste exported,TONNES,,,87.0
2012,Hazardous waste exported,TONNES,,,426.194
2013,Hazardous waste exported,TONNES,,,554.39203
2014,Hazardous waste exported,TONNES,,,506.28299
2008,Hazardous waste generated (Tonnes),TONNES,,,10588.0
2009,Hazardous waste generated (Tonnes),TONNES,,,9632.0
2010,Hazardous waste generated (Tonnes),TONNES,,,10320.0
2012,Hazardous waste generated (Tonnes),TONNES,,,4432.0
2014,Hazardous waste generated (Tonnes),TONNES,,,8408.0
2008,"Hazardous waste generated, per capita (Kg)",Kilograms,,,2.82026
2009,"Hazardous waste generated, per capita (Kg)",Kilograms,,,2.5782
2010,"Hazardous waste generated, per capita (Kg)",Kilograms,,,2.78507
2012,"Hazardous waste generated, per capita (Kg)",Kilograms,,,1.22941
2014,"Hazardous waste generated, per capita (Kg)",Kilograms,,,2.41463
2008,"Hazardous waste generated, per unit of GDP",Kilograms per constant USD,,,0.00068
2010,"Hazardous waste generated, per unit of GDP",Kilograms per constant USD,,,0.00064
2012,"Hazardous waste generated, per unit of GDP",Kilograms per constant USD,,,0.00029
2014,"Hazardous waste generated, per unit of GDP",Kilograms per constant USD,,,0.00053
2000,Hazardous waste imported,TONNES,,,0.0
2001,Hazardous waste imported,TONNES,,,0.0
2002,Hazardous waste imported,TONNES,,,0.0
2003,Hazardous waste imported,TONNES,,,0.0
2004,Hazardous waste imported,TONNES,,,0.0
2005,Hazardous waste imported,TONNES,,,0.0
2006,Hazardous waste imported,TONNES,,,0.0
2007,Hazardous waste imported,TONNES,,,0.0
2008,Hazardous waste imported,TONNES,,,0.0
2009,Hazardous waste imported,TONNES,,,0.0
2010,Hazardous waste imported,TONNES,,,0.0
2011,Hazardous waste imported,TONNES,,,0.0
2012,Hazardous waste imported,TONNES,,,0.0
2013,Hazardous waste imported,TONNES,,,0.0
2014,Hazardous waste imported,TONNES,,,0.0
2001,"Hazardous waste treated, by type of treatment",TONNES,Incineration,,0.0
2002,"Hazardous waste treated, by type of treatment",TONNES,Incineration,,0.0
2003,"Hazardous waste treated, by type of treatment",TONNES,Incineration,,0.0
2004,"Hazardous waste treated, by type of treatment",TONNES,Incineration,,0.0
2005,"Hazardous waste treated, by type of treatment",TONNES,Incineration,,0.0
2006,"Hazardous waste treated, by type of treatment",TONNES,Incineration,,0.0
2007,"Hazardous waste treated, by type of treatment",TONNES,Incineration,,0.0
2008,"Hazardous waste treated, by type of treatment",TONNES,Incineration,,0.0
2009,"Hazardous waste treated, by type of treatment",TONNES,Incineration,,0.0
2010,"Hazardous waste treated, by type of treatment",TONNES,Incineration,,0.0
2011,"Hazardous waste treated, by type of treatment",TONNES,Incineration,,0.0
2012,"Hazardous waste treated, by type of treatment",TONNES,Incineration,,0.0
2008,Municipal waste generated,TONNES,,,1367089.96582
2009,Municipal waste generated,TONNES,,,1260060.05859
2010,Municipal waste generated,TONNES,,,1057767.94434
2011,Municipal waste generated,TONNES,,,1027005.98145
2012,Municipal waste generated,TONNES,,,964120.97168
2013,Municipal waste generated,TONNES,,,882049.01123
2014,Municipal waste generated,TONNES,,,989546.02051
2015,Municipal waste generated,TONNES,,,924051.02539
2017,Municipal waste generated,TONNES,Incineration,,0.0
2017,"Municipal waste treated, by type of treatment",TONNES,Landfilling,,76.59919
2008,"Total waste generation, by activity",TONNES,,Mining and quarrying,87148.00263
2009,"Total waste generation, by activity",TONNES,,Mining and quarrying,83616.99677
2010,"Total waste generation, by activity",TONNES,,Mining and quarrying,104000.0
2012,"Total waste generation, by activity",TONNES,,Mining and quarrying,72363.99841
2014,"Total waste generation, by activity",TONNES,,Mining and quarrying,85000.0
2008,"Total waste generation, by activity",TONNES,,Manufacturing,3563000.0
2009,"Total waste generation, by activity",TONNES,,Manufacturing,3077568.115
2010,"Total waste generation, by activity",TONNES,,Manufacturing,1325000.0
2012,"Total waste generation, by activity",TONNES,,Manufacturing,1213474.976
2014,"Total waste generation, by activity",TONNES,,Manufacturing,1305000.0
2008,"Total waste generation, by activity",TONNES,,"Electricity, gas, steam and air conditioning supply",1059000.0
2009,"Total waste generation, by activity",TONNES,,"Electricity, gas, steam and air conditioning supply",1563614.014
2010,"Total waste generation, by activity",TONNES,,"Electricity, gas, steam and air conditioning supply",1583119.995
2012,"Total waste generation, by activity",TONNES,,"Electricity, gas, steam and air conditioning supply",3170717.041
2014,"Total waste generation, by activity",TONNES,,"Electricity, gas, steam and air conditioning supply",2656462.891
2000,"Total waste generation, by activity",TONNES,,ISIC4_T,837669.4336
2001,"Total waste generation, by activity",TONNES,,ISIC4_T,863226.7456
2002,"Total waste generation, by activity",TONNES,,ISIC4_T,892008.3618
2003,"Total waste generation, by activity",TONNES,,ISIC4_T,915165.2832
2004,"Total waste generation, by activity",TONNES,,ISIC4_T,894664.4287
2005,"Total waste generation, by activity",TONNES,,ISIC4_T,948811.8896
2006,"Total waste generation, by activity",TONNES,,ISIC4_T,1002959.412
2007,"Total waste generation, by activity",TONNES,,ISIC4_T,1057106.934
2008,"Total waste generation, by activity",TONNES,,ISIC4_T,1065105.225
2009,"Total waste generation, by activity",TONNES,,ISIC4_T,996164.978
2010,"Total waste generation, by activity",TONNES,,ISIC4_T,839164.978
2011,"Total waste generation, by activity",TONNES,,ISIC4_T,836145.0195
2012,"Total waste generation, by activity",TONNES,,ISIC4_T,773823.9746
2013,"Total waste generation, by activity",TONNES,,ISIC4_T,705317.0166
2014,"Total waste generation, by activity",TONNES,,ISIC4_T,761536.9873
2015,"Total waste generation, by activity",TONNES,,ISIC4_T,715000.0
2000,"Total waste generation, by activity",TONNES,,No breakdown,837669.4336
2001,"Total waste generation, by activity",TONNES,,No breakdown,863226.7456
2002,"Total waste generation, by activity",TONNES,,No breakdown,892008.3618
2003,"Total waste generation, by activity",TONNES,,No breakdown,915165.2832
2004,"Total waste generation, by activity",TONNES,,No breakdown,894664.4287
2005,"Total waste generation, by activity",TONNES,,No breakdown,948811.8896
2006,"Total waste generation, by activity",TONNES,,No breakdown,1002959.412
2007,"Total waste generation, by activity",TONNES,,No breakdown,1057106.934
2008,"Total waste generation, by activity",TONNES,,No breakdown,5774253.418
2009,"Total waste generation, by activity",TONNES,,No breakdown,5720964.355
2010,"Total waste generation, by activity",TONNES,,No breakdown,3851284.912
2011,"Total waste generation, by activity",TONNES,,No breakdown,836145.0195
2012,"Total waste generation, by activity",TONNES,,No breakdown,5230379.883
2013,"Total waste generation, by activity",TONNES,,No breakdown,705317.0166
2014,"Total waste generation, by activity",TONNES,,No breakdown,4808000.0
2015,"Total waste generation, by activity",TONNES,,No breakdown,715000.0
