Year,SERIES,UNIT_MEASURE,Value
2000,Average proportion of Freshwater Key Biodiversity Areas (KBAs) covered by protected areas (%),Percent,33.29165
2001,Average proportion of Freshwater Key Biodiversity Areas (KBAs) covered by protected areas (%),Percent,33.29165
2002,Average proportion of Freshwater Key Biodiversity Areas (KBAs) covered by protected areas (%),Percent,33.29165
2003,Average proportion of Freshwater Key Biodiversity Areas (KBAs) covered by protected areas (%),Percent,33.29165
2004,Average proportion of Freshwater Key Biodiversity Areas (KBAs) covered by protected areas (%),Percent,33.29165
2005,Average proportion of Freshwater Key Biodiversity Areas (KBAs) covered by protected areas (%),Percent,33.29165
2006,Average proportion of Freshwater Key Biodiversity Areas (KBAs) covered by protected areas (%),Percent,33.29165
2007,Average proportion of Freshwater Key Biodiversity Areas (KBAs) covered by protected areas (%),Percent,66.62498
2008,Average proportion of Freshwater Key Biodiversity Areas (KBAs) covered by protected areas (%),Percent,99.95832
2009,Average proportion of Freshwater Key Biodiversity Areas (KBAs) covered by protected areas (%),Percent,99.95832
2010,Average proportion of Freshwater Key Biodiversity Areas (KBAs) covered by protected areas (%),Percent,99.95832
2011,Average proportion of Freshwater Key Biodiversity Areas (KBAs) covered by protected areas (%),Percent,99.95832
2012,Average proportion of Freshwater Key Biodiversity Areas (KBAs) covered by protected areas (%),Percent,99.95832
2013,Average proportion of Freshwater Key Biodiversity Areas (KBAs) covered by protected areas (%),Percent,99.95832
2014,Average proportion of Freshwater Key Biodiversity Areas (KBAs) covered by protected areas (%),Percent,99.95832
2015,Average proportion of Freshwater Key Biodiversity Areas (KBAs) covered by protected areas (%),Percent,99.95832
2016,Average proportion of Freshwater Key Biodiversity Areas (KBAs) covered by protected areas (%),Percent,99.95832
2017,Average proportion of Freshwater Key Biodiversity Areas (KBAs) covered by protected areas (%),Percent,99.95832
2018,Average proportion of Freshwater Key Biodiversity Areas (KBAs) covered by protected areas (%),Percent,99.95832
2019,Average proportion of Freshwater Key Biodiversity Areas (KBAs) covered by protected areas (%),Percent,99.95832
2020,Average proportion of Freshwater Key Biodiversity Areas (KBAs) covered by protected areas (%),Percent,99.95832
2021,Average proportion of Freshwater Key Biodiversity Areas (KBAs) covered by protected areas (%),Percent,99.95832
2022,Average proportion of Freshwater Key Biodiversity Areas (KBAs) covered by protected areas (%),Percent,99.95832
2000,Average proportion of Terrestrial Key Biodiversity Areas (KBAs) covered by protected areas (%),Percent,10.6905
2001,Average proportion of Terrestrial Key Biodiversity Areas (KBAs) covered by protected areas (%),Percent,10.6905
2002,Average proportion of Terrestrial Key Biodiversity Areas (KBAs) covered by protected areas (%),Percent,10.6905
2003,Average proportion of Terrestrial Key Biodiversity Areas (KBAs) covered by protected areas (%),Percent,10.6905
2004,Average proportion of Terrestrial Key Biodiversity Areas (KBAs) covered by protected areas (%),Percent,10.6905
2005,Average proportion of Terrestrial Key Biodiversity Areas (KBAs) covered by protected areas (%),Percent,10.6905
2006,Average proportion of Terrestrial Key Biodiversity Areas (KBAs) covered by protected areas (%),Percent,10.6905
2007,Average proportion of Terrestrial Key Biodiversity Areas (KBAs) covered by protected areas (%),Percent,19.7814
2008,Average proportion of Terrestrial Key Biodiversity Areas (KBAs) covered by protected areas (%),Percent,28.8723
2009,Average proportion of Terrestrial Key Biodiversity Areas (KBAs) covered by protected areas (%),Percent,28.8723
2010,Average proportion of Terrestrial Key Biodiversity Areas (KBAs) covered by protected areas (%),Percent,28.8723
2011,Average proportion of Terrestrial Key Biodiversity Areas (KBAs) covered by protected areas (%),Percent,28.9924
2012,Average proportion of Terrestrial Key Biodiversity Areas (KBAs) covered by protected areas (%),Percent,28.9924
2013,Average proportion of Terrestrial Key Biodiversity Areas (KBAs) covered by protected areas (%),Percent,28.9924
2014,Average proportion of Terrestrial Key Biodiversity Areas (KBAs) covered by protected areas (%),Percent,28.9924
2015,Average proportion of Terrestrial Key Biodiversity Areas (KBAs) covered by protected areas (%),Percent,28.9924
2016,Average proportion of Terrestrial Key Biodiversity Areas (KBAs) covered by protected areas (%),Percent,28.9924
2017,Average proportion of Terrestrial Key Biodiversity Areas (KBAs) covered by protected areas (%),Percent,28.9924
2018,Average proportion of Terrestrial Key Biodiversity Areas (KBAs) covered by protected areas (%),Percent,28.9924
2019,Average proportion of Terrestrial Key Biodiversity Areas (KBAs) covered by protected areas (%),Percent,28.9924
2020,Average proportion of Terrestrial Key Biodiversity Areas (KBAs) covered by protected areas (%),Percent,37.1397
2021,Average proportion of Terrestrial Key Biodiversity Areas (KBAs) covered by protected areas (%),Percent,37.1397
2022,Average proportion of Terrestrial Key Biodiversity Areas (KBAs) covered by protected areas (%),Percent,37.1397
