Year,SERIES,UNIT_MEASURE,Value
2000,Above-ground biomass in forest per hectare (tonnes per hectare),HA_TH,156.36
2010,Above-ground biomass in forest per hectare (tonnes per hectare),HA_TH,156.36
2015,Above-ground biomass in forest per hectare (tonnes per hectare),HA_TH,156.36
2016,Above-ground biomass in forest per hectare (tonnes per hectare),HA_TH,156.36
2017,Above-ground biomass in forest per hectare (tonnes per hectare),HA_TH,156.36
2018,Above-ground biomass in forest per hectare (tonnes per hectare),HA_TH,156.36
2019,Above-ground biomass in forest per hectare (tonnes per hectare),HA_TH,156.36
2020,Above-ground biomass in forest per hectare (tonnes per hectare),HA_TH,156.36
2010,Forest area net change rate (%),PT,-0.0427
2020,Forest area net change rate (%),PT,0.3982
2000,Forest area certified under an independently verified certification scheme (hectares),HA_TH,0.0
2005,Forest area certified under an independently verified certification scheme (hectares),HA_TH,0.0
2010,Forest area certified under an independently verified certification scheme (hectares),HA_TH,108.692
2015,Forest area certified under an independently verified certification scheme (hectares),HA_TH,1496.115
2016,Forest area certified under an independently verified certification scheme (hectares),HA_TH,1495.526
2017,Forest area certified under an independently verified certification scheme (hectares),HA_TH,1532.625
2018,Forest area certified under an independently verified certification scheme (hectares),HA_TH,1654.459
2019,Forest area certified under an independently verified certification scheme (hectares),HA_TH,1768.071
2020,Forest area certified under an independently verified certification scheme (hectares),HA_TH,1888.803
2021,Forest area certified under an independently verified certification scheme (hectares),HA_TH,2008.714
