Year,SERIES,UNIT_MEASURE,Sex,Value
2000,"Number of victims of intentional homicide per 100,000 population","Per 100,000 population",Both sexes or no breakdown by sex,2.64
2001,"Number of victims of intentional homicide per 100,000 population","Per 100,000 population",Both sexes or no breakdown by sex,2.18
2002,"Number of victims of intentional homicide per 100,000 population","Per 100,000 population",Both sexes or no breakdown by sex,2.39
2004,"Number of victims of intentional homicide per 100,000 population","Per 100,000 population",Both sexes or no breakdown by sex,1.81
2007,"Number of victims of intentional homicide per 100,000 population","Per 100,000 population",Both sexes or no breakdown by sex,1.65
2008,"Number of victims of intentional homicide per 100,000 population","Per 100,000 population",Both sexes or no breakdown by sex,1.67
2009,"Number of victims of intentional homicide per 100,000 population","Per 100,000 population",Both sexes or no breakdown by sex,1.83
2010,"Number of victims of intentional homicide per 100,000 population","Per 100,000 population",Both sexes or no breakdown by sex,1.47
2011,"Number of victims of intentional homicide per 100,000 population","Per 100,000 population",Both sexes or no breakdown by sex,1.36
2012,"Number of victims of intentional homicide per 100,000 population","Per 100,000 population",Both sexes or no breakdown by sex,1.71
2013,"Number of victims of intentional homicide per 100,000 population","Per 100,000 population",Both sexes or no breakdown by sex,1.27
2014,"Number of victims of intentional homicide per 100,000 population","Per 100,000 population",Both sexes or no breakdown by sex,1.4
2015,"Number of victims of intentional homicide per 100,000 population","Per 100,000 population",Both sexes or no breakdown by sex,1.62
2016,"Number of victims of intentional homicide per 100,000 population","Per 100,000 population",Both sexes or no breakdown by sex,1.29
2017,"Number of victims of intentional homicide per 100,000 population","Per 100,000 population",Both sexes or no breakdown by sex,1.22
2018,"Number of victims of intentional homicide per 100,000 population","Per 100,000 population",Both sexes or no breakdown by sex,1.15
2019,"Number of victims of intentional homicide per 100,000 population","Per 100,000 population",Both sexes or no breakdown by sex,1.25
2020,"Number of victims of intentional homicide per 100,000 population","Per 100,000 population",Both sexes or no breakdown by sex,1.31
2021,"Number of victims of intentional homicide per 100,000 population","Per 100,000 population",Both sexes or no breakdown by sex,0.98
2000,"Number of victims of intentional homicide per 100,000 population","Per 100,000 population",Female,1.05
2001,"Number of victims of intentional homicide per 100,000 population","Per 100,000 population",Female,1.52
2002,"Number of victims of intentional homicide per 100,000 population","Per 100,000 population",Female,1.31
2009,"Number of victims of intentional homicide per 100,000 population","Per 100,000 population",Female,0.76
2010,"Number of victims of intentional homicide per 100,000 population","Per 100,000 population",Female,0.51
2011,"Number of victims of intentional homicide per 100,000 population","Per 100,000 population",Female,0.83
2012,"Number of victims of intentional homicide per 100,000 population","Per 100,000 population",Female,1.28
2013,"Number of victims of intentional homicide per 100,000 population","Per 100,000 population",Female,0.76
2014,"Number of victims of intentional homicide per 100,000 population","Per 100,000 population",Female,0.6
2015,"Number of victims of intentional homicide per 100,000 population","Per 100,000 population",Female,1.0
2016,"Number of victims of intentional homicide per 100,000 population","Per 100,000 population",Female,0.85
2017,"Number of victims of intentional homicide per 100,000 population","Per 100,000 population",Female,0.57
2018,"Number of victims of intentional homicide per 100,000 population","Per 100,000 population",Female,0.46
2019,"Number of victims of intentional homicide per 100,000 population","Per 100,000 population",Female,0.59
2020,"Number of victims of intentional homicide per 100,000 population","Per 100,000 population",Female,0.3
2021,"Number of victims of intentional homicide per 100,000 population","Per 100,000 population",Female,0.42
2000,"Number of victims of intentional homicide per 100,000 population","Per 100,000 population",Male,4.29
2001,"Number of victims of intentional homicide per 100,000 population","Per 100,000 population",Male,2.87
2002,"Number of victims of intentional homicide per 100,000 population","Per 100,000 population",Male,3.52
2009,"Number of victims of intentional homicide per 100,000 population","Per 100,000 population",Male,2.96
2010,"Number of victims of intentional homicide per 100,000 population","Per 100,000 population",Male,2.47
2011,"Number of victims of intentional homicide per 100,000 population","Per 100,000 population",Male,1.92
2012,"Number of victims of intentional homicide per 100,000 population","Per 100,000 population",Male,1.81
2013,"Number of victims of intentional homicide per 100,000 population","Per 100,000 population",Male,1.84
2014,"Number of victims of intentional homicide per 100,000 population","Per 100,000 population",Male,2.23
2015,"Number of victims of intentional homicide per 100,000 population","Per 100,000 population",Male,2.26
2016,"Number of victims of intentional homicide per 100,000 population","Per 100,000 population",Male,1.76
2017,"Number of victims of intentional homicide per 100,000 population","Per 100,000 population",Male,1.9
2018,"Number of victims of intentional homicide per 100,000 population","Per 100,000 population",Male,1.86
2019,"Number of victims of intentional homicide per 100,000 population","Per 100,000 population",Male,1.94
2020,"Number of victims of intentional homicide per 100,000 population","Per 100,000 population",Male,2.33
2021,"Number of victims of intentional homicide per 100,000 population","Per 100,000 population",Male,1.55
2000,Number of victims of intentional homicide,Number,Both sexes or no breakdown by sex,99.0
2001,Number of victims of intentional homicide,Number,Both sexes or no breakdown by sex,82.0
2002,Number of victims of intentional homicide,Number,Both sexes or no breakdown by sex,90.0
2004,Number of victims of intentional homicide,Number,Both sexes or no breakdown by sex,68.0
2007,Number of victims of intentional homicide,Number,Both sexes or no breakdown by sex,66.0
2008,Number of victims of intentional homicide,Number,Both sexes or no breakdown by sex,66.0
2009,Number of victims of intentional homicide,Number,Both sexes or no breakdown by sex,71.0
2010,Number of victims of intentional homicide,Number,Both sexes or no breakdown by sex,56.0
2011,Number of victims of intentional homicide,Number,Both sexes or no breakdown by sex,51.0
2012,Number of victims of intentional homicide,Number,Both sexes or no breakdown by sex,63.0
2013,Number of victims of intentional homicide,Number,Both sexes or no breakdown by sex,46.0
2014,Number of victims of intentional homicide,Number,Both sexes or no breakdown by sex,50.0
2015,Number of victims of intentional homicide,Number,Both sexes or no breakdown by sex,57.0
2016,Number of victims of intentional homicide,Number,Both sexes or no breakdown by sex,45.0
2017,Number of victims of intentional homicide,Number,Both sexes or no breakdown by sex,42.0
2018,Number of victims of intentional homicide,Number,Both sexes or no breakdown by sex,39.0
2019,Number of victims of intentional homicide,Number,Both sexes or no breakdown by sex,42.0
2020,Number of victims of intentional homicide,Number,Both sexes or no breakdown by sex,43.0
2021,Number of victims of intentional homicide,Number,Both sexes or no breakdown by sex,32.0
2000,Number of victims of intentional homicide,Number,Female,20.0
2001,Number of victims of intentional homicide,Number,Female,29.0
2002,Number of victims of intentional homicide,Number,Female,25.0
2009,Number of victims of intentional homicide,Number,Female,15.0
2010,Number of victims of intentional homicide,Number,Female,10.0
2011,Number of victims of intentional homicide,Number,Female,16.0
2012,Number of victims of intentional homicide,Number,Female,24.0
2013,Number of victims of intentional homicide,Number,Female,14.0
2014,Number of victims of intentional homicide,Number,Female,11.0
2015,Number of victims of intentional homicide,Number,Female,18.0
2016,Number of victims of intentional homicide,Number,Female,15.0
2017,Number of victims of intentional homicide,Number,Female,10.0
2018,Number of victims of intentional homicide,Number,Female,8.0
2019,Number of victims of intentional homicide,Number,Female,10.0
2020,Number of victims of intentional homicide,Number,Female,5.0
2021,Number of victims of intentional homicide,Number,Female,7.0
2000,Number of victims of intentional homicide,Number,Male,79.0
2001,Number of victims of intentional homicide,Number,Male,53.0
2002,Number of victims of intentional homicide,Number,Male,65.0
2009,Number of victims of intentional homicide,Number,Male,56.0
2010,Number of victims of intentional homicide,Number,Male,46.0
2011,Number of victims of intentional homicide,Number,Male,35.0
2012,Number of victims of intentional homicide,Number,Male,39.0
2013,Number of victims of intentional homicide,Number,Male,32.0
2014,Number of victims of intentional homicide,Number,Male,39.0
2015,Number of victims of intentional homicide,Number,Male,39.0
2016,Number of victims of intentional homicide,Number,Male,30.0
2017,Number of victims of intentional homicide,Number,Male,32.0
2018,Number of victims of intentional homicide,Number,Male,31.0
2019,Number of victims of intentional homicide,Number,Male,32.0
2020,Number of victims of intentional homicide,Number,Male,38.0
2021,Number of victims of intentional homicide,Number,Male,25.0
