Year,SERIES,UNIT_MEASURE,Value
2007,Primary government expenditures as a proportion of original approved budget,PT,100.0
2008,Primary government expenditures as a proportion of original approved budget,PT,95.3839
2009,Primary government expenditures as a proportion of original approved budget,PT,124.2336
2010,Primary government expenditures as a proportion of original approved budget,PT,99.2534
2011,Primary government expenditures as a proportion of original approved budget,PT,96.806
2012,Primary government expenditures as a proportion of original approved budget,PT,98.1752
2013,Primary government expenditures as a proportion of original approved budget,PT,90.3773
2014,Primary government expenditures as a proportion of original approved budget,PT,95.3246
2015,Primary government expenditures as a proportion of original approved budget,PT,93.9036
2016,Primary government expenditures as a proportion of original approved budget,PT,88.0687
2017,Primary government expenditures as a proportion of original approved budget,PT,88.6438
2018,Primary government expenditures as a proportion of original approved budget,PT,80.9888
2019,Primary government expenditures as a proportion of original approved budget,PT,83.8316
2020,Primary government expenditures as a proportion of original approved budget,PT,95.475
2021,Primary government expenditures as a proportion of original approved budget,PT,103.0172
