Year,SERIES,UNIT_MEASURE,Sex,Age,OCCUPATION,Value
2020,Proportions of positions in the public service compared to national distributions (ratio),Ratio,Female, _T,ADMINPRO,0.99
2020,Proportions of positions in the public service compared to national distributions (ratio),Ratio,Female, _T,ASSOCPRO,0.91
2020,Proportions of positions in the public service compared to national distributions (ratio),Ratio,Female, _T,GENERAL,1.19
2020,Proportions of positions in the public service compared to national distributions (ratio),Ratio,Female, _T,OTHERMAN,0.8
2020,Proportions of positions in the public service compared to national distributions (ratio),Ratio,Female, _T,SENIORMAN,0.29
