Year,SERIES,UNIT_MEASURE,Sex,Age,OCCUPATION,Value
2020,Proportions of positions in the public service compared to national distributions (ratio),Ratio,Female,All age ranges or no breakdown by age,ADMINPRO,0.99
2020,Proportions of positions in the public service compared to national distributions (ratio),Ratio,Female,All age ranges or no breakdown by age,ASSOCPRO,0.91
2020,Proportions of positions in the public service compared to national distributions (ratio),Ratio,Female,All age ranges or no breakdown by age,GENERAL,1.19
2020,Proportions of positions in the public service compared to national distributions (ratio),Ratio,Female,All age ranges or no breakdown by age,OTHERMAN,0.8
2020,Proportions of positions in the public service compared to national distributions (ratio),Ratio,Female,All age ranges or no breakdown by age,SENIORMAN,0.29
