Year,SERIES,UNIT_MEASURE,Sex,Age,OCCUPATION,Value
2020,Proportions of positions in the public service compared to national distributions (ratio),Ratio,Female,,ADMINPRO,0.99
2020,Proportions of positions in the public service compared to national distributions (ratio),Ratio,Female,,ASSOCPRO,0.91
2020,Proportions of positions in the public service compared to national distributions (ratio),Ratio,Female,,GENERAL,1.19
2020,Proportions of positions in the public service compared to national distributions (ratio),Ratio,Female,,OTHERMAN,0.8
2020,Proportions of positions in the public service compared to national distributions (ratio),Ratio,Female,,SENIORMAN,0.29
