Year,SERIES,UNIT_MEASURE,COMPOSITE_BREAKDOWN,Value
2017,"Proportion of members of developing countries in international organizations, by organization",Percent,UN Economic and Social Council,1.85185
2000,"Proportion of members of developing countries in international organizations, by organization",Percent,International Bank for Reconstruction and Development,0.54945
2005,"Proportion of members of developing countries in international organizations, by organization",Percent,International Bank for Reconstruction and Development,0.54348
2010,"Proportion of members of developing countries in international organizations, by organization",Percent,International Bank for Reconstruction and Development,0.53476
2015,"Proportion of members of developing countries in international organizations, by organization",Percent,International Bank for Reconstruction and Development,0.53191
2016,"Proportion of members of developing countries in international organizations, by organization",Percent,International Bank for Reconstruction and Development,0.53191
2017,"Proportion of members of developing countries in international organizations, by organization",Percent,International Bank for Reconstruction and Development,0.5291
2018,"Proportion of members of developing countries in international organizations, by organization",Percent,International Bank for Reconstruction and Development,0.5291
2019,"Proportion of members of developing countries in international organizations, by organization",Percent,International Bank for Reconstruction and Development,0.5291
2020,"Proportion of members of developing countries in international organizations, by organization",Percent,International Bank for Reconstruction and Development,0.5291
2000,"Proportion of members of developing countries in international organizations, by organization",Percent,International Finance Corporation,0.57471
2005,"Proportion of members of developing countries in international organizations, by organization",Percent,International Finance Corporation,0.5618
2010,"Proportion of members of developing countries in international organizations, by organization",Percent,International Finance Corporation,0.54945
2015,"Proportion of members of developing countries in international organizations, by organization",Percent,International Finance Corporation,0.54348
2016,"Proportion of members of developing countries in international organizations, by organization",Percent,International Finance Corporation,0.54348
2017,"Proportion of members of developing countries in international organizations, by organization",Percent,International Finance Corporation,0.54348
2018,"Proportion of members of developing countries in international organizations, by organization",Percent,International Finance Corporation,0.54348
2019,"Proportion of members of developing countries in international organizations, by organization",Percent,International Finance Corporation,0.5435
2020,"Proportion of members of developing countries in international organizations, by organization",Percent,International Finance Corporation,0.54348
2000,"Proportion of members of developing countries in international organizations, by organization",Percent,International Monetary Fund,0.5618
2005,"Proportion of members of developing countries in international organizations, by organization",Percent,International Monetary Fund,0.55249
2010,"Proportion of members of developing countries in international organizations, by organization",Percent,International Monetary Fund,0.54945
2015,"Proportion of members of developing countries in international organizations, by organization",Percent,International Monetary Fund,0.53191
2016,"Proportion of members of developing countries in international organizations, by organization",Percent,International Monetary Fund,0.53191
2017,"Proportion of members of developing countries in international organizations, by organization",Percent,International Monetary Fund,0.5291
2018,"Proportion of members of developing countries in international organizations, by organization",Percent,International Monetary Fund,0.5291
2019,"Proportion of members of developing countries in international organizations, by organization",Percent,International Monetary Fund,0.5291
2020,"Proportion of members of developing countries in international organizations, by organization",Percent,International Monetary Fund,0.5291
2000,"Proportion of members of developing countries in international organizations, by organization",Percent,UN General Assembly,0.5291
2005,"Proportion of members of developing countries in international organizations, by organization",Percent,UN General Assembly,0.52356
2010,"Proportion of members of developing countries in international organizations, by organization",Percent,UN General Assembly,0.52083
2015,"Proportion of members of developing countries in international organizations, by organization",Percent,UN General Assembly,0.51813
2016,"Proportion of members of developing countries in international organizations, by organization",Percent,UN General Assembly,0.51813
2017,"Proportion of members of developing countries in international organizations, by organization",Percent,UN General Assembly,0.51813
2018,"Proportion of members of developing countries in international organizations, by organization",Percent,UN General Assembly,0.51813
2019,"Proportion of members of developing countries in international organizations, by organization",Percent,UN General Assembly,0.51813
2020,"Proportion of members of developing countries in international organizations, by organization",Percent,UN General Assembly,0.51813
2010,"Proportion of members of developing countries in international organizations, by organization",Percent,UN Security Council,6.66667
2017,"Proportion of voting rights of developing countries in international organizations, by organization",Percent,UN Economic and Social Council,1.8519
2000,"Proportion of voting rights of developing countries in international organizations, by organization",Percent,International Bank for Reconstruction and Development,0.0496
2005,"Proportion of voting rights of developing countries in international organizations, by organization",Percent,International Bank for Reconstruction and Development,0.0494
2010,"Proportion of voting rights of developing countries in international organizations, by organization",Percent,International Bank for Reconstruction and Development,0.0493
2015,"Proportion of voting rights of developing countries in international organizations, by organization",Percent,International Bank for Reconstruction and Development,0.0543
2016,"Proportion of voting rights of developing countries in international organizations, by organization",Percent,International Bank for Reconstruction and Development,0.05
2017,"Proportion of voting rights of developing countries in international organizations, by organization",Percent,International Bank for Reconstruction and Development,0.057
2018,"Proportion of voting rights of developing countries in international organizations, by organization",Percent,International Bank for Reconstruction and Development,0.0637
2019,"Proportion of voting rights of developing countries in international organizations, by organization",Percent,International Bank for Reconstruction and Development,0.063
2020,"Proportion of voting rights of developing countries in international organizations, by organization",Percent,International Bank for Reconstruction and Development,0.06207
2000,"Proportion of voting rights of developing countries in international organizations, by organization",Percent,International Finance Corporation,0.0362
2005,"Proportion of voting rights of developing countries in international organizations, by organization",Percent,International Finance Corporation,0.0361
2010,"Proportion of voting rights of developing countries in international organizations, by organization",Percent,International Finance Corporation,0.036
2015,"Proportion of voting rights of developing countries in international organizations, by organization",Percent,International Finance Corporation,0.0531
2016,"Proportion of voting rights of developing countries in international organizations, by organization",Percent,International Finance Corporation,0.0531
2017,"Proportion of voting rights of developing countries in international organizations, by organization",Percent,International Finance Corporation,0.0531
2018,"Proportion of voting rights of developing countries in international organizations, by organization",Percent,International Finance Corporation,0.053
2019,"Proportion of voting rights of developing countries in international organizations, by organization",Percent,International Finance Corporation,0.0525
2020,"Proportion of voting rights of developing countries in international organizations, by organization",Percent,International Finance Corporation,0.0528299
2000,"Proportion of voting rights of developing countries in international organizations, by organization",Percent,International Monetary Fund,0.0907
2005,"Proportion of voting rights of developing countries in international organizations, by organization",Percent,International Monetary Fund,0.0892
2010,"Proportion of voting rights of developing countries in international organizations, by organization",Percent,International Monetary Fund,0.0877
2015,"Proportion of voting rights of developing countries in international organizations, by organization",Percent,International Monetary Fund,0.0964
2016,"Proportion of voting rights of developing countries in international organizations, by organization",Percent,International Monetary Fund,0.063
2017,"Proportion of voting rights of developing countries in international organizations, by organization",Percent,International Monetary Fund,0.0818
2018,"Proportion of voting rights of developing countries in international organizations, by organization",Percent,International Monetary Fund,0.0818
2019,"Proportion of voting rights of developing countries in international organizations, by organization",Percent,International Monetary Fund,0.08182
2020,"Proportion of voting rights of developing countries in international organizations, by organization",Percent,International Monetary Fund,0.0818
2000,"Proportion of voting rights of developing countries in international organizations, by organization",Percent,UN General Assembly,0.5291
2005,"Proportion of voting rights of developing countries in international organizations, by organization",Percent,UN General Assembly,0.5236
2010,"Proportion of voting rights of developing countries in international organizations, by organization",Percent,UN General Assembly,0.5208
2015,"Proportion of voting rights of developing countries in international organizations, by organization",Percent,UN General Assembly,0.5181
2016,"Proportion of voting rights of developing countries in international organizations, by organization",Percent,UN General Assembly,0.5181
2017,"Proportion of voting rights of developing countries in international organizations, by organization",Percent,UN General Assembly,0.5181
2018,"Proportion of voting rights of developing countries in international organizations, by organization",Percent,UN General Assembly,0.5181
2019,"Proportion of voting rights of developing countries in international organizations, by organization",Percent,UN General Assembly,0.5181
2020,"Proportion of voting rights of developing countries in international organizations, by organization",Percent,UN General Assembly,0.5181
2010,"Proportion of voting rights of developing countries in international organizations, by organization",Percent,UN Security Council,6.66667
