Year,SERIES,UNIT_MEASURE,COMPOSITE_BREAKDOWN,Value
2016,"Proportion of members of developing countries in international organizations, by organization",Percent,International Bank for Reconstruction and Development,0.53191
2017,"Proportion of members of developing countries in international organizations, by organization",Percent,International Bank for Reconstruction and Development,0.5291
2018,"Proportion of members of developing countries in international organizations, by organization",Percent,International Bank for Reconstruction and Development,0.5291
2019,"Proportion of members of developing countries in international organizations, by organization",Percent,International Bank for Reconstruction and Development,0.5291
2020,"Proportion of members of developing countries in international organizations, by organization",Percent,International Bank for Reconstruction and Development,0.5291
2016,"Proportion of members of developing countries in international organizations, by organization",Percent,International Finance Corporation,0.54348
2017,"Proportion of members of developing countries in international organizations, by organization",Percent,International Finance Corporation,0.54348
2018,"Proportion of members of developing countries in international organizations, by organization",Percent,International Finance Corporation,0.54348
2019,"Proportion of members of developing countries in international organizations, by organization",Percent,International Finance Corporation,0.5435
2020,"Proportion of members of developing countries in international organizations, by organization",Percent,International Finance Corporation,0.54054
2016,"Proportion of members of developing countries in international organizations, by organization",Percent,International Monetary Fund,0.53191
2017,"Proportion of members of developing countries in international organizations, by organization",Percent,International Monetary Fund,0.5291
2018,"Proportion of members of developing countries in international organizations, by organization",Percent,International Monetary Fund,0.5291
2019,"Proportion of members of developing countries in international organizations, by organization",Percent,International Monetary Fund,0.5291
2020,"Proportion of members of developing countries in international organizations, by organization",Percent,International Monetary Fund,0.5291
2016,"Proportion of members of developing countries in international organizations, by organization",Percent,UN General Assembly,0.51813
2017,"Proportion of members of developing countries in international organizations, by organization",Percent,UN General Assembly,0.51813
2018,"Proportion of members of developing countries in international organizations, by organization",Percent,UN General Assembly,0.51813
2019,"Proportion of members of developing countries in international organizations, by organization",Percent,UN General Assembly,0.51813
2020,"Proportion of members of developing countries in international organizations, by organization",Percent,UN General Assembly,0.51813
2010,"Proportion of members of developing countries in international organizations, by organization",Percent,UN Security Council,
2016,"Proportion of voting rights of developing countries in international organizations, by organization",Percent,International Bank for Reconstruction and Development,0.05
2017,"Proportion of voting rights of developing countries in international organizations, by organization",Percent,International Bank for Reconstruction and Development,0.057
2018,"Proportion of voting rights of developing countries in international organizations, by organization",Percent,International Bank for Reconstruction and Development,0.0637
2019,"Proportion of voting rights of developing countries in international organizations, by organization",Percent,International Bank for Reconstruction and Development,0.063
2020,"Proportion of voting rights of developing countries in international organizations, by organization",Percent,International Bank for Reconstruction and Development,0.0621
2016,"Proportion of voting rights of developing countries in international organizations, by organization",Percent,International Finance Corporation,0.0531
2017,"Proportion of voting rights of developing countries in international organizations, by organization",Percent,International Finance Corporation,0.0531
2018,"Proportion of voting rights of developing countries in international organizations, by organization",Percent,International Finance Corporation,0.053
2019,"Proportion of voting rights of developing countries in international organizations, by organization",Percent,International Finance Corporation,0.0525
2020,"Proportion of voting rights of developing countries in international organizations, by organization",Percent,International Finance Corporation,0.0528
2016,"Proportion of voting rights of developing countries in international organizations, by organization",Percent,International Monetary Fund,0.063
2017,"Proportion of voting rights of developing countries in international organizations, by organization",Percent,International Monetary Fund,0.0818
2018,"Proportion of voting rights of developing countries in international organizations, by organization",Percent,International Monetary Fund,0.0818
2019,"Proportion of voting rights of developing countries in international organizations, by organization",Percent,International Monetary Fund,0.0818
2020,"Proportion of voting rights of developing countries in international organizations, by organization",Percent,International Monetary Fund,0.0818
2016,"Proportion of voting rights of developing countries in international organizations, by organization",Percent,UN General Assembly,0.5181
2017,"Proportion of voting rights of developing countries in international organizations, by organization",Percent,UN General Assembly,0.5181
2018,"Proportion of voting rights of developing countries in international organizations, by organization",Percent,UN General Assembly,0.5181
2019,"Proportion of voting rights of developing countries in international organizations, by organization",Percent,UN General Assembly,0.5181
2020,"Proportion of voting rights of developing countries in international organizations, by organization",Percent,UN General Assembly,0.5181
2010,"Proportion of voting rights of developing countries in international organizations, by organization",Percent,UN Security Council,
