Year,SERIES,UNIT_MEASURE,Value
2005,"Countries with National Human Rights Institutions in compliance with the Paris Principles, A status (1 = YES; 0 = NO)",NUMBER,1.0
2010,"Countries with National Human Rights Institutions in compliance with the Paris Principles, A status (1 = YES; 0 = NO)",NUMBER,1.0
2015,"Countries with National Human Rights Institutions in compliance with the Paris Principles, A status (1 = YES; 0 = NO)",NUMBER,1.0
2016,"Countries with National Human Rights Institutions in compliance with the Paris Principles, A status (1 = YES; 0 = NO)",NUMBER,1.0
2017,"Countries with National Human Rights Institutions in compliance with the Paris Principles, A status (1 = YES; 0 = NO)",NUMBER,1.0
2018,"Countries with National Human Rights Institutions in compliance with the Paris Principles, A status (1 = YES; 0 = NO)",NUMBER,1.0
2019,"Countries with National Human Rights Institutions in compliance with the Paris Principles, A status (1 = YES; 0 = NO)",NUMBER,1.0
2020,"Countries with National Human Rights Institutions in compliance with the Paris Principles, A status (1 = YES; 0 = NO)",NUMBER,1.0
2021,"Countries with National Human Rights Institutions in compliance with the Paris Principles, A status (1 = YES; 0 = NO)",NUMBER,1.0
2000,"Countries with no application for accreditation with the Paris Principles, D status  (1 = YES; 0 = NO)",NUMBER,
