Year,SERIES,UNIT_MEASURE,Value
2018,Extent of use of country-owned results frameworks and planning tools by providers of development cooperation - data by recipient (%),PT,33.8574563463529
2018,Proportion of new development interventions drawn from country-led result frameworks - data by recipient (%),PT,53.4246563911437
2018,Proportion of results indicators drawn from country-led results frameworks - data by recipient (%),PT,22.8977277874946
2018,Proportion of results indicators which will be monitored using government sources and monitoring systems - data by recipient (%),PT,25.2499848604202
