Year,SERIES,UNIT_MEASURE,Type of product,Value
2005,"Worldwide weighted tariff-average, most-favoured-nation status, by type of product (%)",Percent,Agriculture products,15.79221
2010,"Worldwide weighted tariff-average, most-favoured-nation status, by type of product (%)",Percent,Agriculture products,16.30277
2015,"Worldwide weighted tariff-average, most-favoured-nation status, by type of product (%)",Percent,Agriculture products,15.82199
2016,"Worldwide weighted tariff-average, most-favoured-nation status, by type of product (%)",Percent,Agriculture products,15.3037
2017,"Worldwide weighted tariff-average, most-favoured-nation status, by type of product (%)",Percent,Agriculture products,15.00477
2018,"Worldwide weighted tariff-average, most-favoured-nation status, by type of product (%)",Percent,Agriculture products,15.10976
2019,"Worldwide weighted tariff-average, most-favoured-nation status, by type of product (%)",Percent,Agriculture products,16.01302
2020,"Worldwide weighted tariff-average, most-favoured-nation status, by type of product (%)",Percent,Agriculture products,15.70981
2021,"Worldwide weighted tariff-average, most-favoured-nation status, by type of product (%)",Percent,Agriculture products,16.51239
2005,"Worldwide weighted tariff-average, most-favoured-nation status, by type of product (%)",Percent,_T,7.91315
2010,"Worldwide weighted tariff-average, most-favoured-nation status, by type of product (%)",Percent,_T,7.54494
2015,"Worldwide weighted tariff-average, most-favoured-nation status, by type of product (%)",Percent,_T,7.88609
2016,"Worldwide weighted tariff-average, most-favoured-nation status, by type of product (%)",Percent,_T,7.67387
2017,"Worldwide weighted tariff-average, most-favoured-nation status, by type of product (%)",Percent,_T,7.75035
2018,"Worldwide weighted tariff-average, most-favoured-nation status, by type of product (%)",Percent,_T,8.00909
2019,"Worldwide weighted tariff-average, most-favoured-nation status, by type of product (%)",Percent,_T,7.73552
2020,"Worldwide weighted tariff-average, most-favoured-nation status, by type of product (%)",Percent,_T,8.41333
2021,"Worldwide weighted tariff-average, most-favoured-nation status, by type of product (%)",Percent,_T,7.97562
2005,"Worldwide weighted tariff-average, most-favoured-nation status, by type of product (%)",Percent,Arms,14.28337
2019,"Worldwide weighted tariff-average, most-favoured-nation status, by type of product (%)",Percent,Arms,9.8403
2020,"Worldwide weighted tariff-average, most-favoured-nation status, by type of product (%)",Percent,Arms,11.63443
2021,"Worldwide weighted tariff-average, most-favoured-nation status, by type of product (%)",Percent,Arms,11.76048
2005,"Worldwide weighted tariff-average, most-favoured-nation status, by type of product (%)",Percent,Clothing,15.0
2010,"Worldwide weighted tariff-average, most-favoured-nation status, by type of product (%)",Percent,Clothing,15.0
2015,"Worldwide weighted tariff-average, most-favoured-nation status, by type of product (%)",Percent,Clothing,15.0
2016,"Worldwide weighted tariff-average, most-favoured-nation status, by type of product (%)",Percent,Clothing,15.0
2017,"Worldwide weighted tariff-average, most-favoured-nation status, by type of product (%)",Percent,Clothing,15.0
2018,"Worldwide weighted tariff-average, most-favoured-nation status, by type of product (%)",Percent,Clothing,15.0
2019,"Worldwide weighted tariff-average, most-favoured-nation status, by type of product (%)",Percent,Clothing,15.0
2020,"Worldwide weighted tariff-average, most-favoured-nation status, by type of product (%)",Percent,Clothing,15.0
2021,"Worldwide weighted tariff-average, most-favoured-nation status, by type of product (%)",Percent,Clothing,15.0
2005,"Worldwide weighted tariff-average, most-favoured-nation status, by type of product (%)",Percent,Industrial products,6.0594
2010,"Worldwide weighted tariff-average, most-favoured-nation status, by type of product (%)",Percent,Industrial products,5.6095
2015,"Worldwide weighted tariff-average, most-favoured-nation status, by type of product (%)",Percent,Industrial products,5.9615
2016,"Worldwide weighted tariff-average, most-favoured-nation status, by type of product (%)",Percent,Industrial products,5.7965
2017,"Worldwide weighted tariff-average, most-favoured-nation status, by type of product (%)",Percent,Industrial products,6.0263
2018,"Worldwide weighted tariff-average, most-favoured-nation status, by type of product (%)",Percent,Industrial products,6.027
2019,"Worldwide weighted tariff-average, most-favoured-nation status, by type of product (%)",Percent,Industrial products,5.641
2020,"Worldwide weighted tariff-average, most-favoured-nation status, by type of product (%)",Percent,Industrial products,6.3567
2021,"Worldwide weighted tariff-average, most-favoured-nation status, by type of product (%)",Percent,Industrial products,5.8073
2005,"Worldwide weighted tariff-average, most-favoured-nation status, by type of product (%)",Percent,Oil,0.0
2010,"Worldwide weighted tariff-average, most-favoured-nation status, by type of product (%)",Percent,Oil,0.0
2015,"Worldwide weighted tariff-average, most-favoured-nation status, by type of product (%)",Percent,Oil,0.0
2016,"Worldwide weighted tariff-average, most-favoured-nation status, by type of product (%)",Percent,Oil,0.0
2017,"Worldwide weighted tariff-average, most-favoured-nation status, by type of product (%)",Percent,Oil,0.0
2018,"Worldwide weighted tariff-average, most-favoured-nation status, by type of product (%)",Percent,Oil,0.0
2019,"Worldwide weighted tariff-average, most-favoured-nation status, by type of product (%)",Percent,Oil,0.0
2020,"Worldwide weighted tariff-average, most-favoured-nation status, by type of product (%)",Percent,Oil,0.0
2021,"Worldwide weighted tariff-average, most-favoured-nation status, by type of product (%)",Percent,Oil,0.0
2005,"Worldwide weighted tariff-average, most-favoured-nation status, by type of product (%)",Percent,Textiles,10.1987
2010,"Worldwide weighted tariff-average, most-favoured-nation status, by type of product (%)",Percent,Textiles,9.5043
2015,"Worldwide weighted tariff-average, most-favoured-nation status, by type of product (%)",Percent,Textiles,9.2258
2016,"Worldwide weighted tariff-average, most-favoured-nation status, by type of product (%)",Percent,Textiles,9.217
2017,"Worldwide weighted tariff-average, most-favoured-nation status, by type of product (%)",Percent,Textiles,9.2486
2018,"Worldwide weighted tariff-average, most-favoured-nation status, by type of product (%)",Percent,Textiles,9.2486
2019,"Worldwide weighted tariff-average, most-favoured-nation status, by type of product (%)",Percent,Textiles,9.5292
2020,"Worldwide weighted tariff-average, most-favoured-nation status, by type of product (%)",Percent,Textiles,9.5745
2021,"Worldwide weighted tariff-average, most-favoured-nation status, by type of product (%)",Percent,Textiles,9.6882
2005,"Worldwide weighted tariff-average, preferential status, by type of product (%)",Percent,Agriculture products,6.0797
2010,"Worldwide weighted tariff-average, preferential status, by type of product (%)",Percent,Agriculture products,3.4821
2015,"Worldwide weighted tariff-average, preferential status, by type of product (%)",Percent,Agriculture products,2.1827
2016,"Worldwide weighted tariff-average, preferential status, by type of product (%)",Percent,Agriculture products,2.1422
2017,"Worldwide weighted tariff-average, preferential status, by type of product (%)",Percent,Agriculture products,2.3214
2018,"Worldwide weighted tariff-average, preferential status, by type of product (%)",Percent,Agriculture products,2.4105
2019,"Worldwide weighted tariff-average, preferential status, by type of product (%)",Percent,Agriculture products,2.2068
2020,"Worldwide weighted tariff-average, preferential status, by type of product (%)",Percent,Agriculture products,2.1796
2021,"Worldwide weighted tariff-average, preferential status, by type of product (%)",Percent,Agriculture products,2.2691
2005,"Worldwide weighted tariff-average, preferential status, by type of product (%)",Percent,_T,2.3314
2010,"Worldwide weighted tariff-average, preferential status, by type of product (%)",Percent,_T,1.7838
2015,"Worldwide weighted tariff-average, preferential status, by type of product (%)",Percent,_T,1.323
2016,"Worldwide weighted tariff-average, preferential status, by type of product (%)",Percent,_T,1.3079
2017,"Worldwide weighted tariff-average, preferential status, by type of product (%)",Percent,_T,1.3212
2018,"Worldwide weighted tariff-average, preferential status, by type of product (%)",Percent,_T,1.3784
2019,"Worldwide weighted tariff-average, preferential status, by type of product (%)",Percent,_T,1.4047
2020,"Worldwide weighted tariff-average, preferential status, by type of product (%)",Percent,_T,1.4634
2021,"Worldwide weighted tariff-average, preferential status, by type of product (%)",Percent,_T,1.7175
2005,"Worldwide weighted tariff-average, preferential status, by type of product (%)",Percent,Arms,4.9468
2019,"Worldwide weighted tariff-average, preferential status, by type of product (%)",Percent,Arms,0.6097
2020,"Worldwide weighted tariff-average, preferential status, by type of product (%)",Percent,Arms,1.7941
2021,"Worldwide weighted tariff-average, preferential status, by type of product (%)",Percent,Arms,2.0527
2005,"Worldwide weighted tariff-average, preferential status, by type of product (%)",Percent,Clothing,6.7385
2010,"Worldwide weighted tariff-average, preferential status, by type of product (%)",Percent,Clothing,7.945
2015,"Worldwide weighted tariff-average, preferential status, by type of product (%)",Percent,Clothing,6.9181
2016,"Worldwide weighted tariff-average, preferential status, by type of product (%)",Percent,Clothing,6.9181
2017,"Worldwide weighted tariff-average, preferential status, by type of product (%)",Percent,Clothing,7.0286
2018,"Worldwide weighted tariff-average, preferential status, by type of product (%)",Percent,Clothing,7.0286
2019,"Worldwide weighted tariff-average, preferential status, by type of product (%)",Percent,Clothing,6.4306
2020,"Worldwide weighted tariff-average, preferential status, by type of product (%)",Percent,Clothing,5.9718
2021,"Worldwide weighted tariff-average, preferential status, by type of product (%)",Percent,Clothing,7.0816
2005,"Worldwide weighted tariff-average, preferential status, by type of product (%)",Percent,Industrial products,1.4504
2010,"Worldwide weighted tariff-average, preferential status, by type of product (%)",Percent,Industrial products,1.2943
2015,"Worldwide weighted tariff-average, preferential status, by type of product (%)",Percent,Industrial products,0.9845
2016,"Worldwide weighted tariff-average, preferential status, by type of product (%)",Percent,Industrial products,0.9755
2017,"Worldwide weighted tariff-average, preferential status, by type of product (%)",Percent,Industrial products,0.9357
2018,"Worldwide weighted tariff-average, preferential status, by type of product (%)",Percent,Industrial products,0.9357
2019,"Worldwide weighted tariff-average, preferential status, by type of product (%)",Percent,Industrial products,1.0344
2020,"Worldwide weighted tariff-average, preferential status, by type of product (%)",Percent,Industrial products,1.0781
2021,"Worldwide weighted tariff-average, preferential status, by type of product (%)",Percent,Industrial products,1.3546
2005,"Worldwide weighted tariff-average, preferential status, by type of product (%)",Percent,Oil,0.0
2010,"Worldwide weighted tariff-average, preferential status, by type of product (%)",Percent,Oil,0.0
2015,"Worldwide weighted tariff-average, preferential status, by type of product (%)",Percent,Oil,0.0
2016,"Worldwide weighted tariff-average, preferential status, by type of product (%)",Percent,Oil,0.0
2017,"Worldwide weighted tariff-average, preferential status, by type of product (%)",Percent,Oil,0.0
2018,"Worldwide weighted tariff-average, preferential status, by type of product (%)",Percent,Oil,0.0
2019,"Worldwide weighted tariff-average, preferential status, by type of product (%)",Percent,Oil,0.0
2020,"Worldwide weighted tariff-average, preferential status, by type of product (%)",Percent,Oil,0.0
2021,"Worldwide weighted tariff-average, preferential status, by type of product (%)",Percent,Oil,0.0
2005,"Worldwide weighted tariff-average, preferential status, by type of product (%)",Percent,Textiles,2.4615
2010,"Worldwide weighted tariff-average, preferential status, by type of product (%)",Percent,Textiles,2.5779
2015,"Worldwide weighted tariff-average, preferential status, by type of product (%)",Percent,Textiles,1.7332
2016,"Worldwide weighted tariff-average, preferential status, by type of product (%)",Percent,Textiles,1.7074
2017,"Worldwide weighted tariff-average, preferential status, by type of product (%)",Percent,Textiles,1.7783
2018,"Worldwide weighted tariff-average, preferential status, by type of product (%)",Percent,Textiles,1.7783
2019,"Worldwide weighted tariff-average, preferential status, by type of product (%)",Percent,Textiles,2.0361
2020,"Worldwide weighted tariff-average, preferential status, by type of product (%)",Percent,Textiles,2.2915
2021,"Worldwide weighted tariff-average, preferential status, by type of product (%)",Percent,Textiles,2.9717
