Year,SERIES,UNIT_MEASURE,Type of product,Value
2000,"Average tariff applied by developed countries, preferential status, by type of product (%)",Percent,Agriculture products,7.58327
2005,"Average tariff applied by developed countries, preferential status, by type of product (%)",Percent,Agriculture products,3.75971
2010,"Average tariff applied by developed countries, preferential status, by type of product (%)",Percent,Agriculture products,3.66338
2011,"Average tariff applied by developed countries, preferential status, by type of product (%)",Percent,Agriculture products,3.6789
2012,"Average tariff applied by developed countries, preferential status, by type of product (%)",Percent,Agriculture products,3.58165
2013,"Average tariff applied by developed countries, preferential status, by type of product (%)",Percent,Agriculture products,3.59409
2014,"Average tariff applied by developed countries, preferential status, by type of product (%)",Percent,Agriculture products,3.5962
2015,"Average tariff applied by developed countries, preferential status, by type of product (%)",Percent,Agriculture products,3.57186
2016,"Average tariff applied by developed countries, preferential status, by type of product (%)",Percent,Agriculture products,3.66464
2017,"Average tariff applied by developed countries, preferential status, by type of product (%)",Percent,Agriculture products,3.4999
2018,"Average tariff applied by developed countries, preferential status, by type of product (%)",Percent,Agriculture products,3.50998
2019,"Average tariff applied by developed countries, preferential status, by type of product (%)",Percent,Agriculture products,3.78051
2020,"Average tariff applied by developed countries, preferential status, by type of product (%)",Percent,Agriculture products,3.80186
2021,"Average tariff applied by developed countries, preferential status, by type of product (%)",Percent,Agriculture products,3.7802
2000,"Average tariff applied by developed countries, preferential status, by type of product (%)",Percent,No breakdown,2.58553
2005,"Average tariff applied by developed countries, preferential status, by type of product (%)",Percent,No breakdown,1.71702
2010,"Average tariff applied by developed countries, preferential status, by type of product (%)",Percent,No breakdown,1.40029
2011,"Average tariff applied by developed countries, preferential status, by type of product (%)",Percent,No breakdown,1.43398
2012,"Average tariff applied by developed countries, preferential status, by type of product (%)",Percent,No breakdown,1.59527
2013,"Average tariff applied by developed countries, preferential status, by type of product (%)",Percent,No breakdown,1.44312
2014,"Average tariff applied by developed countries, preferential status, by type of product (%)",Percent,No breakdown,1.60359
2015,"Average tariff applied by developed countries, preferential status, by type of product (%)",Percent,No breakdown,1.42527
2016,"Average tariff applied by developed countries, preferential status, by type of product (%)",Percent,No breakdown,1.46392
2017,"Average tariff applied by developed countries, preferential status, by type of product (%)",Percent,No breakdown,1.61584
2018,"Average tariff applied by developed countries, preferential status, by type of product (%)",Percent,No breakdown,1.47558
2019,"Average tariff applied by developed countries, preferential status, by type of product (%)",Percent,No breakdown,1.44463
2020,"Average tariff applied by developed countries, preferential status, by type of product (%)",Percent,No breakdown,1.44555
2020,"Average tariff applied by developed countries, preferential status, by type of product (%)",Percent,No breakdown,1.44555
2000,"Average tariff applied by developed countries, preferential status, by type of product (%)",Percent,Arms,1.80511
2005,"Average tariff applied by developed countries, preferential status, by type of product (%)",Percent,Arms,0.31856
2010,"Average tariff applied by developed countries, preferential status, by type of product (%)",Percent,Arms,0.31812
2011,"Average tariff applied by developed countries, preferential status, by type of product (%)",Percent,Arms,0.31825
2012,"Average tariff applied by developed countries, preferential status, by type of product (%)",Percent,Arms,0.316
2013,"Average tariff applied by developed countries, preferential status, by type of product (%)",Percent,Arms,0.316
2014,"Average tariff applied by developed countries, preferential status, by type of product (%)",Percent,Arms,0.316
2015,"Average tariff applied by developed countries, preferential status, by type of product (%)",Percent,Arms,0.316
2016,"Average tariff applied by developed countries, preferential status, by type of product (%)",Percent,Arms,0.7555
2017,"Average tariff applied by developed countries, preferential status, by type of product (%)",Percent,Arms,0.7555
2018,"Average tariff applied by developed countries, preferential status, by type of product (%)",Percent,Arms,0.7555
2019,"Average tariff applied by developed countries, preferential status, by type of product (%)",Percent,Arms,0.7555
2020,"Average tariff applied by developed countries, preferential status, by type of product (%)",Percent,Arms,0.7555
2021,"Average tariff applied by developed countries, preferential status, by type of product (%)",Percent,Arms,0.7555
2000,"Average tariff applied by developed countries, preferential status, by type of product (%)",Percent,Clothing,12.35432
2005,"Average tariff applied by developed countries, preferential status, by type of product (%)",Percent,Clothing,8.19231
2010,"Average tariff applied by developed countries, preferential status, by type of product (%)",Percent,Clothing,8.26443
2011,"Average tariff applied by developed countries, preferential status, by type of product (%)",Percent,Clothing,8.26605
2012,"Average tariff applied by developed countries, preferential status, by type of product (%)",Percent,Clothing,8.26036
2013,"Average tariff applied by developed countries, preferential status, by type of product (%)",Percent,Clothing,8.27398
2014,"Average tariff applied by developed countries, preferential status, by type of product (%)",Percent,Clothing,8.27606
2015,"Average tariff applied by developed countries, preferential status, by type of product (%)",Percent,Clothing,8.10163
2016,"Average tariff applied by developed countries, preferential status, by type of product (%)",Percent,Clothing,8.10583
2017,"Average tariff applied by developed countries, preferential status, by type of product (%)",Percent,Clothing,7.95361
2018,"Average tariff applied by developed countries, preferential status, by type of product (%)",Percent,Clothing,8.11439
2019,"Average tariff applied by developed countries, preferential status, by type of product (%)",Percent,Clothing,8.11669
2020,"Average tariff applied by developed countries, preferential status, by type of product (%)",Percent,Clothing,8.11662
2021,"Average tariff applied by developed countries, preferential status, by type of product (%)",Percent,Clothing,8.11662
2000,"Average tariff applied by developed countries, preferential status, by type of product (%)",Percent,Industrial products,1.91509
2005,"Average tariff applied by developed countries, preferential status, by type of product (%)",Percent,Industrial products,1.20067
2010,"Average tariff applied by developed countries, preferential status, by type of product (%)",Percent,Industrial products,0.8532
2011,"Average tariff applied by developed countries, preferential status, by type of product (%)",Percent,Industrial products,0.88748
2012,"Average tariff applied by developed countries, preferential status, by type of product (%)",Percent,Industrial products,1.05698
2013,"Average tariff applied by developed countries, preferential status, by type of product (%)",Percent,Industrial products,0.9001
2014,"Average tariff applied by developed countries, preferential status, by type of product (%)",Percent,Industrial products,1.06389
2015,"Average tariff applied by developed countries, preferential status, by type of product (%)",Percent,Industrial products,0.89603
2016,"Average tariff applied by developed countries, preferential status, by type of product (%)",Percent,Industrial products,0.92757
2017,"Average tariff applied by developed countries, preferential status, by type of product (%)",Percent,Industrial products,1.05308
2018,"Average tariff applied by developed countries, preferential status, by type of product (%)",Percent,Industrial products,0.90838
2019,"Average tariff applied by developed countries, preferential status, by type of product (%)",Percent,Industrial products,0.89864
2020,"Average tariff applied by developed countries, preferential status, by type of product (%)",Percent,Industrial products,0.89923
2021,"Average tariff applied by developed countries, preferential status, by type of product (%)",Percent,Industrial products,0.8991
2000,"Average tariff applied by developed countries, preferential status, by type of product (%)",Percent,Oil,0.24362
2005,"Average tariff applied by developed countries, preferential status, by type of product (%)",Percent,Oil,0.1243
2010,"Average tariff applied by developed countries, preferential status, by type of product (%)",Percent,Oil,0.0
2011,"Average tariff applied by developed countries, preferential status, by type of product (%)",Percent,Oil,0.0
2012,"Average tariff applied by developed countries, preferential status, by type of product (%)",Percent,Oil,0.0
2013,"Average tariff applied by developed countries, preferential status, by type of product (%)",Percent,Oil,0.0
2014,"Average tariff applied by developed countries, preferential status, by type of product (%)",Percent,Oil,0.0
2015,"Average tariff applied by developed countries, preferential status, by type of product (%)",Percent,Oil,0.0
2016,"Average tariff applied by developed countries, preferential status, by type of product (%)",Percent,Oil,0.0
2017,"Average tariff applied by developed countries, preferential status, by type of product (%)",Percent,Oil,0.0
2018,"Average tariff applied by developed countries, preferential status, by type of product (%)",Percent,Oil,0.0
2019,"Average tariff applied by developed countries, preferential status, by type of product (%)",Percent,Oil,0.0
2020,"Average tariff applied by developed countries, preferential status, by type of product (%)",Percent,Oil,0.0
2021,"Average tariff applied by developed countries, preferential status, by type of product (%)",Percent,Oil,0.0
2000,"Average tariff applied by developed countries, preferential status, by type of product (%)",Percent,Textiles,7.09295
2005,"Average tariff applied by developed countries, preferential status, by type of product (%)",Percent,Textiles,5.50945
2010,"Average tariff applied by developed countries, preferential status, by type of product (%)",Percent,Textiles,5.55547
2011,"Average tariff applied by developed countries, preferential status, by type of product (%)",Percent,Textiles,5.59108
2012,"Average tariff applied by developed countries, preferential status, by type of product (%)",Percent,Textiles,5.07189
2013,"Average tariff applied by developed countries, preferential status, by type of product (%)",Percent,Textiles,5.16589
2014,"Average tariff applied by developed countries, preferential status, by type of product (%)",Percent,Textiles,5.09556
2015,"Average tariff applied by developed countries, preferential status, by type of product (%)",Percent,Textiles,5.0097
2016,"Average tariff applied by developed countries, preferential status, by type of product (%)",Percent,Textiles,5.07233
2017,"Average tariff applied by developed countries, preferential status, by type of product (%)",Percent,Textiles,5.011
2018,"Average tariff applied by developed countries, preferential status, by type of product (%)",Percent,Textiles,5.04916
2019,"Average tariff applied by developed countries, preferential status, by type of product (%)",Percent,Textiles,5.08577
2020,"Average tariff applied by developed countries, preferential status, by type of product (%)",Percent,Textiles,5.05247
2021,"Average tariff applied by developed countries, preferential status, by type of product (%)",Percent,Textiles,5.0532
2000,"Average tariff applied by developed countries, most-favored nation status, by type of product (%)",Percent,Agriculture products,8.32327
2005,"Average tariff applied by developed countries, most-favored nation status, by type of product (%)",Percent,Agriculture products,5.31583
2010,"Average tariff applied by developed countries, most-favored nation status, by type of product (%)",Percent,Agriculture products,5.30725
2011,"Average tariff applied by developed countries, most-favored nation status, by type of product (%)",Percent,Agriculture products,5.29839
2012,"Average tariff applied by developed countries, most-favored nation status, by type of product (%)",Percent,Agriculture products,5.22189
2013,"Average tariff applied by developed countries, most-favored nation status, by type of product (%)",Percent,Agriculture products,5.25902
2014,"Average tariff applied by developed countries, most-favored nation status, by type of product (%)",Percent,Agriculture products,5.2616
2015,"Average tariff applied by developed countries, most-favored nation status, by type of product (%)",Percent,Agriculture products,5.25815
2016,"Average tariff applied by developed countries, most-favored nation status, by type of product (%)",Percent,Agriculture products,5.26362
2017,"Average tariff applied by developed countries, most-favored nation status, by type of product (%)",Percent,Agriculture products,5.03696
2018,"Average tariff applied by developed countries, most-favored nation status, by type of product (%)",Percent,Agriculture products,5.07876
2019,"Average tariff applied by developed countries, most-favored nation status, by type of product (%)",Percent,Agriculture products,5.35939
2020,"Average tariff applied by developed countries, most-favored nation status, by type of product (%)",Percent,Agriculture products,5.36044
2021,"Average tariff applied by developed countries, most-favored nation status, by type of product (%)",Percent,Agriculture products,5.358
2000,"Average tariff applied by developed countries, most-favored nation status, by type of product (%)",Percent,No breakdown,3.31452
2005,"Average tariff applied by developed countries, most-favored nation status, by type of product (%)",Percent,No breakdown,3.13294
2010,"Average tariff applied by developed countries, most-favored nation status, by type of product (%)",Percent,No breakdown,2.75689
2011,"Average tariff applied by developed countries, most-favored nation status, by type of product (%)",Percent,No breakdown,2.74796
2012,"Average tariff applied by developed countries, most-favored nation status, by type of product (%)",Percent,No breakdown,2.9245
2013,"Average tariff applied by developed countries, most-favored nation status, by type of product (%)",Percent,No breakdown,2.7716
2014,"Average tariff applied by developed countries, most-favored nation status, by type of product (%)",Percent,No breakdown,2.93213
2015,"Average tariff applied by developed countries, most-favored nation status, by type of product (%)",Percent,No breakdown,2.83208
2016,"Average tariff applied by developed countries, most-favored nation status, by type of product (%)",Percent,No breakdown,2.82001
2017,"Average tariff applied by developed countries, most-favored nation status, by type of product (%)",Percent,No breakdown,2.92848
2018,"Average tariff applied by developed countries, most-favored nation status, by type of product (%)",Percent,No breakdown,2.85201
2019,"Average tariff applied by developed countries, most-favored nation status, by type of product (%)",Percent,No breakdown,2.79936
2020,"Average tariff applied by developed countries, most-favored nation status, by type of product (%)",Percent,No breakdown,2.79424
2021,"Average tariff applied by developed countries, most-favored nation status, by type of product (%)",Percent,No breakdown,2.7958
2000,"Average tariff applied by developed countries, most-favored nation status, by type of product (%)",Percent,Arms,1.89483
2005,"Average tariff applied by developed countries, most-favored nation status, by type of product (%)",Percent,Arms,1.88883
2010,"Average tariff applied by developed countries, most-favored nation status, by type of product (%)",Percent,Arms,1.93747
2011,"Average tariff applied by developed countries, most-favored nation status, by type of product (%)",Percent,Arms,1.92516
2012,"Average tariff applied by developed countries, most-favored nation status, by type of product (%)",Percent,Arms,1.92125
2013,"Average tariff applied by developed countries, most-favored nation status, by type of product (%)",Percent,Arms,1.92125
2014,"Average tariff applied by developed countries, most-favored nation status, by type of product (%)",Percent,Arms,1.92169
2015,"Average tariff applied by developed countries, most-favored nation status, by type of product (%)",Percent,Arms,1.9217
2016,"Average tariff applied by developed countries, most-favored nation status, by type of product (%)",Percent,Arms,1.92246
2017,"Average tariff applied by developed countries, most-favored nation status, by type of product (%)",Percent,Arms,1.91978
2018,"Average tariff applied by developed countries, most-favored nation status, by type of product (%)",Percent,Arms,1.92163
2019,"Average tariff applied by developed countries, most-favored nation status, by type of product (%)",Percent,Arms,1.92163
2020,"Average tariff applied by developed countries, most-favored nation status, by type of product (%)",Percent,Arms,1.92163
2021,"Average tariff applied by developed countries, most-favored nation status, by type of product (%)",Percent,Arms,1.92163
2000,"Average tariff applied by developed countries, most-favored nation status, by type of product (%)",Percent,Clothing,13.09122
2005,"Average tariff applied by developed countries, most-favored nation status, by type of product (%)",Percent,Clothing,12.00739
2010,"Average tariff applied by developed countries, most-favored nation status, by type of product (%)",Percent,Clothing,12.07104
2011,"Average tariff applied by developed countries, most-favored nation status, by type of product (%)",Percent,Clothing,12.02332
2012,"Average tariff applied by developed countries, most-favored nation status, by type of product (%)",Percent,Clothing,12.01758
2013,"Average tariff applied by developed countries, most-favored nation status, by type of product (%)",Percent,Clothing,12.02856
2014,"Average tariff applied by developed countries, most-favored nation status, by type of product (%)",Percent,Clothing,12.02713
2015,"Average tariff applied by developed countries, most-favored nation status, by type of product (%)",Percent,Clothing,11.94963
2016,"Average tariff applied by developed countries, most-favored nation status, by type of product (%)",Percent,Clothing,11.94564
2017,"Average tariff applied by developed countries, most-favored nation status, by type of product (%)",Percent,Clothing,11.79269
2018,"Average tariff applied by developed countries, most-favored nation status, by type of product (%)",Percent,Clothing,11.95809
2019,"Average tariff applied by developed countries, most-favored nation status, by type of product (%)",Percent,Clothing,11.96038
2020,"Average tariff applied by developed countries, most-favored nation status, by type of product (%)",Percent,Clothing,11.94887
2021,"Average tariff applied by developed countries, most-favored nation status, by type of product (%)",Percent,Clothing,11.9603
2000,"Average tariff applied by developed countries, most-favored nation status, by type of product (%)",Percent,Industrial products,2.61536
2005,"Average tariff applied by developed countries, most-favored nation status, by type of product (%)",Percent,Industrial products,2.46985
2010,"Average tariff applied by developed countries, most-favored nation status, by type of product (%)",Percent,Industrial products,2.05345
2011,"Average tariff applied by developed countries, most-favored nation status, by type of product (%)",Percent,Industrial products,2.04646
2012,"Average tariff applied by developed countries, most-favored nation status, by type of product (%)",Percent,Industrial products,2.23445
2013,"Average tariff applied by developed countries, most-favored nation status, by type of product (%)",Percent,Industrial products,2.07578
2014,"Average tariff applied by developed countries, most-favored nation status, by type of product (%)",Percent,Industrial products,2.23988
2015,"Average tariff applied by developed countries, most-favored nation status, by type of product (%)",Percent,Industrial products,2.14283
2016,"Average tariff applied by developed countries, most-favored nation status, by type of product (%)",Percent,Industrial products,2.13123
2017,"Average tariff applied by developed countries, most-favored nation status, by type of product (%)",Percent,Industrial products,2.22498
2018,"Average tariff applied by developed countries, most-favored nation status, by type of product (%)",Percent,Industrial products,2.14806
2019,"Average tariff applied by developed countries, most-favored nation status, by type of product (%)",Percent,Industrial products,2.12195
2020,"Average tariff applied by developed countries, most-favored nation status, by type of product (%)",Percent,Industrial products,2.11845
2021,"Average tariff applied by developed countries, most-favored nation status, by type of product (%)",Percent,Industrial products,2.1194
2000,"Average tariff applied by developed countries, most-favored nation status, by type of product (%)",Percent,Oil,0.24362
2005,"Average tariff applied by developed countries, most-favored nation status, by type of product (%)",Percent,Oil,0.1243
2010,"Average tariff applied by developed countries, most-favored nation status, by type of product (%)",Percent,Oil,0.0
2011,"Average tariff applied by developed countries, most-favored nation status, by type of product (%)",Percent,Oil,0.0
2012,"Average tariff applied by developed countries, most-favored nation status, by type of product (%)",Percent,Oil,0.0
2013,"Average tariff applied by developed countries, most-favored nation status, by type of product (%)",Percent,Oil,0.0
2014,"Average tariff applied by developed countries, most-favored nation status, by type of product (%)",Percent,Oil,0.0
2015,"Average tariff applied by developed countries, most-favored nation status, by type of product (%)",Percent,Oil,0.0
2016,"Average tariff applied by developed countries, most-favored nation status, by type of product (%)",Percent,Oil,0.0
2017,"Average tariff applied by developed countries, most-favored nation status, by type of product (%)",Percent,Oil,0.0
2018,"Average tariff applied by developed countries, most-favored nation status, by type of product (%)",Percent,Oil,0.0
2019,"Average tariff applied by developed countries, most-favored nation status, by type of product (%)",Percent,Oil,0.0
2020,"Average tariff applied by developed countries, most-favored nation status, by type of product (%)",Percent,Oil,0.0
2021,"Average tariff applied by developed countries, most-favored nation status, by type of product (%)",Percent,Oil,0.0
2000,"Average tariff applied by developed countries, most-favored nation status, by type of product (%)",Percent,Textiles,7.77645
2005,"Average tariff applied by developed countries, most-favored nation status, by type of product (%)",Percent,Textiles,7.44452
2010,"Average tariff applied by developed countries, most-favored nation status, by type of product (%)",Percent,Textiles,7.45629
2011,"Average tariff applied by developed countries, most-favored nation status, by type of product (%)",Percent,Textiles,7.43306
2012,"Average tariff applied by developed countries, most-favored nation status, by type of product (%)",Percent,Textiles,6.90249
2013,"Average tariff applied by developed countries, most-favored nation status, by type of product (%)",Percent,Textiles,6.99648
2014,"Average tariff applied by developed countries, most-favored nation status, by type of product (%)",Percent,Textiles,6.92713
2015,"Average tariff applied by developed countries, most-favored nation status, by type of product (%)",Percent,Textiles,6.8678
2016,"Average tariff applied by developed countries, most-favored nation status, by type of product (%)",Percent,Textiles,6.87484
2017,"Average tariff applied by developed countries, most-favored nation status, by type of product (%)",Percent,Textiles,6.80223
2018,"Average tariff applied by developed countries, most-favored nation status, by type of product (%)",Percent,Textiles,6.81609
2019,"Average tariff applied by developed countries, most-favored nation status, by type of product (%)",Percent,Textiles,6.85479
2020,"Average tariff applied by developed countries, most-favored nation status, by type of product (%)",Percent,Textiles,6.79889
2021,"Average tariff applied by developed countries, most-favored nation status, by type of product (%)",Percent,Textiles,6.8003
