Year,SERIES,UNIT_MEASURE,COMPOSITE_BREAKDOWN,Value
2010,Fixed broadband subscriptions per 100 inhabitants,PER_100_POP,10 Mbit/s or above,0.13
2011,Fixed broadband subscriptions per 100 inhabitants,PER_100_POP,10 Mbit/s or above,0.2
2012,Fixed broadband subscriptions per 100 inhabitants,PER_100_POP,10 Mbit/s or above,0.22
2013,Fixed broadband subscriptions per 100 inhabitants,PER_100_POP,10 Mbit/s or above,2.03
2014,Fixed broadband subscriptions per 100 inhabitants,PER_100_POP,10 Mbit/s or above,2.7
2015,Fixed broadband subscriptions per 100 inhabitants,PER_100_POP,10 Mbit/s or above,3.58
2016,Fixed broadband subscriptions per 100 inhabitants,PER_100_POP,10 Mbit/s or above,5.78
2017,Fixed broadband subscriptions per 100 inhabitants,PER_100_POP,10 Mbit/s or above,9.05
2018,Fixed broadband subscriptions per 100 inhabitants,PER_100_POP,10 Mbit/s or above,9.76
2019,Fixed broadband subscriptions per 100 inhabitants,PER_100_POP,10 Mbit/s or above,12.15
2010,Fixed broadband subscriptions per 100 inhabitants,PER_100_POP,256 kbit/s to less than 2 Mbit/s,7.21
2011,Fixed broadband subscriptions per 100 inhabitants,PER_100_POP,256 kbit/s to less than 2 Mbit/s,3.59
2012,Fixed broadband subscriptions per 100 inhabitants,PER_100_POP,256 kbit/s to less than 2 Mbit/s,2.79
2013,Fixed broadband subscriptions per 100 inhabitants,PER_100_POP,256 kbit/s to less than 2 Mbit/s,2.37
2014,Fixed broadband subscriptions per 100 inhabitants,PER_100_POP,256 kbit/s to less than 2 Mbit/s,1.36
2015,Fixed broadband subscriptions per 100 inhabitants,PER_100_POP,256 kbit/s to less than 2 Mbit/s,0.94
2016,Fixed broadband subscriptions per 100 inhabitants,PER_100_POP,256 kbit/s to less than 2 Mbit/s,0.94
2017,Fixed broadband subscriptions per 100 inhabitants,PER_100_POP,256 kbit/s to less than 2 Mbit/s,0.82
2018,Fixed broadband subscriptions per 100 inhabitants,PER_100_POP,256 kbit/s to less than 2 Mbit/s,0.84
2019,Fixed broadband subscriptions per 100 inhabitants,PER_100_POP,256 kbit/s to less than 2 Mbit/s,0.99
2010,Fixed broadband subscriptions per 100 inhabitants,PER_100_POP,2 Mbit/s to less than 10 Mbit/s,3.21
2011,Fixed broadband subscriptions per 100 inhabitants,PER_100_POP,2 Mbit/s to less than 10 Mbit/s,6.16
2012,Fixed broadband subscriptions per 100 inhabitants,PER_100_POP,2 Mbit/s to less than 10 Mbit/s,8.28
2013,Fixed broadband subscriptions per 100 inhabitants,PER_100_POP,2 Mbit/s to less than 10 Mbit/s,8.31
2014,Fixed broadband subscriptions per 100 inhabitants,PER_100_POP,2 Mbit/s to less than 10 Mbit/s,11.52
2015,Fixed broadband subscriptions per 100 inhabitants,PER_100_POP,2 Mbit/s to less than 10 Mbit/s,14.0
2016,Fixed broadband subscriptions per 100 inhabitants,PER_100_POP,2 Mbit/s to less than 10 Mbit/s,12.85
2017,Fixed broadband subscriptions per 100 inhabitants,PER_100_POP,2 Mbit/s to less than 10 Mbit/s,9.93
2018,Fixed broadband subscriptions per 100 inhabitants,PER_100_POP,2 Mbit/s to less than 10 Mbit/s,10.27
2019,Fixed broadband subscriptions per 100 inhabitants,PER_100_POP,2 Mbit/s to less than 10 Mbit/s,9.46
2000,Fixed broadband subscriptions per 100 inhabitants,PER_100_POP,No breakdown,0.0
2001,Fixed broadband subscriptions per 100 inhabitants,PER_100_POP,No breakdown,0.0
2002,Fixed broadband subscriptions per 100 inhabitants,PER_100_POP,No breakdown,0.01
2003,Fixed broadband subscriptions per 100 inhabitants,PER_100_POP,No breakdown,0.04
2004,Fixed broadband subscriptions per 100 inhabitants,PER_100_POP,No breakdown,0.18
2005,Fixed broadband subscriptions per 100 inhabitants,PER_100_POP,No breakdown,0.36
2006,Fixed broadband subscriptions per 100 inhabitants,PER_100_POP,No breakdown,1.06
2007,Fixed broadband subscriptions per 100 inhabitants,PER_100_POP,No breakdown,2.25
2008,Fixed broadband subscriptions per 100 inhabitants,PER_100_POP,No breakdown,5.02
2009,Fixed broadband subscriptions per 100 inhabitants,PER_100_POP,No breakdown,7.82
2010,Fixed broadband subscriptions per 100 inhabitants,PER_100_POP,No breakdown,10.55
2011,Fixed broadband subscriptions per 100 inhabitants,PER_100_POP,No breakdown,11.75
2012,Fixed broadband subscriptions per 100 inhabitants,PER_100_POP,No breakdown,13.02
2013,Fixed broadband subscriptions per 100 inhabitants,PER_100_POP,No breakdown,14.57
2014,Fixed broadband subscriptions per 100 inhabitants,PER_100_POP,No breakdown,15.58
2015,Fixed broadband subscriptions per 100 inhabitants,PER_100_POP,No breakdown,18.52
2016,Fixed broadband subscriptions per 100 inhabitants,PER_100_POP,No breakdown,19.56
2017,Fixed broadband subscriptions per 100 inhabitants,PER_100_POP,No breakdown,19.81
2018,Fixed broadband subscriptions per 100 inhabitants,PER_100_POP,No breakdown,20.87
2019,Fixed broadband subscriptions per 100 inhabitants,PER_100_POP,No breakdown,22.6
2010,Fixed broadband subscriptions (number),NUMBER,10 Mbit/s or above,5000.0
2011,Fixed broadband subscriptions (number),NUMBER,10 Mbit/s or above,7298.0
2012,Fixed broadband subscriptions (number),NUMBER,10 Mbit/s or above,8054.0
2013,Fixed broadband subscriptions (number),NUMBER,10 Mbit/s or above,71925.0
2014,Fixed broadband subscriptions (number),NUMBER,10 Mbit/s or above,93970.0
2015,Fixed broadband subscriptions (number),NUMBER,10 Mbit/s or above,122666.0
2016,Fixed broadband subscriptions (number),NUMBER,10 Mbit/s or above,195585.0
2017,Fixed broadband subscriptions (number),NUMBER,10 Mbit/s or above,333455.0
2018,Fixed broadband subscriptions (number),NUMBER,10 Mbit/s or above,339725.0
2019,Fixed broadband subscriptions (number),NUMBER,10 Mbit/s or above,400988.0
2010,Fixed broadband subscriptions (number),NUMBER,256 kbit/s to less than 2 Mbit/s,267092.0
2011,Fixed broadband subscriptions (number),NUMBER,256 kbit/s to less than 2 Mbit/s,131531.0
2012,Fixed broadband subscriptions (number),NUMBER,256 kbit/s to less than 2 Mbit/s,100404.0
2013,Fixed broadband subscriptions (number),NUMBER,256 kbit/s to less than 2 Mbit/s,83870.0
2014,Fixed broadband subscriptions (number),NUMBER,256 kbit/s to less than 2 Mbit/s,47212.0
2015,Fixed broadband subscriptions (number),NUMBER,256 kbit/s to less than 2 Mbit/s,32114.0
2016,Fixed broadband subscriptions (number),NUMBER,256 kbit/s to less than 2 Mbit/s,31839.0
2017,Fixed broadband subscriptions (number),NUMBER,256 kbit/s to less than 2 Mbit/s,27612.0
2018,Fixed broadband subscriptions (number),NUMBER,256 kbit/s to less than 2 Mbit/s,30381.0
2019,Fixed broadband subscriptions (number),NUMBER,256 kbit/s to less than 2 Mbit/s,32654.0
2010,Fixed broadband subscriptions (number),NUMBER,2 Mbit/s to less than 10 Mbit/s,118810.0
2011,Fixed broadband subscriptions (number),NUMBER,2 Mbit/s to less than 10 Mbit/s,225685.0
2012,Fixed broadband subscriptions (number),NUMBER,2 Mbit/s to less than 10 Mbit/s,298318.0
2013,Fixed broadband subscriptions (number),NUMBER,2 Mbit/s to less than 10 Mbit/s,294484.0
2014,Fixed broadband subscriptions (number),NUMBER,2 Mbit/s to less than 10 Mbit/s,401223.0
2015,Fixed broadband subscriptions (number),NUMBER,2 Mbit/s to less than 10 Mbit/s,480208.0
2016,Fixed broadband subscriptions (number),NUMBER,2 Mbit/s to less than 10 Mbit/s,435044.0
2017,Fixed broadband subscriptions (number),NUMBER,2 Mbit/s to less than 10 Mbit/s,339280.0
2018,Fixed broadband subscriptions (number),NUMBER,2 Mbit/s to less than 10 Mbit/s,346260.0
2019,Fixed broadband subscriptions (number),NUMBER,2 Mbit/s to less than 10 Mbit/s,312245.0
2000,Fixed broadband subscriptions (number),NUMBER,No breakdown,27.0
2001,Fixed broadband subscriptions (number),NUMBER,No breakdown,68.0
2002,Fixed broadband subscriptions (number),NUMBER,No breakdown,213.0
2003,Fixed broadband subscriptions (number),NUMBER,No breakdown,1500.0
2004,Fixed broadband subscriptions (number),NUMBER,No breakdown,6637.0
2005,Fixed broadband subscriptions (number),NUMBER,No breakdown,13702.0
2006,Fixed broadband subscriptions (number),NUMBER,No breakdown,40000.0
2007,Fixed broadband subscriptions (number),NUMBER,No breakdown,84691.0
2008,Fixed broadband subscriptions (number),NUMBER,No breakdown,188460.0
2009,Fixed broadband subscriptions (number),NUMBER,No breakdown,292113.0
2010,Fixed broadband subscriptions (number),NUMBER,No breakdown,390902.0
2011,Fixed broadband subscriptions (number),NUMBER,No breakdown,430247.0
2012,Fixed broadband subscriptions (number),NUMBER,No breakdown,469397.0
2013,Fixed broadband subscriptions (number),NUMBER,No breakdown,516104.0
2014,Fixed broadband subscriptions (number),NUMBER,No breakdown,542405.0
2015,Fixed broadband subscriptions (number),NUMBER,No breakdown,634987.0
2016,Fixed broadband subscriptions (number),NUMBER,No breakdown,662468.0
2017,Fixed broadband subscriptions (number),NUMBER,No breakdown,700347.0
2018,Fixed broadband subscriptions (number),NUMBER,No breakdown,716366.0
2019,Fixed broadband subscriptions (number),NUMBER,No breakdown,745887.0
