Year,SERIES,UNIT_MEASURE,Value
2000,"Death rate due to road traffic injuries, by sex (per 100,000 population)","Per 100,000 population",18.9
2005,"Death rate due to road traffic injuries, by sex (per 100,000 population)","Per 100,000 population",17.7
2010,"Death rate due to road traffic injuries, by sex (per 100,000 population)","Per 100,000 population",16.8
2013,"Death rate due to road traffic injuries, by sex (per 100,000 population)","Per 100,000 population",15.1
2016,"Death rate due to road traffic injuries, by sex (per 100,000 population)","Per 100,000 population",15.7
