Year,SERIES,UNIT_MEASURE,Value
2000,Universal health coverage (UHC) service coverage index,Index,44
2005,Universal health coverage (UHC) service coverage index,Index,61
2010,Universal health coverage (UHC) service coverage index,Index,62
2015,Universal health coverage (UHC) service coverage index,Index,68
2017,Universal health coverage (UHC) service coverage index,Index,70
2019,Universal health coverage (UHC) service coverage index,Index,67
2021,Universal health coverage (UHC) service coverage index,Index,66
