Year,SERIES,UNIT_MEASURE,Value
2019,Age-standardized mortality rate attributed to ambient air pollution,PER_100000_POP,55.0
2019,Age-standardized mortality rate attributed to household air pollution,PER_100000_POP,72.0
2019,Age-standardized mortality rate attributed to household and ambient air pollution,PER_100000_POP,114.0
2016,Crude death rate attributed to ambient air pollution,PER_100000_POP,
2016,Crude death rate attributed to household air pollution,PER_100000_POP,
2016,Crude death rate attributed to household and ambient air pollution,PER_100000_POP,
