Year,SERIES,UNIT_MEASURE,Education level,Sex,COMPOSITE_BREAKDOWN,Value
2007,Proportion of children and young people achieving a minimum proficiency level in reading and mathematics,Percent,Lower secondary education,Both sexes or no breakdown by sex,Mathematics,42.15
2018,Proportion of children and young people achieving a minimum proficiency level in reading and mathematics,Percent,Lower secondary education,Both sexes or no breakdown by sex,Reading,46.32
2019,Proportion of children and young people achieving a minimum proficiency level in reading and mathematics,Percent,Primary education,T,Mathematics,39.55
2007,Proportion of children and young people achieving a minimum proficiency level in reading and mathematics,Percent,Lower secondary education,Female,Mathematics,42.68
2018,Proportion of children and young people achieving a minimum proficiency level in reading and mathematics,Percent,Lower secondary education,Female,Reading,54.77
2019,Proportion of children and young people achieving a minimum proficiency level in reading and mathematics,Percent,Primary education,Female,Mathematics,36.47
2007,Proportion of children and young people achieving a minimum proficiency level in reading and mathematics,Percent,Lower secondary education,Male,Mathematics,41.70517
2018,Proportion of children and young people achieving a minimum proficiency level in reading and mathematics,Percent,Lower secondary education,Male,Reading,38.29
2019,Proportion of children and young people achieving a minimum proficiency level in reading and mathematics,Percent,Primary education,Male,Mathematics,42.57
