Year,SERIES,UNIT_MEASURE,Sex,Value
2019,"Participation rate in organized learning (one year before the official primary entry age), by sex (%)",Percent,Both sexes or no breakdown by sex,27.52321
2020,"Participation rate in organized learning (one year before the official primary entry age), by sex (%)",Percent,Both sexes or no breakdown by sex,29.34612
2019,"Participation rate in organized learning (one year before the official primary entry age), by sex (%)",Percent,Female,27.12233
2020,"Participation rate in organized learning (one year before the official primary entry age), by sex (%)",Percent,Female,28.59121
2019,"Participation rate in organized learning (one year before the official primary entry age), by sex (%)",Percent,Male,27.90273
2020,"Participation rate in organized learning (one year before the official primary entry age), by sex (%)",Percent,Male,30.0612
