Year,SERIES,UNIT_MEASURE,Sex,COMPOSITE_BREAKDOWN,Age,Degree of urbanisation,Value
2017,Proportion of youth and adults with information and communications technology (ICT) skills,Percent,Both sexes or no breakdown by sex,Using basic arithmetic formula in a spreadsheet,15 to 24 years old,Total,25.325
2019,Proportion of youth and adults with information and communications technology (ICT) skills,Percent,Both sexes or no breakdown by sex,Using basic arithmetic formula in a spreadsheet,15 to 24 years old,Total,15.6519
2017,Proportion of youth and adults with information and communications technology (ICT) skills,Percent,Both sexes or no breakdown by sex,Copying or moving a file or folder,15 to 24 years old,Total,90.0649
2019,Proportion of youth and adults with information and communications technology (ICT) skills,Percent,Both sexes or no breakdown by sex,Copying or moving a file or folder,15 to 24 years old,Total,75.5154
2017,Proportion of youth and adults with information and communications technology (ICT) skills,Percent,Both sexes or no breakdown by sex,Using copy and paste tools to duplicate or move information within a document,15 to 24 years old,Total,60.021
2019,Proportion of youth and adults with information and communications technology (ICT) skills,Percent,Both sexes or no breakdown by sex,Using copy and paste tools to duplicate or move information within a document,15 to 24 years old,Total,51.8674
2021,Proportion of youth and adults with information and communications technology (ICT) skills,Percent,Both sexes or no breakdown by sex,Using copy and paste tools to duplicate or move information within a document,15 to 24 years old,Total,75.0781
2019,Proportion of youth and adults with information and communications technology (ICT) skills,Percent,Both sexes or no breakdown by sex,Sending e-mails with attached files,15 to 24 years old,Total,74.2412
2021,Proportion of youth and adults with information and communications technology (ICT) skills,Percent,Both sexes or no breakdown by sex,Sending e-mails with attached files,15 to 24 years old,Total,52.4924
2017,Proportion of youth and adults with information and communications technology (ICT) skills,Percent,Both sexes or no breakdown by sex,Creating electronic presentations with presentation software,15 to 24 years old,Total,36.1258
2019,Proportion of youth and adults with information and communications technology (ICT) skills,Percent,Both sexes or no breakdown by sex,Creating electronic presentations with presentation software,15 to 24 years old,Total,29.3536
2021,Proportion of youth and adults with information and communications technology (ICT) skills,Percent,Both sexes or no breakdown by sex,Creating electronic presentations with presentation software,15 to 24 years old,Total,35.0044
2021,Proportion of youth and adults with information and communications technology (ICT) skills,Percent,Both sexes or no breakdown by sex,Connecting and installing new devices,15 to 24 years old,Total,21.5546
2017,Proportion of youth and adults with information and communications technology (ICT) skills,Percent,Both sexes or no breakdown by sex,Writing a computer program using a specialized programming language,15 to 24 years old,Total,5.0306
2019,Proportion of youth and adults with information and communications technology (ICT) skills,Percent,Both sexes or no breakdown by sex,Writing a computer program using a specialized programming language,15 to 24 years old,Total,9.6521
2021,Proportion of youth and adults with information and communications technology (ICT) skills,Percent,Both sexes or no breakdown by sex,"Changing privacy settings on your device, account or app to limit the sharing of personal data and information (e.g. name, contact information, photos)",15 to 24 years old,Total,20.5642
2021,Proportion of youth and adults with information and communications technology (ICT) skills,Percent,Both sexes or no breakdown by sex,"Setting up effective security measures (e.g. strong passwords, log-in attempt notification) to protect devices and online accounts",15 to 24 years old,Total,18.716
2017,Proportion of youth and adults with information and communications technology (ICT) skills,Percent,Both sexes or no breakdown by sex,"Finding, downloading, installing and configuring software",15 to 24 years old,Total,51.7198
2021,Proportion of youth and adults with information and communications technology (ICT) skills,Percent,Both sexes or no breakdown by sex,"Finding, downloading, installing and configuring software",15 to 24 years old,Total,54.1798
2017,Proportion of youth and adults with information and communications technology (ICT) skills,Percent,Both sexes or no breakdown by sex,Transferring files between a computer and other devices,15 to 24 years old,Total,86.9837
2019,Proportion of youth and adults with information and communications technology (ICT) skills,Percent,Both sexes or no breakdown by sex,Transferring files between a computer and other devices,15 to 24 years old,Total,80.7212
2021,Proportion of youth and adults with information and communications technology (ICT) skills,Percent,Both sexes or no breakdown by sex,Transferring files between a computer and other devices,15 to 24 years old,Total,40.3945
2017,Proportion of youth and adults with information and communications technology (ICT) skills,Percent,Female,Using basic arithmetic formula in a spreadsheet,15 to 24 years old,Total,28.3095
2019,Proportion of youth and adults with information and communications technology (ICT) skills,Percent,Female,Using basic arithmetic formula in a spreadsheet,15 to 24 years old,Total,19.1719
2017,Proportion of youth and adults with information and communications technology (ICT) skills,Percent,Female,Copying or moving a file or folder,15 to 24 years old,Total,90.5588
2019,Proportion of youth and adults with information and communications technology (ICT) skills,Percent,Female,Copying or moving a file or folder,15 to 24 years old,Total,71.8847
2017,Proportion of youth and adults with information and communications technology (ICT) skills,Percent,Female,Using copy and paste tools to duplicate or move information within a document,15 to 24 years old,Total,60.9386
2019,Proportion of youth and adults with information and communications technology (ICT) skills,Percent,Female,Using copy and paste tools to duplicate or move information within a document,15 to 24 years old,Total,58.7037
2021,Proportion of youth and adults with information and communications technology (ICT) skills,Percent,Female,Using copy and paste tools to duplicate or move information within a document,15 to 24 years old,Total,74.2746
2019,Proportion of youth and adults with information and communications technology (ICT) skills,Percent,Female,Sending e-mails with attached files,15 to 24 years old,Total,78.3804
2021,Proportion of youth and adults with information and communications technology (ICT) skills,Percent,Female,Sending e-mails with attached files,15 to 24 years old,Total,54.8343
2017,Proportion of youth and adults with information and communications technology (ICT) skills,Percent,Female,Creating electronic presentations with presentation software,15 to 24 years old,Total,35.136
2019,Proportion of youth and adults with information and communications technology (ICT) skills,Percent,Female,Creating electronic presentations with presentation software,15 to 24 years old,Total,37.9807
2021,Proportion of youth and adults with information and communications technology (ICT) skills,Percent,Female,Creating electronic presentations with presentation software,15 to 24 years old,Total,31.4196
2021,Proportion of youth and adults with information and communications technology (ICT) skills,Percent,Female,Connecting and installing new devices,15 to 24 years old,Total,18.4915
2017,Proportion of youth and adults with information and communications technology (ICT) skills,Percent,Female,Writing a computer program using a specialized programming language,15 to 24 years old,Total,3.5364
2019,Proportion of youth and adults with information and communications technology (ICT) skills,Percent,Female,Writing a computer program using a specialized programming language,15 to 24 years old,Total,8.0484
2021,Proportion of youth and adults with information and communications technology (ICT) skills,Percent,Female,"Changing privacy settings on your device, account or app to limit the sharing of personal data and information (e.g. name, contact information, photos)",15 to 24 years old,Total,18.4915
2021,Proportion of youth and adults with information and communications technology (ICT) skills,Percent,Female,"Setting up effective security measures (e.g. strong passwords, log-in attempt notification) to protect devices and online accounts",15 to 24 years old,Total,17.6058
2017,Proportion of youth and adults with information and communications technology (ICT) skills,Percent,Female,"Finding, downloading, installing and configuring software",15 to 24 years old,Total,50.1609
2021,Proportion of youth and adults with information and communications technology (ICT) skills,Percent,Female,"Finding, downloading, installing and configuring software",15 to 24 years old,Total,56.2593
2017,Proportion of youth and adults with information and communications technology (ICT) skills,Percent,Female,Transferring files between a computer and other devices,15 to 24 years old,Total,83.9854
2019,Proportion of youth and adults with information and communications technology (ICT) skills,Percent,Female,Transferring files between a computer and other devices,15 to 24 years old,Total,80.9029
2021,Proportion of youth and adults with information and communications technology (ICT) skills,Percent,Female,Transferring files between a computer and other devices,15 to 24 years old,Total,40.7279
2017,Proportion of youth and adults with information and communications technology (ICT) skills,Percent,Male,Using basic arithmetic formula in a spreadsheet,15 to 24 years old,Total,22.8013
2019,Proportion of youth and adults with information and communications technology (ICT) skills,Percent,Male,Using basic arithmetic formula in a spreadsheet,15 to 24 years old,Total,14.4235
2017,Proportion of youth and adults with information and communications technology (ICT) skills,Percent,Male,Copying or moving a file or folder,15 to 24 years old,Total,89.6473
2019,Proportion of youth and adults with information and communications technology (ICT) skills,Percent,Male,Copying or moving a file or folder,15 to 24 years old,Total,76.7823
2017,Proportion of youth and adults with information and communications technology (ICT) skills,Percent,Male,Using copy and paste tools to duplicate or move information within a document,15 to 24 years old,Total,59.2451
2019,Proportion of youth and adults with information and communications technology (ICT) skills,Percent,Male,Using copy and paste tools to duplicate or move information within a document,15 to 24 years old,Total,49.4818
2021,Proportion of youth and adults with information and communications technology (ICT) skills,Percent,Male,Using copy and paste tools to duplicate or move information within a document,15 to 24 years old,Total,76.0752
2019,Proportion of youth and adults with information and communications technology (ICT) skills,Percent,Male,Sending e-mails with attached files,15 to 24 years old,Total,72.7967
2021,Proportion of youth and adults with information and communications technology (ICT) skills,Percent,Male,Sending e-mails with attached files,15 to 24 years old,Total,49.5864
2017,Proportion of youth and adults with information and communications technology (ICT) skills,Percent,Male,Creating electronic presentations with presentation software,15 to 24 years old,Total,36.9629
2019,Proportion of youth and adults with information and communications technology (ICT) skills,Percent,Male,Creating electronic presentations with presentation software,15 to 24 years old,Total,26.343
2021,Proportion of youth and adults with information and communications technology (ICT) skills,Percent,Male,Creating electronic presentations with presentation software,15 to 24 years old,Total,39.4527
2021,Proportion of youth and adults with information and communications technology (ICT) skills,Percent,Male,Connecting and installing new devices,15 to 24 years old,Total,25.3556
2017,Proportion of youth and adults with information and communications technology (ICT) skills,Percent,Male,Writing a computer program using a specialized programming language,15 to 24 years old,Total,6.2941
2019,Proportion of youth and adults with information and communications technology (ICT) skills,Percent,Male,Writing a computer program using a specialized programming language,15 to 24 years old,Total,10.2118
2021,Proportion of youth and adults with information and communications technology (ICT) skills,Percent,Male,"Changing privacy settings on your device, account or app to limit the sharing of personal data and information (e.g. name, contact information, photos)",15 to 24 years old,Total,23.1361
2021,Proportion of youth and adults with information and communications technology (ICT) skills,Percent,Male,"Setting up effective security measures (e.g. strong passwords, log-in attempt notification) to protect devices and online accounts",15 to 24 years old,Total,20.0937
2017,Proportion of youth and adults with information and communications technology (ICT) skills,Percent,Male,"Finding, downloading, installing and configuring software",15 to 24 years old,Total,53.038
2021,Proportion of youth and adults with information and communications technology (ICT) skills,Percent,Male,"Finding, downloading, installing and configuring software",15 to 24 years old,Total,51.5995
2017,Proportion of youth and adults with information and communications technology (ICT) skills,Percent,Male,Transferring files between a computer and other devices,15 to 24 years old,Total,89.519
2019,Proportion of youth and adults with information and communications technology (ICT) skills,Percent,Male,Transferring files between a computer and other devices,15 to 24 years old,Total,80.6578
2021,Proportion of youth and adults with information and communications technology (ICT) skills,Percent,Male,Transferring files between a computer and other devices,15 to 24 years old,Total,39.9809
2017,Proportion of youth and adults with information and communications technology (ICT) skills,Percent,Both sexes or no breakdown by sex,Using basic arithmetic formula in a spreadsheet,Y25T74,Total,7.092
2019,Proportion of youth and adults with information and communications technology (ICT) skills,Percent,Both sexes or no breakdown by sex,Using basic arithmetic formula in a spreadsheet,Y25T74,Total,6.5454
2017,Proportion of youth and adults with information and communications technology (ICT) skills,Percent,Both sexes or no breakdown by sex,Copying or moving a file or folder,Y25T74,Total,55.7283
2019,Proportion of youth and adults with information and communications technology (ICT) skills,Percent,Both sexes or no breakdown by sex,Copying or moving a file or folder,Y25T74,Total,40.8516
2017,Proportion of youth and adults with information and communications technology (ICT) skills,Percent,Both sexes or no breakdown by sex,Using copy and paste tools to duplicate or move information within a document,Y25T74,Total,24.0546
2019,Proportion of youth and adults with information and communications technology (ICT) skills,Percent,Both sexes or no breakdown by sex,Using copy and paste tools to duplicate or move information within a document,Y25T74,Total,18.9015
2021,Proportion of youth and adults with information and communications technology (ICT) skills,Percent,Both sexes or no breakdown by sex,Using copy and paste tools to duplicate or move information within a document,Y25T74,Total,53.6583
2019,Proportion of youth and adults with information and communications technology (ICT) skills,Percent,Both sexes or no breakdown by sex,Sending e-mails with attached files,Y25T74,Total,24.7476
2021,Proportion of youth and adults with information and communications technology (ICT) skills,Percent,Both sexes or no breakdown by sex,Sending e-mails with attached files,Y25T74,Total,30.0079
2017,Proportion of youth and adults with information and communications technology (ICT) skills,Percent,Both sexes or no breakdown by sex,Creating electronic presentations with presentation software,Y25T74,Total,9.4206
2019,Proportion of youth and adults with information and communications technology (ICT) skills,Percent,Both sexes or no breakdown by sex,Creating electronic presentations with presentation software,Y25T74,Total,8.8774
2021,Proportion of youth and adults with information and communications technology (ICT) skills,Percent,Both sexes or no breakdown by sex,Creating electronic presentations with presentation software,Y25T74,Total,14.7368
2021,Proportion of youth and adults with information and communications technology (ICT) skills,Percent,Both sexes or no breakdown by sex,Connecting and installing new devices,Y25T74,Total,11.5238
2017,Proportion of youth and adults with information and communications technology (ICT) skills,Percent,Both sexes or no breakdown by sex,Writing a computer program using a specialized programming language,Y25T74,Total,1.7091
2019,Proportion of youth and adults with information and communications technology (ICT) skills,Percent,Both sexes or no breakdown by sex,Writing a computer program using a specialized programming language,Y25T74,Total,1.2257
2021,Proportion of youth and adults with information and communications technology (ICT) skills,Percent,Both sexes or no breakdown by sex,"Changing privacy settings on your device, account or app to limit the sharing of personal data and information (e.g. name, contact information, photos)",Y25T74,Total,5.5472
2021,Proportion of youth and adults with information and communications technology (ICT) skills,Percent,Both sexes or no breakdown by sex,"Setting up effective security measures (e.g. strong passwords, log-in attempt notification) to protect devices and online accounts",Y25T74,Total,6.2521
2017,Proportion of youth and adults with information and communications technology (ICT) skills,Percent,Both sexes or no breakdown by sex,"Finding, downloading, installing and configuring software",Y25T74,Total,18.5155
2021,Proportion of youth and adults with information and communications technology (ICT) skills,Percent,Both sexes or no breakdown by sex,"Finding, downloading, installing and configuring software",Y25T74,Total,29.273
2017,Proportion of youth and adults with information and communications technology (ICT) skills,Percent,Both sexes or no breakdown by sex,Transferring files between a computer and other devices,Y25T74,Total,56.245
2019,Proportion of youth and adults with information and communications technology (ICT) skills,Percent,Both sexes or no breakdown by sex,Transferring files between a computer and other devices,Y25T74,Total,45.1866
2021,Proportion of youth and adults with information and communications technology (ICT) skills,Percent,Both sexes or no breakdown by sex,Transferring files between a computer and other devices,Y25T74,Total,12.7656
2017,Proportion of youth and adults with information and communications technology (ICT) skills,Percent,Female,Using basic arithmetic formula in a spreadsheet,Y25T74,Total,7.2161
2019,Proportion of youth and adults with information and communications technology (ICT) skills,Percent,Female,Using basic arithmetic formula in a spreadsheet,Y25T74,Total,5.5713
2017,Proportion of youth and adults with information and communications technology (ICT) skills,Percent,Female,Copying or moving a file or folder,Y25T74,Total,54.3779
2019,Proportion of youth and adults with information and communications technology (ICT) skills,Percent,Female,Copying or moving a file or folder,Y25T74,Total,41.7908
2017,Proportion of youth and adults with information and communications technology (ICT) skills,Percent,Female,Using copy and paste tools to duplicate or move information within a document,Y25T74,Total,22.0359
2019,Proportion of youth and adults with information and communications technology (ICT) skills,Percent,Female,Using copy and paste tools to duplicate or move information within a document,Y25T74,Total,17.117
2021,Proportion of youth and adults with information and communications technology (ICT) skills,Percent,Female,Using copy and paste tools to duplicate or move information within a document,Y25T74,Total,51.3753
2019,Proportion of youth and adults with information and communications technology (ICT) skills,Percent,Female,Sending e-mails with attached files,Y25T74,Total,23.2487
2021,Proportion of youth and adults with information and communications technology (ICT) skills,Percent,Female,Sending e-mails with attached files,Y25T74,Total,28.4276
2017,Proportion of youth and adults with information and communications technology (ICT) skills,Percent,Female,Creating electronic presentations with presentation software,Y25T74,Total,7.9923
2019,Proportion of youth and adults with information and communications technology (ICT) skills,Percent,Female,Creating electronic presentations with presentation software,Y25T74,Total,7.6622
2021,Proportion of youth and adults with information and communications technology (ICT) skills,Percent,Female,Creating electronic presentations with presentation software,Y25T74,Total,13.5729
2021,Proportion of youth and adults with information and communications technology (ICT) skills,Percent,Female,Connecting and installing new devices,Y25T74,Total,9.93
2017,Proportion of youth and adults with information and communications technology (ICT) skills,Percent,Female,Writing a computer program using a specialized programming language,Y25T74,Total,0.7474
2019,Proportion of youth and adults with information and communications technology (ICT) skills,Percent,Female,Writing a computer program using a specialized programming language,Y25T74,Total,0.5985
2021,Proportion of youth and adults with information and communications technology (ICT) skills,Percent,Female,"Changing privacy settings on your device, account or app to limit the sharing of personal data and information (e.g. name, contact information, photos)",Y25T74,Total,4.4186
2021,Proportion of youth and adults with information and communications technology (ICT) skills,Percent,Female,"Setting up effective security measures (e.g. strong passwords, log-in attempt notification) to protect devices and online accounts",Y25T74,Total,5.6007
2017,Proportion of youth and adults with information and communications technology (ICT) skills,Percent,Female,"Finding, downloading, installing and configuring software",Y25T74,Total,16.5846
2021,Proportion of youth and adults with information and communications technology (ICT) skills,Percent,Female,"Finding, downloading, installing and configuring software",Y25T74,Total,26.0693
2017,Proportion of youth and adults with information and communications technology (ICT) skills,Percent,Female,Transferring files between a computer and other devices,Y25T74,Total,53.4126
2019,Proportion of youth and adults with information and communications technology (ICT) skills,Percent,Female,Transferring files between a computer and other devices,Y25T74,Total,45.0656
2021,Proportion of youth and adults with information and communications technology (ICT) skills,Percent,Female,Transferring files between a computer and other devices,Y25T74,Total,12.3889
2017,Proportion of youth and adults with information and communications technology (ICT) skills,Percent,Male,Using basic arithmetic formula in a spreadsheet,Y25T74,Total,6.9483
2019,Proportion of youth and adults with information and communications technology (ICT) skills,Percent,Male,Using basic arithmetic formula in a spreadsheet,Y25T74,Total,7.831
2017,Proportion of youth and adults with information and communications technology (ICT) skills,Percent,Male,Copying or moving a file or folder,Y25T74,Total,57.2922
2019,Proportion of youth and adults with information and communications technology (ICT) skills,Percent,Male,Copying or moving a file or folder,Y25T74,Total,39.6121
2017,Proportion of youth and adults with information and communications technology (ICT) skills,Percent,Male,Using copy and paste tools to duplicate or move information within a document,Y25T74,Total,26.3926
2019,Proportion of youth and adults with information and communications technology (ICT) skills,Percent,Male,Using copy and paste tools to duplicate or move information within a document,Y25T74,Total,21.2563
2021,Proportion of youth and adults with information and communications technology (ICT) skills,Percent,Male,Using copy and paste tools to duplicate or move information within a document,Y25T74,Total,56.2948
2019,Proportion of youth and adults with information and communications technology (ICT) skills,Percent,Male,Sending e-mails with attached files,Y25T74,Total,26.7254
2021,Proportion of youth and adults with information and communications technology (ICT) skills,Percent,Male,Sending e-mails with attached files,Y25T74,Total,31.8328
2017,Proportion of youth and adults with information and communications technology (ICT) skills,Percent,Male,Creating electronic presentations with presentation software,Y25T74,Total,11.0747
2019,Proportion of youth and adults with information and communications technology (ICT) skills,Percent,Male,Creating electronic presentations with presentation software,Y25T74,Total,10.4811
2021,Proportion of youth and adults with information and communications technology (ICT) skills,Percent,Male,Creating electronic presentations with presentation software,Y25T74,Total,16.0809
2021,Proportion of youth and adults with information and communications technology (ICT) skills,Percent,Male,Connecting and installing new devices,Y25T74,Total,13.3645
2017,Proportion of youth and adults with information and communications technology (ICT) skills,Percent,Male,Writing a computer program using a specialized programming language,Y25T74,Total,2.8227
2019,Proportion of youth and adults with information and communications technology (ICT) skills,Percent,Male,Writing a computer program using a specialized programming language,Y25T74,Total,2.0534
2021,Proportion of youth and adults with information and communications technology (ICT) skills,Percent,Male,"Changing privacy settings on your device, account or app to limit the sharing of personal data and information (e.g. name, contact information, photos)",Y25T74,Total,6.8504
2021,Proportion of youth and adults with information and communications technology (ICT) skills,Percent,Male,"Setting up effective security measures (e.g. strong passwords, log-in attempt notification) to protect devices and online accounts",Y25T74,Total,7.0043
2017,Proportion of youth and adults with information and communications technology (ICT) skills,Percent,Male,"Finding, downloading, installing and configuring software",Y25T74,Total,20.7518
2021,Proportion of youth and adults with information and communications technology (ICT) skills,Percent,Male,"Finding, downloading, installing and configuring software",Y25T74,Total,32.9728
2017,Proportion of youth and adults with information and communications technology (ICT) skills,Percent,Male,Transferring files between a computer and other devices,Y25T74,Total,59.5255
2019,Proportion of youth and adults with information and communications technology (ICT) skills,Percent,Male,Transferring files between a computer and other devices,Y25T74,Total,45.3462
2021,Proportion of youth and adults with information and communications technology (ICT) skills,Percent,Male,Transferring files between a computer and other devices,Y25T74,Total,13.2006
2017,Proportion of youth and adults with information and communications technology (ICT) skills,Percent,Both sexes or no breakdown by sex,Using basic arithmetic formula in a spreadsheet,All age ranges or no breakdown by age,Total,9.1661
2019,Proportion of youth and adults with information and communications technology (ICT) skills,Percent,Both sexes or no breakdown by sex,Using basic arithmetic formula in a spreadsheet,All age ranges or no breakdown by age,Total,7.5297
2021,Proportion of youth and adults with information and communications technology (ICT) skills,Percent,Both sexes or no breakdown by sex,Using basic arithmetic formula in a spreadsheet,All age ranges or no breakdown by age,Total,18.0404
2017,Proportion of youth and adults with information and communications technology (ICT) skills,Percent,Both sexes or no breakdown by sex,Copying or moving a file or folder,All age ranges or no breakdown by age,Total,59.6343
2019,Proportion of youth and adults with information and communications technology (ICT) skills,Percent,Both sexes or no breakdown by sex,Copying or moving a file or folder,All age ranges or no breakdown by age,Total,44.598
2017,Proportion of youth and adults with information and communications technology (ICT) skills,Percent,Both sexes or no breakdown by sex,Using copy and paste tools to duplicate or move information within a document,All age ranges or no breakdown by age,Total,28.1461
2019,Proportion of youth and adults with information and communications technology (ICT) skills,Percent,Both sexes or no breakdown by sex,Using copy and paste tools to duplicate or move information within a document,All age ranges or no breakdown by age,Total,22.4644
2021,Proportion of youth and adults with information and communications technology (ICT) skills,Percent,Both sexes or no breakdown by sex,Using copy and paste tools to duplicate or move information within a document,All age ranges or no breakdown by age,Total,55.3102
2019,Proportion of youth and adults with information and communications technology (ICT) skills,Percent,Both sexes or no breakdown by sex,Sending e-mails with attached files,All age ranges or no breakdown by age,Total,30.0959
2021,Proportion of youth and adults with information and communications technology (ICT) skills,Percent,Both sexes or no breakdown by sex,Sending e-mails with attached files,All age ranges or no breakdown by age,Total,31.7418
2017,Proportion of youth and adults with information and communications technology (ICT) skills,Percent,Both sexes or no breakdown by sex,Creating electronic presentations with presentation software,All age ranges or no breakdown by age,Total,12.4585
2019,Proportion of youth and adults with information and communications technology (ICT) skills,Percent,Both sexes or no breakdown by sex,Creating electronic presentations with presentation software,All age ranges or no breakdown by age,Total,11.0905
2021,Proportion of youth and adults with information and communications technology (ICT) skills,Percent,Both sexes or no breakdown by sex,Creating electronic presentations with presentation software,All age ranges or no breakdown by age,Total,16.2998
2021,Proportion of youth and adults with information and communications technology (ICT) skills,Percent,Both sexes or no breakdown by sex,Connecting and installing new devices,All age ranges or no breakdown by age,Total,12.2974
2017,Proportion of youth and adults with information and communications technology (ICT) skills,Percent,Both sexes or no breakdown by sex,Writing a computer program using a specialized programming language,All age ranges or no breakdown by age,Total,2.0869
2019,Proportion of youth and adults with information and communications technology (ICT) skills,Percent,Both sexes or no breakdown by sex,Writing a computer program using a specialized programming language,All age ranges or no breakdown by age,Total,2.1364
2021,Proportion of youth and adults with information and communications technology (ICT) skills,Percent,Both sexes or no breakdown by sex,Writing a computer program using a specialized programming language,All age ranges or no breakdown by age,Total,2.0916
2021,Proportion of youth and adults with information and communications technology (ICT) skills,Percent,Both sexes or no breakdown by sex,"Changing privacy settings on your device, account or app to limit the sharing of personal data and information (e.g. name, contact information, photos)",All age ranges or no breakdown by age,Total,6.7052
2021,Proportion of youth and adults with information and communications technology (ICT) skills,Percent,Both sexes or no breakdown by sex,"Setting up effective security measures (e.g. strong passwords, log-in attempt notification) to protect devices and online accounts",All age ranges or no breakdown by age,Total,7.2133
2017,Proportion of youth and adults with information and communications technology (ICT) skills,Percent,Both sexes or no breakdown by sex,"Finding, downloading, installing and configuring software",All age ranges or no breakdown by age,Total,22.2927
2021,Proportion of youth and adults with information and communications technology (ICT) skills,Percent,Both sexes or no breakdown by sex,"Finding, downloading, installing and configuring software",All age ranges or no breakdown by age,Total,31.1938
2017,Proportion of youth and adults with information and communications technology (ICT) skills,Percent,Both sexes or no breakdown by sex,Transferring files between a computer and other devices,All age ranges or no breakdown by age,Total,59.7417
2019,Proportion of youth and adults with information and communications technology (ICT) skills,Percent,Both sexes or no breakdown by sex,Transferring files between a computer and other devices,All age ranges or no breakdown by age,Total,49.0272
2021,Proportion of youth and adults with information and communications technology (ICT) skills,Percent,Both sexes or no breakdown by sex,Transferring files between a computer and other devices,All age ranges or no breakdown by age,Total,14.8963
2017,Proportion of youth and adults with information and communications technology (ICT) skills,Percent,Female,Using basic arithmetic formula in a spreadsheet,All age ranges or no breakdown by age,Total,9.2994
2019,Proportion of youth and adults with information and communications technology (ICT) skills,Percent,Female,Using basic arithmetic formula in a spreadsheet,All age ranges or no breakdown by age,Total,6.2816
2017,Proportion of youth and adults with information and communications technology (ICT) skills,Percent,Female,Copying or moving a file or folder,All age ranges or no breakdown by age,Total,57.9513
2019,Proportion of youth and adults with information and communications technology (ICT) skills,Percent,Female,Copying or moving a file or folder,All age ranges or no breakdown by age,Total,43.3625
2017,Proportion of youth and adults with information and communications technology (ICT) skills,Percent,Female,Using copy and paste tools to duplicate or move information within a document,All age ranges or no breakdown by age,Total,25.8782
2019,Proportion of youth and adults with information and communications technology (ICT) skills,Percent,Female,Using copy and paste tools to duplicate or move information within a document,All age ranges or no breakdown by age,Total,19.2888
2021,Proportion of youth and adults with information and communications technology (ICT) skills,Percent,Female,Using copy and paste tools to duplicate or move information within a document,All age ranges or no breakdown by age,Total,53.1953
2019,Proportion of youth and adults with information and communications technology (ICT) skills,Percent,Female,Sending e-mails with attached files,All age ranges or no breakdown by age,Total,26.1279
2021,Proportion of youth and adults with information and communications technology (ICT) skills,Percent,Female,Sending e-mails with attached files,All age ranges or no breakdown by age,Total,30.5263
2017,Proportion of youth and adults with information and communications technology (ICT) skills,Percent,Female,Creating electronic presentations with presentation software,All age ranges or no breakdown by age,Total,10.6731
2019,Proportion of youth and adults with information and communications technology (ICT) skills,Percent,Female,Creating electronic presentations with presentation software,All age ranges or no breakdown by age,Total,9.2455
2021,Proportion of youth and adults with information and communications technology (ICT) skills,Percent,Female,Creating electronic presentations with presentation software,All age ranges or no breakdown by age,Total,14.9913
2021,Proportion of youth and adults with information and communications technology (ICT) skills,Percent,Female,Connecting and installing new devices,All age ranges or no breakdown by age,Total,10.6104
2017,Proportion of youth and adults with information and communications technology (ICT) skills,Percent,Female,Writing a computer program using a specialized programming language,All age ranges or no breakdown by age,Total,1.0229
2019,Proportion of youth and adults with information and communications technology (ICT) skills,Percent,Female,Writing a computer program using a specialized programming language,All age ranges or no breakdown by age,Total,0.9875
2021,Proportion of youth and adults with information and communications technology (ICT) skills,Percent,Female,"Changing privacy settings on your device, account or app to limit the sharing of personal data and information (e.g. name, contact information, photos)",All age ranges or no breakdown by age,Total,5.5371
2021,Proportion of youth and adults with information and communications technology (ICT) skills,Percent,Female,"Setting up effective security measures (e.g. strong passwords, log-in attempt notification) to protect devices and online accounts",All age ranges or no breakdown by age,Total,6.5549
2017,Proportion of youth and adults with information and communications technology (ICT) skills,Percent,Female,"Finding, downloading, installing and configuring software",All age ranges or no breakdown by age,Total,19.9007
2021,Proportion of youth and adults with information and communications technology (ICT) skills,Percent,Female,"Finding, downloading, installing and configuring software",All age ranges or no breakdown by age,Total,28.4686
2017,Proportion of youth and adults with information and communications technology (ICT) skills,Percent,Female,Transferring files between a computer and other devices,All age ranges or no breakdown by age,Total,56.432
2019,Proportion of youth and adults with information and communications technology (ICT) skills,Percent,Female,Transferring files between a computer and other devices,All age ranges or no breakdown by age,Total,46.9372
2021,Proportion of youth and adults with information and communications technology (ICT) skills,Percent,Female,Transferring files between a computer and other devices,All age ranges or no breakdown by age,Total,14.6411
2017,Proportion of youth and adults with information and communications technology (ICT) skills,Percent,Male,Using basic arithmetic formula in a spreadsheet,All age ranges or no breakdown by age,Total,9.0173
2019,Proportion of youth and adults with information and communications technology (ICT) skills,Percent,Male,Using basic arithmetic formula in a spreadsheet,All age ranges or no breakdown by age,Total,8.9678
2017,Proportion of youth and adults with information and communications technology (ICT) skills,Percent,Male,Copying or moving a file or folder,All age ranges or no breakdown by age,Total,61.5149
2019,Proportion of youth and adults with information and communications technology (ICT) skills,Percent,Male,Copying or moving a file or folder,All age ranges or no breakdown by age,Total,46.0217
2017,Proportion of youth and adults with information and communications technology (ICT) skills,Percent,Male,Using copy and paste tools to duplicate or move information within a document,All age ranges or no breakdown by age,Total,30.6802
2019,Proportion of youth and adults with information and communications technology (ICT) skills,Percent,Male,Using copy and paste tools to duplicate or move information within a document,All age ranges or no breakdown by age,Total,26.1235
2021,Proportion of youth and adults with information and communications technology (ICT) skills,Percent,Male,Using copy and paste tools to duplicate or move information within a document,All age ranges or no breakdown by age,Total,57.766
2019,Proportion of youth and adults with information and communications technology (ICT) skills,Percent,Male,Sending e-mails with attached files,All age ranges or no breakdown by age,Total,34.6681
2021,Proportion of youth and adults with information and communications technology (ICT) skills,Percent,Male,Sending e-mails with attached files,All age ranges or no breakdown by age,Total,33.1533
2017,Proportion of youth and adults with information and communications technology (ICT) skills,Percent,Male,Creating electronic presentations with presentation software,All age ranges or no breakdown by age,Total,14.4534
2019,Proportion of youth and adults with information and communications technology (ICT) skills,Percent,Male,Creating electronic presentations with presentation software,All age ranges or no breakdown by age,Total,13.2163
2021,Proportion of youth and adults with information and communications technology (ICT) skills,Percent,Male,Creating electronic presentations with presentation software,All age ranges or no breakdown by age,Total,17.8193
2021,Proportion of youth and adults with information and communications technology (ICT) skills,Percent,Male,Connecting and installing new devices,All age ranges or no breakdown by age,Total,14.2564
2017,Proportion of youth and adults with information and communications technology (ICT) skills,Percent,Male,Writing a computer program using a specialized programming language,All age ranges or no breakdown by age,Total,3.2758
2019,Proportion of youth and adults with information and communications technology (ICT) skills,Percent,Male,Writing a computer program using a specialized programming language,All age ranges or no breakdown by age,Total,3.4602
2021,Proportion of youth and adults with information and communications technology (ICT) skills,Percent,Male,"Changing privacy settings on your device, account or app to limit the sharing of personal data and information (e.g. name, contact information, photos)",All age ranges or no breakdown by age,Total,8.0617
2021,Proportion of youth and adults with information and communications technology (ICT) skills,Percent,Male,"Setting up effective security measures (e.g. strong passwords, log-in attempt notification) to protect devices and online accounts",All age ranges or no breakdown by age,Total,7.9778
2017,Proportion of youth and adults with information and communications technology (ICT) skills,Percent,Male,"Finding, downloading, installing and configuring software",All age ranges or no breakdown by age,Total,24.9654
2021,Proportion of youth and adults with information and communications technology (ICT) skills,Percent,Male,"Finding, downloading, installing and configuring software",All age ranges or no breakdown by age,Total,34.3584
2017,Proportion of youth and adults with information and communications technology (ICT) skills,Percent,Male,Transferring files between a computer and other devices,All age ranges or no breakdown by age,Total,63.4398
2019,Proportion of youth and adults with information and communications technology (ICT) skills,Percent,Male,Transferring files between a computer and other devices,All age ranges or no breakdown by age,Total,51.4354
2021,Proportion of youth and adults with information and communications technology (ICT) skills,Percent,Male,Transferring files between a computer and other devices,All age ranges or no breakdown by age,Total,15.1926
