Year,SERIES,UNIT_MEASURE,Sex,COMPOSITE_BREAKDOWN,Age,Degree of urbanisation,Value
2017,Proportion of youth and adults with information and communications technology (ICT) skills,Percent,Both sexes or no breakdown by sex,SKILL_ICTARSP,15 to 24 years old,Total,25.325
2019,Proportion of youth and adults with information and communications technology (ICT) skills,Percent,Both sexes or no breakdown by sex,SKILL_ICTARSP,15 to 24 years old,Total,15.6519
2017,Proportion of youth and adults with information and communications technology (ICT) skills,Percent,Both sexes or no breakdown by sex,SKILL_ICTCMFL,15 to 24 years old,Total,90.0649
2019,Proportion of youth and adults with information and communications technology (ICT) skills,Percent,Both sexes or no breakdown by sex,SKILL_ICTCMFL,15 to 24 years old,Total,75.5154
2017,Proportion of youth and adults with information and communications technology (ICT) skills,Percent,Both sexes or no breakdown by sex,SKILL_ICTCOPA,15 to 24 years old,Total,60.021
2019,Proportion of youth and adults with information and communications technology (ICT) skills,Percent,Both sexes or no breakdown by sex,SKILL_ICTCOPA,15 to 24 years old,Total,51.8674
2021,Proportion of youth and adults with information and communications technology (ICT) skills,Percent,Both sexes or no breakdown by sex,SKILL_ICTCOPA,15 to 24 years old,Total,75.0781
2019,Proportion of youth and adults with information and communications technology (ICT) skills,Percent,Both sexes or no breakdown by sex,SKILL_ICTEMAIL,15 to 24 years old,Total,74.2412
2021,Proportion of youth and adults with information and communications technology (ICT) skills,Percent,Both sexes or no breakdown by sex,SKILL_ICTEMAIL,15 to 24 years old,Total,52.4924
2017,Proportion of youth and adults with information and communications technology (ICT) skills,Percent,Both sexes or no breakdown by sex,SKILL_ICTEPRS,15 to 24 years old,Total,36.1258
2019,Proportion of youth and adults with information and communications technology (ICT) skills,Percent,Both sexes or no breakdown by sex,SKILL_ICTEPRS,15 to 24 years old,Total,29.3536
2021,Proportion of youth and adults with information and communications technology (ICT) skills,Percent,Both sexes or no breakdown by sex,SKILL_ICTEPRS,15 to 24 years old,Total,35.0044
2021,Proportion of youth and adults with information and communications technology (ICT) skills,Percent,Both sexes or no breakdown by sex,SKILL_INST,15 to 24 years old,Total,21.5546
2017,Proportion of youth and adults with information and communications technology (ICT) skills,Percent,Both sexes or no breakdown by sex,SKILL_ICTPCPR,15 to 24 years old,Total,5.0306
2019,Proportion of youth and adults with information and communications technology (ICT) skills,Percent,Both sexes or no breakdown by sex,SKILL_ICTPCPR,15 to 24 years old,Total,9.6521
2021,Proportion of youth and adults with information and communications technology (ICT) skills,Percent,Both sexes or no breakdown by sex,SKILL_PRVCY,15 to 24 years old,Total,20.5642
2021,Proportion of youth and adults with information and communications technology (ICT) skills,Percent,Both sexes or no breakdown by sex,SKILL_SCRTY,15 to 24 years old,Total,18.716
2017,Proportion of youth and adults with information and communications technology (ICT) skills,Percent,Both sexes or no breakdown by sex,SKILL_ICTSOFT,15 to 24 years old,Total,51.7198
2021,Proportion of youth and adults with information and communications technology (ICT) skills,Percent,Both sexes or no breakdown by sex,SKILL_ICTSOFT,15 to 24 years old,Total,54.1798
2017,Proportion of youth and adults with information and communications technology (ICT) skills,Percent,Both sexes or no breakdown by sex,SKILL_ICTTRAF,15 to 24 years old,Total,86.9837
2019,Proportion of youth and adults with information and communications technology (ICT) skills,Percent,Both sexes or no breakdown by sex,SKILL_ICTTRAF,15 to 24 years old,Total,80.7212
2021,Proportion of youth and adults with information and communications technology (ICT) skills,Percent,Both sexes or no breakdown by sex,SKILL_ICTTRAF,15 to 24 years old,Total,40.3945
2017,Proportion of youth and adults with information and communications technology (ICT) skills,Percent,Female,SKILL_ICTARSP,15 to 24 years old,Total,28.3095
2019,Proportion of youth and adults with information and communications technology (ICT) skills,Percent,Female,SKILL_ICTARSP,15 to 24 years old,Total,19.1719
2017,Proportion of youth and adults with information and communications technology (ICT) skills,Percent,Female,SKILL_ICTCMFL,15 to 24 years old,Total,90.5588
2019,Proportion of youth and adults with information and communications technology (ICT) skills,Percent,Female,SKILL_ICTCMFL,15 to 24 years old,Total,71.8847
2017,Proportion of youth and adults with information and communications technology (ICT) skills,Percent,Female,SKILL_ICTCOPA,15 to 24 years old,Total,60.9386
2019,Proportion of youth and adults with information and communications technology (ICT) skills,Percent,Female,SKILL_ICTCOPA,15 to 24 years old,Total,58.7037
2021,Proportion of youth and adults with information and communications technology (ICT) skills,Percent,Female,SKILL_ICTCOPA,15 to 24 years old,Total,74.2746
2019,Proportion of youth and adults with information and communications technology (ICT) skills,Percent,Female,SKILL_ICTEMAIL,15 to 24 years old,Total,78.3804
2021,Proportion of youth and adults with information and communications technology (ICT) skills,Percent,Female,SKILL_ICTEMAIL,15 to 24 years old,Total,54.8343
2017,Proportion of youth and adults with information and communications technology (ICT) skills,Percent,Female,SKILL_ICTEPRS,15 to 24 years old,Total,35.136
2019,Proportion of youth and adults with information and communications technology (ICT) skills,Percent,Female,SKILL_ICTEPRS,15 to 24 years old,Total,37.9807
2021,Proportion of youth and adults with information and communications technology (ICT) skills,Percent,Female,SKILL_ICTEPRS,15 to 24 years old,Total,31.4196
2021,Proportion of youth and adults with information and communications technology (ICT) skills,Percent,Female,SKILL_INST,15 to 24 years old,Total,18.4915
2017,Proportion of youth and adults with information and communications technology (ICT) skills,Percent,Female,SKILL_ICTPCPR,15 to 24 years old,Total,3.5364
2019,Proportion of youth and adults with information and communications technology (ICT) skills,Percent,Female,SKILL_ICTPCPR,15 to 24 years old,Total,8.0484
2021,Proportion of youth and adults with information and communications technology (ICT) skills,Percent,Female,SKILL_PRVCY,15 to 24 years old,Total,18.4915
2021,Proportion of youth and adults with information and communications technology (ICT) skills,Percent,Female,SKILL_SCRTY,15 to 24 years old,Total,17.6058
2017,Proportion of youth and adults with information and communications technology (ICT) skills,Percent,Female,SKILL_ICTSOFT,15 to 24 years old,Total,50.1609
2021,Proportion of youth and adults with information and communications technology (ICT) skills,Percent,Female,SKILL_ICTSOFT,15 to 24 years old,Total,56.2593
2017,Proportion of youth and adults with information and communications technology (ICT) skills,Percent,Female,SKILL_ICTTRAF,15 to 24 years old,Total,83.9854
2019,Proportion of youth and adults with information and communications technology (ICT) skills,Percent,Female,SKILL_ICTTRAF,15 to 24 years old,Total,80.9029
2021,Proportion of youth and adults with information and communications technology (ICT) skills,Percent,Female,SKILL_ICTTRAF,15 to 24 years old,Total,40.7279
2017,Proportion of youth and adults with information and communications technology (ICT) skills,Percent,Male,SKILL_ICTARSP,15 to 24 years old,Total,22.8013
2019,Proportion of youth and adults with information and communications technology (ICT) skills,Percent,Male,SKILL_ICTARSP,15 to 24 years old,Total,14.4235
2017,Proportion of youth and adults with information and communications technology (ICT) skills,Percent,Male,SKILL_ICTCMFL,15 to 24 years old,Total,89.6473
2019,Proportion of youth and adults with information and communications technology (ICT) skills,Percent,Male,SKILL_ICTCMFL,15 to 24 years old,Total,76.7823
2017,Proportion of youth and adults with information and communications technology (ICT) skills,Percent,Male,SKILL_ICTCOPA,15 to 24 years old,Total,59.2451
2019,Proportion of youth and adults with information and communications technology (ICT) skills,Percent,Male,SKILL_ICTCOPA,15 to 24 years old,Total,49.4818
2021,Proportion of youth and adults with information and communications technology (ICT) skills,Percent,Male,SKILL_ICTCOPA,15 to 24 years old,Total,76.0752
2019,Proportion of youth and adults with information and communications technology (ICT) skills,Percent,Male,SKILL_ICTEMAIL,15 to 24 years old,Total,72.7967
2021,Proportion of youth and adults with information and communications technology (ICT) skills,Percent,Male,SKILL_ICTEMAIL,15 to 24 years old,Total,49.5864
2017,Proportion of youth and adults with information and communications technology (ICT) skills,Percent,Male,SKILL_ICTEPRS,15 to 24 years old,Total,36.9629
2019,Proportion of youth and adults with information and communications technology (ICT) skills,Percent,Male,SKILL_ICTEPRS,15 to 24 years old,Total,26.343
2021,Proportion of youth and adults with information and communications technology (ICT) skills,Percent,Male,SKILL_ICTEPRS,15 to 24 years old,Total,39.4527
2021,Proportion of youth and adults with information and communications technology (ICT) skills,Percent,Male,SKILL_INST,15 to 24 years old,Total,25.3556
2017,Proportion of youth and adults with information and communications technology (ICT) skills,Percent,Male,SKILL_ICTPCPR,15 to 24 years old,Total,6.2941
2019,Proportion of youth and adults with information and communications technology (ICT) skills,Percent,Male,SKILL_ICTPCPR,15 to 24 years old,Total,10.2118
2021,Proportion of youth and adults with information and communications technology (ICT) skills,Percent,Male,SKILL_PRVCY,15 to 24 years old,Total,23.1361
2021,Proportion of youth and adults with information and communications technology (ICT) skills,Percent,Male,SKILL_SCRTY,15 to 24 years old,Total,20.0937
2017,Proportion of youth and adults with information and communications technology (ICT) skills,Percent,Male,SKILL_ICTSOFT,15 to 24 years old,Total,53.038
2021,Proportion of youth and adults with information and communications technology (ICT) skills,Percent,Male,SKILL_ICTSOFT,15 to 24 years old,Total,51.5995
2017,Proportion of youth and adults with information and communications technology (ICT) skills,Percent,Male,SKILL_ICTTRAF,15 to 24 years old,Total,89.519
2019,Proportion of youth and adults with information and communications technology (ICT) skills,Percent,Male,SKILL_ICTTRAF,15 to 24 years old,Total,80.6578
2021,Proportion of youth and adults with information and communications technology (ICT) skills,Percent,Male,SKILL_ICTTRAF,15 to 24 years old,Total,39.9809
2017,Proportion of youth and adults with information and communications technology (ICT) skills,Percent,Both sexes or no breakdown by sex,SKILL_ICTARSP,25 to 74 years old,Total,7.092
2019,Proportion of youth and adults with information and communications technology (ICT) skills,Percent,Both sexes or no breakdown by sex,SKILL_ICTARSP,25 to 74 years old,Total,6.5454
2017,Proportion of youth and adults with information and communications technology (ICT) skills,Percent,Both sexes or no breakdown by sex,SKILL_ICTCMFL,25 to 74 years old,Total,55.7283
2019,Proportion of youth and adults with information and communications technology (ICT) skills,Percent,Both sexes or no breakdown by sex,SKILL_ICTCMFL,25 to 74 years old,Total,40.8516
2017,Proportion of youth and adults with information and communications technology (ICT) skills,Percent,Both sexes or no breakdown by sex,SKILL_ICTCOPA,25 to 74 years old,Total,24.0546
2019,Proportion of youth and adults with information and communications technology (ICT) skills,Percent,Both sexes or no breakdown by sex,SKILL_ICTCOPA,25 to 74 years old,Total,18.9015
2021,Proportion of youth and adults with information and communications technology (ICT) skills,Percent,Both sexes or no breakdown by sex,SKILL_ICTCOPA,25 to 74 years old,Total,53.6583
2019,Proportion of youth and adults with information and communications technology (ICT) skills,Percent,Both sexes or no breakdown by sex,SKILL_ICTEMAIL,25 to 74 years old,Total,24.7476
2021,Proportion of youth and adults with information and communications technology (ICT) skills,Percent,Both sexes or no breakdown by sex,SKILL_ICTEMAIL,25 to 74 years old,Total,30.0079
2017,Proportion of youth and adults with information and communications technology (ICT) skills,Percent,Both sexes or no breakdown by sex,SKILL_ICTEPRS,25 to 74 years old,Total,9.4206
2019,Proportion of youth and adults with information and communications technology (ICT) skills,Percent,Both sexes or no breakdown by sex,SKILL_ICTEPRS,25 to 74 years old,Total,8.8774
2021,Proportion of youth and adults with information and communications technology (ICT) skills,Percent,Both sexes or no breakdown by sex,SKILL_ICTEPRS,25 to 74 years old,Total,14.7368
2021,Proportion of youth and adults with information and communications technology (ICT) skills,Percent,Both sexes or no breakdown by sex,SKILL_INST,25 to 74 years old,Total,11.5238
2017,Proportion of youth and adults with information and communications technology (ICT) skills,Percent,Both sexes or no breakdown by sex,SKILL_ICTPCPR,25 to 74 years old,Total,1.7091
2019,Proportion of youth and adults with information and communications technology (ICT) skills,Percent,Both sexes or no breakdown by sex,SKILL_ICTPCPR,25 to 74 years old,Total,1.2257
2021,Proportion of youth and adults with information and communications technology (ICT) skills,Percent,Both sexes or no breakdown by sex,SKILL_PRVCY,25 to 74 years old,Total,5.5472
2021,Proportion of youth and adults with information and communications technology (ICT) skills,Percent,Both sexes or no breakdown by sex,SKILL_SCRTY,25 to 74 years old,Total,6.2521
2017,Proportion of youth and adults with information and communications technology (ICT) skills,Percent,Both sexes or no breakdown by sex,SKILL_ICTSOFT,25 to 74 years old,Total,18.5155
2021,Proportion of youth and adults with information and communications technology (ICT) skills,Percent,Both sexes or no breakdown by sex,SKILL_ICTSOFT,25 to 74 years old,Total,29.273
2017,Proportion of youth and adults with information and communications technology (ICT) skills,Percent,Both sexes or no breakdown by sex,SKILL_ICTTRAF,25 to 74 years old,Total,56.245
2019,Proportion of youth and adults with information and communications technology (ICT) skills,Percent,Both sexes or no breakdown by sex,SKILL_ICTTRAF,25 to 74 years old,Total,45.1866
2021,Proportion of youth and adults with information and communications technology (ICT) skills,Percent,Both sexes or no breakdown by sex,SKILL_ICTTRAF,25 to 74 years old,Total,12.7656
2017,Proportion of youth and adults with information and communications technology (ICT) skills,Percent,Female,SKILL_ICTARSP,25 to 74 years old,Total,7.2161
2019,Proportion of youth and adults with information and communications technology (ICT) skills,Percent,Female,SKILL_ICTARSP,25 to 74 years old,Total,5.5713
2017,Proportion of youth and adults with information and communications technology (ICT) skills,Percent,Female,SKILL_ICTCMFL,25 to 74 years old,Total,54.3779
2019,Proportion of youth and adults with information and communications technology (ICT) skills,Percent,Female,SKILL_ICTCMFL,25 to 74 years old,Total,41.7908
2017,Proportion of youth and adults with information and communications technology (ICT) skills,Percent,Female,SKILL_ICTCOPA,25 to 74 years old,Total,22.0359
2019,Proportion of youth and adults with information and communications technology (ICT) skills,Percent,Female,SKILL_ICTCOPA,25 to 74 years old,Total,17.117
2021,Proportion of youth and adults with information and communications technology (ICT) skills,Percent,Female,SKILL_ICTCOPA,25 to 74 years old,Total,51.3753
2019,Proportion of youth and adults with information and communications technology (ICT) skills,Percent,Female,SKILL_ICTEMAIL,25 to 74 years old,Total,23.2487
2021,Proportion of youth and adults with information and communications technology (ICT) skills,Percent,Female,SKILL_ICTEMAIL,25 to 74 years old,Total,28.4276
2017,Proportion of youth and adults with information and communications technology (ICT) skills,Percent,Female,SKILL_ICTEPRS,25 to 74 years old,Total,7.9923
2019,Proportion of youth and adults with information and communications technology (ICT) skills,Percent,Female,SKILL_ICTEPRS,25 to 74 years old,Total,7.6622
2021,Proportion of youth and adults with information and communications technology (ICT) skills,Percent,Female,SKILL_ICTEPRS,25 to 74 years old,Total,13.5729
2021,Proportion of youth and adults with information and communications technology (ICT) skills,Percent,Female,SKILL_INST,25 to 74 years old,Total,9.93
2017,Proportion of youth and adults with information and communications technology (ICT) skills,Percent,Female,SKILL_ICTPCPR,25 to 74 years old,Total,0.7474
2019,Proportion of youth and adults with information and communications technology (ICT) skills,Percent,Female,SKILL_ICTPCPR,25 to 74 years old,Total,0.5985
2021,Proportion of youth and adults with information and communications technology (ICT) skills,Percent,Female,SKILL_PRVCY,25 to 74 years old,Total,4.4186
2021,Proportion of youth and adults with information and communications technology (ICT) skills,Percent,Female,SKILL_SCRTY,25 to 74 years old,Total,5.6007
2017,Proportion of youth and adults with information and communications technology (ICT) skills,Percent,Female,SKILL_ICTSOFT,25 to 74 years old,Total,16.5846
2021,Proportion of youth and adults with information and communications technology (ICT) skills,Percent,Female,SKILL_ICTSOFT,25 to 74 years old,Total,26.0693
2017,Proportion of youth and adults with information and communications technology (ICT) skills,Percent,Female,SKILL_ICTTRAF,25 to 74 years old,Total,53.4126
2019,Proportion of youth and adults with information and communications technology (ICT) skills,Percent,Female,SKILL_ICTTRAF,25 to 74 years old,Total,45.0656
2021,Proportion of youth and adults with information and communications technology (ICT) skills,Percent,Female,SKILL_ICTTRAF,25 to 74 years old,Total,12.3889
2017,Proportion of youth and adults with information and communications technology (ICT) skills,Percent,Male,SKILL_ICTARSP,25 to 74 years old,Total,6.9483
2019,Proportion of youth and adults with information and communications technology (ICT) skills,Percent,Male,SKILL_ICTARSP,25 to 74 years old,Total,7.831
2017,Proportion of youth and adults with information and communications technology (ICT) skills,Percent,Male,SKILL_ICTCMFL,25 to 74 years old,Total,57.2922
2019,Proportion of youth and adults with information and communications technology (ICT) skills,Percent,Male,SKILL_ICTCMFL,25 to 74 years old,Total,39.6121
2017,Proportion of youth and adults with information and communications technology (ICT) skills,Percent,Male,SKILL_ICTCOPA,25 to 74 years old,Total,26.3926
2019,Proportion of youth and adults with information and communications technology (ICT) skills,Percent,Male,SKILL_ICTCOPA,25 to 74 years old,Total,21.2563
2021,Proportion of youth and adults with information and communications technology (ICT) skills,Percent,Male,SKILL_ICTCOPA,25 to 74 years old,Total,56.2948
2019,Proportion of youth and adults with information and communications technology (ICT) skills,Percent,Male,SKILL_ICTEMAIL,25 to 74 years old,Total,26.7254
2021,Proportion of youth and adults with information and communications technology (ICT) skills,Percent,Male,SKILL_ICTEMAIL,25 to 74 years old,Total,31.8328
2017,Proportion of youth and adults with information and communications technology (ICT) skills,Percent,Male,SKILL_ICTEPRS,25 to 74 years old,Total,11.0747
2019,Proportion of youth and adults with information and communications technology (ICT) skills,Percent,Male,SKILL_ICTEPRS,25 to 74 years old,Total,10.4811
2021,Proportion of youth and adults with information and communications technology (ICT) skills,Percent,Male,SKILL_ICTEPRS,25 to 74 years old,Total,16.0809
2021,Proportion of youth and adults with information and communications technology (ICT) skills,Percent,Male,SKILL_INST,25 to 74 years old,Total,13.3645
2017,Proportion of youth and adults with information and communications technology (ICT) skills,Percent,Male,SKILL_ICTPCPR,25 to 74 years old,Total,2.8227
2019,Proportion of youth and adults with information and communications technology (ICT) skills,Percent,Male,SKILL_ICTPCPR,25 to 74 years old,Total,2.0534
2021,Proportion of youth and adults with information and communications technology (ICT) skills,Percent,Male,SKILL_PRVCY,25 to 74 years old,Total,6.8504
2021,Proportion of youth and adults with information and communications technology (ICT) skills,Percent,Male,SKILL_SCRTY,25 to 74 years old,Total,7.0043
2017,Proportion of youth and adults with information and communications technology (ICT) skills,Percent,Male,SKILL_ICTSOFT,25 to 74 years old,Total,20.7518
2021,Proportion of youth and adults with information and communications technology (ICT) skills,Percent,Male,SKILL_ICTSOFT,25 to 74 years old,Total,32.9728
2017,Proportion of youth and adults with information and communications technology (ICT) skills,Percent,Male,SKILL_ICTTRAF,25 to 74 years old,Total,59.5255
2019,Proportion of youth and adults with information and communications technology (ICT) skills,Percent,Male,SKILL_ICTTRAF,25 to 74 years old,Total,45.3462
2021,Proportion of youth and adults with information and communications technology (ICT) skills,Percent,Male,SKILL_ICTTRAF,25 to 74 years old,Total,13.2006
2017,Proportion of youth and adults with information and communications technology (ICT) skills,Percent,Both sexes or no breakdown by sex,SKILL_ICTARSP,All age ranges or no breakdown by age,Total,9.1661
2019,Proportion of youth and adults with information and communications technology (ICT) skills,Percent,Both sexes or no breakdown by sex,SKILL_ICTARSP,All age ranges or no breakdown by age,Total,7.5297
2021,Proportion of youth and adults with information and communications technology (ICT) skills,Percent,Both sexes or no breakdown by sex,SKILL_ICTARSP,All age ranges or no breakdown by age,Total,18.0404
2017,Proportion of youth and adults with information and communications technology (ICT) skills,Percent,Both sexes or no breakdown by sex,SKILL_ICTCMFL,All age ranges or no breakdown by age,Total,59.6343
2019,Proportion of youth and adults with information and communications technology (ICT) skills,Percent,Both sexes or no breakdown by sex,SKILL_ICTCMFL,All age ranges or no breakdown by age,Total,44.598
2017,Proportion of youth and adults with information and communications technology (ICT) skills,Percent,Both sexes or no breakdown by sex,SKILL_ICTCOPA,All age ranges or no breakdown by age,Total,28.1461
2019,Proportion of youth and adults with information and communications technology (ICT) skills,Percent,Both sexes or no breakdown by sex,SKILL_ICTCOPA,All age ranges or no breakdown by age,Total,22.4644
2021,Proportion of youth and adults with information and communications technology (ICT) skills,Percent,Both sexes or no breakdown by sex,SKILL_ICTCOPA,All age ranges or no breakdown by age,Total,55.3102
2019,Proportion of youth and adults with information and communications technology (ICT) skills,Percent,Both sexes or no breakdown by sex,SKILL_ICTEMAIL,All age ranges or no breakdown by age,Total,30.0959
2021,Proportion of youth and adults with information and communications technology (ICT) skills,Percent,Both sexes or no breakdown by sex,SKILL_ICTEMAIL,All age ranges or no breakdown by age,Total,31.7418
2017,Proportion of youth and adults with information and communications technology (ICT) skills,Percent,Both sexes or no breakdown by sex,SKILL_ICTEPRS,All age ranges or no breakdown by age,Total,12.4585
2019,Proportion of youth and adults with information and communications technology (ICT) skills,Percent,Both sexes or no breakdown by sex,SKILL_ICTEPRS,All age ranges or no breakdown by age,Total,11.0905
2021,Proportion of youth and adults with information and communications technology (ICT) skills,Percent,Both sexes or no breakdown by sex,SKILL_ICTEPRS,All age ranges or no breakdown by age,Total,16.2998
2021,Proportion of youth and adults with information and communications technology (ICT) skills,Percent,Both sexes or no breakdown by sex,SKILL_INST,All age ranges or no breakdown by age,Total,12.2974
2017,Proportion of youth and adults with information and communications technology (ICT) skills,Percent,Both sexes or no breakdown by sex,SKILL_ICTPCPR,All age ranges or no breakdown by age,Total,2.0869
2019,Proportion of youth and adults with information and communications technology (ICT) skills,Percent,Both sexes or no breakdown by sex,SKILL_ICTPCPR,All age ranges or no breakdown by age,Total,2.1364
2021,Proportion of youth and adults with information and communications technology (ICT) skills,Percent,Both sexes or no breakdown by sex,SKILL_ICTPCPR,All age ranges or no breakdown by age,Total,2.0916
2021,Proportion of youth and adults with information and communications technology (ICT) skills,Percent,Both sexes or no breakdown by sex,SKILL_PRVCY,All age ranges or no breakdown by age,Total,6.7052
2021,Proportion of youth and adults with information and communications technology (ICT) skills,Percent,Both sexes or no breakdown by sex,SKILL_SCRTY,All age ranges or no breakdown by age,Total,7.2133
2017,Proportion of youth and adults with information and communications technology (ICT) skills,Percent,Both sexes or no breakdown by sex,SKILL_ICTSOFT,All age ranges or no breakdown by age,Total,22.2927
2021,Proportion of youth and adults with information and communications technology (ICT) skills,Percent,Both sexes or no breakdown by sex,SKILL_ICTSOFT,All age ranges or no breakdown by age,Total,31.1938
2017,Proportion of youth and adults with information and communications technology (ICT) skills,Percent,Both sexes or no breakdown by sex,SKILL_ICTTRAF,All age ranges or no breakdown by age,Total,59.7417
2019,Proportion of youth and adults with information and communications technology (ICT) skills,Percent,Both sexes or no breakdown by sex,SKILL_ICTTRAF,All age ranges or no breakdown by age,Total,49.0272
2021,Proportion of youth and adults with information and communications technology (ICT) skills,Percent,Both sexes or no breakdown by sex,SKILL_ICTTRAF,All age ranges or no breakdown by age,Total,14.8963
2017,Proportion of youth and adults with information and communications technology (ICT) skills,Percent,Female,SKILL_ICTARSP,All age ranges or no breakdown by age,Total,9.2994
2019,Proportion of youth and adults with information and communications technology (ICT) skills,Percent,Female,SKILL_ICTARSP,All age ranges or no breakdown by age,Total,6.2816
2017,Proportion of youth and adults with information and communications technology (ICT) skills,Percent,Female,SKILL_ICTCMFL,All age ranges or no breakdown by age,Total,57.9513
2019,Proportion of youth and adults with information and communications technology (ICT) skills,Percent,Female,SKILL_ICTCMFL,All age ranges or no breakdown by age,Total,43.3625
2017,Proportion of youth and adults with information and communications technology (ICT) skills,Percent,Female,SKILL_ICTCOPA,All age ranges or no breakdown by age,Total,25.8782
2019,Proportion of youth and adults with information and communications technology (ICT) skills,Percent,Female,SKILL_ICTCOPA,All age ranges or no breakdown by age,Total,19.2888
2021,Proportion of youth and adults with information and communications technology (ICT) skills,Percent,Female,SKILL_ICTCOPA,All age ranges or no breakdown by age,Total,53.1953
2019,Proportion of youth and adults with information and communications technology (ICT) skills,Percent,Female,SKILL_ICTEMAIL,All age ranges or no breakdown by age,Total,26.1279
2021,Proportion of youth and adults with information and communications technology (ICT) skills,Percent,Female,SKILL_ICTEMAIL,All age ranges or no breakdown by age,Total,30.5263
2017,Proportion of youth and adults with information and communications technology (ICT) skills,Percent,Female,SKILL_ICTEPRS,All age ranges or no breakdown by age,Total,10.6731
2019,Proportion of youth and adults with information and communications technology (ICT) skills,Percent,Female,SKILL_ICTEPRS,All age ranges or no breakdown by age,Total,9.2455
2021,Proportion of youth and adults with information and communications technology (ICT) skills,Percent,Female,SKILL_ICTEPRS,All age ranges or no breakdown by age,Total,14.9913
2021,Proportion of youth and adults with information and communications technology (ICT) skills,Percent,Female,SKILL_INST,All age ranges or no breakdown by age,Total,10.6104
2017,Proportion of youth and adults with information and communications technology (ICT) skills,Percent,Female,SKILL_ICTPCPR,All age ranges or no breakdown by age,Total,1.0229
2019,Proportion of youth and adults with information and communications technology (ICT) skills,Percent,Female,SKILL_ICTPCPR,All age ranges or no breakdown by age,Total,0.9875
2021,Proportion of youth and adults with information and communications technology (ICT) skills,Percent,Female,SKILL_PRVCY,All age ranges or no breakdown by age,Total,5.5371
2021,Proportion of youth and adults with information and communications technology (ICT) skills,Percent,Female,SKILL_SCRTY,All age ranges or no breakdown by age,Total,6.5549
2017,Proportion of youth and adults with information and communications technology (ICT) skills,Percent,Female,SKILL_ICTSOFT,All age ranges or no breakdown by age,Total,19.9007
2021,Proportion of youth and adults with information and communications technology (ICT) skills,Percent,Female,SKILL_ICTSOFT,All age ranges or no breakdown by age,Total,28.4686
2017,Proportion of youth and adults with information and communications technology (ICT) skills,Percent,Female,SKILL_ICTTRAF,All age ranges or no breakdown by age,Total,56.432
2019,Proportion of youth and adults with information and communications technology (ICT) skills,Percent,Female,SKILL_ICTTRAF,All age ranges or no breakdown by age,Total,46.9372
2021,Proportion of youth and adults with information and communications technology (ICT) skills,Percent,Female,SKILL_ICTTRAF,All age ranges or no breakdown by age,Total,14.6411
2017,Proportion of youth and adults with information and communications technology (ICT) skills,Percent,Male,SKILL_ICTARSP,All age ranges or no breakdown by age,Total,9.0173
2019,Proportion of youth and adults with information and communications technology (ICT) skills,Percent,Male,SKILL_ICTARSP,All age ranges or no breakdown by age,Total,8.9678
2017,Proportion of youth and adults with information and communications technology (ICT) skills,Percent,Male,SKILL_ICTCMFL,All age ranges or no breakdown by age,Total,61.5149
2019,Proportion of youth and adults with information and communications technology (ICT) skills,Percent,Male,SKILL_ICTCMFL,All age ranges or no breakdown by age,Total,46.0217
2017,Proportion of youth and adults with information and communications technology (ICT) skills,Percent,Male,SKILL_ICTCOPA,All age ranges or no breakdown by age,Total,30.6802
2019,Proportion of youth and adults with information and communications technology (ICT) skills,Percent,Male,SKILL_ICTCOPA,All age ranges or no breakdown by age,Total,26.1235
2021,Proportion of youth and adults with information and communications technology (ICT) skills,Percent,Male,SKILL_ICTCOPA,All age ranges or no breakdown by age,Total,57.766
2019,Proportion of youth and adults with information and communications technology (ICT) skills,Percent,Male,SKILL_ICTEMAIL,All age ranges or no breakdown by age,Total,34.6681
2021,Proportion of youth and adults with information and communications technology (ICT) skills,Percent,Male,SKILL_ICTEMAIL,All age ranges or no breakdown by age,Total,33.1533
2017,Proportion of youth and adults with information and communications technology (ICT) skills,Percent,Male,SKILL_ICTEPRS,All age ranges or no breakdown by age,Total,14.4534
2019,Proportion of youth and adults with information and communications technology (ICT) skills,Percent,Male,SKILL_ICTEPRS,All age ranges or no breakdown by age,Total,13.2163
2021,Proportion of youth and adults with information and communications technology (ICT) skills,Percent,Male,SKILL_ICTEPRS,All age ranges or no breakdown by age,Total,17.8193
2021,Proportion of youth and adults with information and communications technology (ICT) skills,Percent,Male,SKILL_INST,All age ranges or no breakdown by age,Total,14.2564
2017,Proportion of youth and adults with information and communications technology (ICT) skills,Percent,Male,SKILL_ICTPCPR,All age ranges or no breakdown by age,Total,3.2758
2019,Proportion of youth and adults with information and communications technology (ICT) skills,Percent,Male,SKILL_ICTPCPR,All age ranges or no breakdown by age,Total,3.4602
2021,Proportion of youth and adults with information and communications technology (ICT) skills,Percent,Male,SKILL_PRVCY,All age ranges or no breakdown by age,Total,8.0617
2021,Proportion of youth and adults with information and communications technology (ICT) skills,Percent,Male,SKILL_SCRTY,All age ranges or no breakdown by age,Total,7.9778
2017,Proportion of youth and adults with information and communications technology (ICT) skills,Percent,Male,SKILL_ICTSOFT,All age ranges or no breakdown by age,Total,24.9654
2021,Proportion of youth and adults with information and communications technology (ICT) skills,Percent,Male,SKILL_ICTSOFT,All age ranges or no breakdown by age,Total,34.3584
2017,Proportion of youth and adults with information and communications technology (ICT) skills,Percent,Male,SKILL_ICTTRAF,All age ranges or no breakdown by age,Total,63.4398
2019,Proportion of youth and adults with information and communications technology (ICT) skills,Percent,Male,SKILL_ICTTRAF,All age ranges or no breakdown by age,Total,51.4354
2021,Proportion of youth and adults with information and communications technology (ICT) skills,Percent,Male,SKILL_ICTTRAF,All age ranges or no breakdown by age,Total,15.1926
2017,Proportion of youth and adults with information and communications technology (ICT) skills,Percent,Both sexes or no breakdown by sex,SKILL_ICTARSP,All age ranges or no breakdown by age,Rural,7.421
2019,Proportion of youth and adults with information and communications technology (ICT) skills,Percent,Both sexes or no breakdown by sex,SKILL_ICTARSP,All age ranges or no breakdown by age,Rural,5.467
2017,Proportion of youth and adults with information and communications technology (ICT) skills,Percent,Both sexes or no breakdown by sex,SKILL_ICTCMFL,All age ranges or no breakdown by age,Rural,55.4858
2019,Proportion of youth and adults with information and communications technology (ICT) skills,Percent,Both sexes or no breakdown by sex,SKILL_ICTCMFL,All age ranges or no breakdown by age,Rural,41.8245
2017,Proportion of youth and adults with information and communications technology (ICT) skills,Percent,Both sexes or no breakdown by sex,SKILL_ICTCOPA,All age ranges or no breakdown by age,Rural,23.8352
2019,Proportion of youth and adults with information and communications technology (ICT) skills,Percent,Both sexes or no breakdown by sex,SKILL_ICTCOPA,All age ranges or no breakdown by age,Rural,19.3842
2021,Proportion of youth and adults with information and communications technology (ICT) skills,Percent,Both sexes or no breakdown by sex,SKILL_ICTCOPA,All age ranges or no breakdown by age,Rural,52.9316
2019,Proportion of youth and adults with information and communications technology (ICT) skills,Percent,Both sexes or no breakdown by sex,SKILL_ICTEMAIL,All age ranges or no breakdown by age,Rural,24.9428
2021,Proportion of youth and adults with information and communications technology (ICT) skills,Percent,Both sexes or no breakdown by sex,SKILL_ICTEMAIL,All age ranges or no breakdown by age,Rural,29.1615
2017,Proportion of youth and adults with information and communications technology (ICT) skills,Percent,Both sexes or no breakdown by sex,SKILL_ICTEPRS,All age ranges or no breakdown by age,Rural,7.6358
2019,Proportion of youth and adults with information and communications technology (ICT) skills,Percent,Both sexes or no breakdown by sex,SKILL_ICTEPRS,All age ranges or no breakdown by age,Rural,8.4952
2021,Proportion of youth and adults with information and communications technology (ICT) skills,Percent,Both sexes or no breakdown by sex,SKILL_ICTEPRS,All age ranges or no breakdown by age,Rural,14.4463
2021,Proportion of youth and adults with information and communications technology (ICT) skills,Percent,Both sexes or no breakdown by sex,SKILL_INST,All age ranges or no breakdown by age,Rural,10.5366
2017,Proportion of youth and adults with information and communications technology (ICT) skills,Percent,Both sexes or no breakdown by sex,SKILL_ICTPCPR,All age ranges or no breakdown by age,Rural,1.8052
2019,Proportion of youth and adults with information and communications technology (ICT) skills,Percent,Both sexes or no breakdown by sex,SKILL_ICTPCPR,All age ranges or no breakdown by age,Rural,1.8106
2021,Proportion of youth and adults with information and communications technology (ICT) skills,Percent,Both sexes or no breakdown by sex,SKILL_PRVCY,All age ranges or no breakdown by age,Rural,5.0968
2021,Proportion of youth and adults with information and communications technology (ICT) skills,Percent,Both sexes or no breakdown by sex,SKILL_SCRTY,All age ranges or no breakdown by age,Rural,6.1761
2017,Proportion of youth and adults with information and communications technology (ICT) skills,Percent,Both sexes or no breakdown by sex,SKILL_ICTSOFT,All age ranges or no breakdown by age,Rural,18.2172
2021,Proportion of youth and adults with information and communications technology (ICT) skills,Percent,Both sexes or no breakdown by sex,SKILL_ICTSOFT,All age ranges or no breakdown by age,Rural,29.5152
2017,Proportion of youth and adults with information and communications technology (ICT) skills,Percent,Both sexes or no breakdown by sex,SKILL_ICTTRAF,All age ranges or no breakdown by age,Rural,56.9408
2019,Proportion of youth and adults with information and communications technology (ICT) skills,Percent,Both sexes or no breakdown by sex,SKILL_ICTTRAF,All age ranges or no breakdown by age,Rural,46.0333
2021,Proportion of youth and adults with information and communications technology (ICT) skills,Percent,Both sexes or no breakdown by sex,SKILL_ICTTRAF,All age ranges or no breakdown by age,Rural,12.8297
2017,Proportion of youth and adults with information and communications technology (ICT) skills,Percent,Female,SKILL_ICTARSP,All age ranges or no breakdown by age,Rural,7.5968
2019,Proportion of youth and adults with information and communications technology (ICT) skills,Percent,Female,SKILL_ICTARSP,All age ranges or no breakdown by age,Rural,4.5667
2017,Proportion of youth and adults with information and communications technology (ICT) skills,Percent,Female,SKILL_ICTCMFL,All age ranges or no breakdown by age,Rural,52.5243
2019,Proportion of youth and adults with information and communications technology (ICT) skills,Percent,Female,SKILL_ICTCMFL,All age ranges or no breakdown by age,Rural,42.3697
2017,Proportion of youth and adults with information and communications technology (ICT) skills,Percent,Female,SKILL_ICTCOPA,All age ranges or no breakdown by age,Rural,20.5193
2019,Proportion of youth and adults with information and communications technology (ICT) skills,Percent,Female,SKILL_ICTCOPA,All age ranges or no breakdown by age,Rural,16.4503
2021,Proportion of youth and adults with information and communications technology (ICT) skills,Percent,Female,SKILL_ICTCOPA,All age ranges or no breakdown by age,Rural,51.6408
2019,Proportion of youth and adults with information and communications technology (ICT) skills,Percent,Female,SKILL_ICTEMAIL,All age ranges or no breakdown by age,Rural,22.0356
2021,Proportion of youth and adults with information and communications technology (ICT) skills,Percent,Female,SKILL_ICTEMAIL,All age ranges or no breakdown by age,Rural,27.5185
2017,Proportion of youth and adults with information and communications technology (ICT) skills,Percent,Female,SKILL_ICTEPRS,All age ranges or no breakdown by age,Rural,6.0521
2019,Proportion of youth and adults with information and communications technology (ICT) skills,Percent,Female,SKILL_ICTEPRS,All age ranges or no breakdown by age,Rural,6.2373
2021,Proportion of youth and adults with information and communications technology (ICT) skills,Percent,Female,SKILL_ICTEPRS,All age ranges or no breakdown by age,Rural,12.6906
2021,Proportion of youth and adults with information and communications technology (ICT) skills,Percent,Female,SKILL_INST,All age ranges or no breakdown by age,Rural,9.5598
2017,Proportion of youth and adults with information and communications technology (ICT) skills,Percent,Female,SKILL_ICTPCPR,All age ranges or no breakdown by age,Rural,0.866
2019,Proportion of youth and adults with information and communications technology (ICT) skills,Percent,Female,SKILL_ICTPCPR,All age ranges or no breakdown by age,Rural,0.7671
2021,Proportion of youth and adults with information and communications technology (ICT) skills,Percent,Female,SKILL_PRVCY,All age ranges or no breakdown by age,Rural,3.1001
2021,Proportion of youth and adults with information and communications technology (ICT) skills,Percent,Female,SKILL_SCRTY,All age ranges or no breakdown by age,Rural,5.0127
2017,Proportion of youth and adults with information and communications technology (ICT) skills,Percent,Female,SKILL_ICTSOFT,All age ranges or no breakdown by age,Rural,14.9522
2021,Proportion of youth and adults with information and communications technology (ICT) skills,Percent,Female,SKILL_ICTSOFT,All age ranges or no breakdown by age,Rural,25.3805
2017,Proportion of youth and adults with information and communications technology (ICT) skills,Percent,Female,SKILL_ICTTRAF,All age ranges or no breakdown by age,Rural,52.885
2019,Proportion of youth and adults with information and communications technology (ICT) skills,Percent,Female,SKILL_ICTTRAF,All age ranges or no breakdown by age,Rural,45.3787
2021,Proportion of youth and adults with information and communications technology (ICT) skills,Percent,Female,SKILL_ICTTRAF,All age ranges or no breakdown by age,Rural,11.9402
2017,Proportion of youth and adults with information and communications technology (ICT) skills,Percent,Male,SKILL_ICTARSP,All age ranges or no breakdown by age,Rural,7.2317
2019,Proportion of youth and adults with information and communications technology (ICT) skills,Percent,Male,SKILL_ICTARSP,All age ranges or no breakdown by age,Rural,6.4014
2017,Proportion of youth and adults with information and communications technology (ICT) skills,Percent,Male,SKILL_ICTCMFL,All age ranges or no breakdown by age,Rural,58.6738
2019,Proportion of youth and adults with information and communications technology (ICT) skills,Percent,Male,SKILL_ICTCMFL,All age ranges or no breakdown by age,Rural,41.2586
2017,Proportion of youth and adults with information and communications technology (ICT) skills,Percent,Male,SKILL_ICTCOPA,All age ranges or no breakdown by age,Rural,27.4049
2019,Proportion of youth and adults with information and communications technology (ICT) skills,Percent,Male,SKILL_ICTCOPA,All age ranges or no breakdown by age,Rural,22.4293
2021,Proportion of youth and adults with information and communications technology (ICT) skills,Percent,Male,SKILL_ICTCOPA,All age ranges or no breakdown by age,Rural,54.366
2019,Proportion of youth and adults with information and communications technology (ICT) skills,Percent,Male,SKILL_ICTEMAIL,All age ranges or no breakdown by age,Rural,27.9602
2021,Proportion of youth and adults with information and communications technology (ICT) skills,Percent,Male,SKILL_ICTEMAIL,All age ranges or no breakdown by age,Rural,30.9871
2017,Proportion of youth and adults with information and communications technology (ICT) skills,Percent,Male,SKILL_ICTEPRS,All age ranges or no breakdown by age,Rural,9.3406
2019,Proportion of youth and adults with information and communications technology (ICT) skills,Percent,Male,SKILL_ICTEPRS,All age ranges or no breakdown by age,Rural,10.8388
2021,Proportion of youth and adults with information and communications technology (ICT) skills,Percent,Male,SKILL_ICTEPRS,All age ranges or no breakdown by age,Rural,16.3971
2021,Proportion of youth and adults with information and communications technology (ICT) skills,Percent,Male,SKILL_INST,All age ranges or no breakdown by age,Rural,11.622
2017,Proportion of youth and adults with information and communications technology (ICT) skills,Percent,Male,SKILL_ICTPCPR,All age ranges or no breakdown by age,Rural,2.8163
2019,Proportion of youth and adults with information and communications technology (ICT) skills,Percent,Male,SKILL_ICTPCPR,All age ranges or no breakdown by age,Rural,2.8937
2021,Proportion of youth and adults with information and communications technology (ICT) skills,Percent,Male,SKILL_PRVCY,All age ranges or no breakdown by age,Rural,7.3155
2021,Proportion of youth and adults with information and communications technology (ICT) skills,Percent,Male,SKILL_SCRTY,All age ranges or no breakdown by age,Rural,7.4688
2017,Proportion of youth and adults with information and communications technology (ICT) skills,Percent,Male,SKILL_ICTSOFT,All age ranges or no breakdown by age,Rural,21.732
2021,Proportion of youth and adults with information and communications technology (ICT) skills,Percent,Male,SKILL_ICTSOFT,All age ranges or no breakdown by age,Rural,34.1096
2017,Proportion of youth and adults with information and communications technology (ICT) skills,Percent,Male,SKILL_ICTTRAF,All age ranges or no breakdown by age,Rural,61.3069
2019,Proportion of youth and adults with information and communications technology (ICT) skills,Percent,Male,SKILL_ICTTRAF,All age ranges or no breakdown by age,Rural,46.7127
2021,Proportion of youth and adults with information and communications technology (ICT) skills,Percent,Male,SKILL_ICTTRAF,All age ranges or no breakdown by age,Rural,13.818
2017,Proportion of youth and adults with information and communications technology (ICT) skills,Percent,Both sexes or no breakdown by sex,SKILL_ICTARSP,All age ranges or no breakdown by age,Urban,11.5718
2019,Proportion of youth and adults with information and communications technology (ICT) skills,Percent,Both sexes or no breakdown by sex,SKILL_ICTARSP,All age ranges or no breakdown by age,Urban,10.3254
2017,Proportion of youth and adults with information and communications technology (ICT) skills,Percent,Both sexes or no breakdown by sex,SKILL_ICTCMFL,All age ranges or no breakdown by age,Urban,65.3526
2019,Proportion of youth and adults with information and communications technology (ICT) skills,Percent,Both sexes or no breakdown by sex,SKILL_ICTCMFL,All age ranges or no breakdown by age,Urban,48.3572
2017,Proportion of youth and adults with information and communications technology (ICT) skills,Percent,Both sexes or no breakdown by sex,SKILL_ICTCOPA,All age ranges or no breakdown by age,Urban,26.6393
2019,Proportion of youth and adults with information and communications technology (ICT) skills,Percent,Both sexes or no breakdown by sex,SKILL_ICTCOPA,All age ranges or no breakdown by age,Urban,19.3842
2021,Proportion of youth and adults with information and communications technology (ICT) skills,Percent,Both sexes or no breakdown by sex,SKILL_ICTCOPA,All age ranges or no breakdown by age,Urban,58.5006
2019,Proportion of youth and adults with information and communications technology (ICT) skills,Percent,Both sexes or no breakdown by sex,SKILL_ICTEMAIL,All age ranges or no breakdown by age,Urban,37.0803
2021,Proportion of youth and adults with information and communications technology (ICT) skills,Percent,Both sexes or no breakdown by sex,SKILL_ICTEMAIL,All age ranges or no breakdown by age,Urban,35.2029
2017,Proportion of youth and adults with information and communications technology (ICT) skills,Percent,Both sexes or no breakdown by sex,SKILL_ICTEPRS,All age ranges or no breakdown by age,Urban,19.1059
2019,Proportion of youth and adults with information and communications technology (ICT) skills,Percent,Both sexes or no breakdown by sex,SKILL_ICTEPRS,All age ranges or no breakdown by age,Urban,14.608
2021,Proportion of youth and adults with information and communications technology (ICT) skills,Percent,Both sexes or no breakdown by sex,SKILL_ICTEPRS,All age ranges or no breakdown by age,Urban,18.786
2021,Proportion of youth and adults with information and communications technology (ICT) skills,Percent,Both sexes or no breakdown by sex,SKILL_INST,All age ranges or no breakdown by age,Urban,14.6593
2017,Proportion of youth and adults with information and communications technology (ICT) skills,Percent,Both sexes or no breakdown by sex,SKILL_ICTPCPR,All age ranges or no breakdown by age,Urban,2.4752
2019,Proportion of youth and adults with information and communications technology (ICT) skills,Percent,Both sexes or no breakdown by sex,SKILL_ICTPCPR,All age ranges or no breakdown by age,Urban,2.578
2021,Proportion of youth and adults with information and communications technology (ICT) skills,Percent,Both sexes or no breakdown by sex,SKILL_PRVCY,All age ranges or no breakdown by age,Urban,8.8627
2021,Proportion of youth and adults with information and communications technology (ICT) skills,Percent,Both sexes or no breakdown by sex,SKILL_SCRTY,All age ranges or no breakdown by age,Urban,8.6045
2017,Proportion of youth and adults with information and communications technology (ICT) skills,Percent,Both sexes or no breakdown by sex,SKILL_ICTSOFT,All age ranges or no breakdown by age,Urban,27.9103
2021,Proportion of youth and adults with information and communications technology (ICT) skills,Percent,Both sexes or no breakdown by sex,SKILL_ICTSOFT,All age ranges or no breakdown by age,Urban,33.4453
2017,Proportion of youth and adults with information and communications technology (ICT) skills,Percent,Both sexes or no breakdown by sex,SKILL_ICTTRAF,All age ranges or no breakdown by age,Urban,63.6026
2019,Proportion of youth and adults with information and communications technology (ICT) skills,Percent,Both sexes or no breakdown by sex,SKILL_ICTTRAF,All age ranges or no breakdown by age,Urban,53.085
2021,Proportion of youth and adults with information and communications technology (ICT) skills,Percent,Both sexes or no breakdown by sex,SKILL_ICTTRAF,All age ranges or no breakdown by age,Urban,17.6683
2017,Proportion of youth and adults with information and communications technology (ICT) skills,Percent,Female,SKILL_ICTARSP,All age ranges or no breakdown by age,Urban,11.5504
2019,Proportion of youth and adults with information and communications technology (ICT) skills,Percent,Female,SKILL_ICTARSP,All age ranges or no breakdown by age,Urban,8.3558
2017,Proportion of youth and adults with information and communications technology (ICT) skills,Percent,Female,SKILL_ICTCMFL,All age ranges or no breakdown by age,Urban,65.1259
2019,Proportion of youth and adults with information and communications technology (ICT) skills,Percent,Female,SKILL_ICTCMFL,All age ranges or no breakdown by age,Urban,44.5633
2017,Proportion of youth and adults with information and communications technology (ICT) skills,Percent,Female,SKILL_ICTCOPA,All age ranges or no breakdown by age,Urban,22.7221
2019,Proportion of youth and adults with information and communications technology (ICT) skills,Percent,Female,SKILL_ICTCOPA,All age ranges or no breakdown by age,Urban,19.3842
2021,Proportion of youth and adults with information and communications technology (ICT) skills,Percent,Female,SKILL_ICTCOPA,All age ranges or no breakdown by age,Urban,55.1835
2019,Proportion of youth and adults with information and communications technology (ICT) skills,Percent,Female,SKILL_ICTEMAIL,All age ranges or no breakdown by age,Urban,31.0779
2021,Proportion of youth and adults with information and communications technology (ICT) skills,Percent,Female,SKILL_ICTEMAIL,All age ranges or no breakdown by age,Urban,34.3732
2017,Proportion of youth and adults with information and communications technology (ICT) skills,Percent,Female,SKILL_ICTEPRS,All age ranges or no breakdown by age,Urban,16.7822
2019,Proportion of youth and adults with information and communications technology (ICT) skills,Percent,Female,SKILL_ICTEPRS,All age ranges or no breakdown by age,Urban,12.8841
2021,Proportion of youth and adults with information and communications technology (ICT) skills,Percent,Female,SKILL_ICTEPRS,All age ranges or no breakdown by age,Urban,17.9335
2021,Proportion of youth and adults with information and communications technology (ICT) skills,Percent,Female,SKILL_INST,All age ranges or no breakdown by age,Urban,11.954
2017,Proportion of youth and adults with information and communications technology (ICT) skills,Percent,Female,SKILL_ICTPCPR,All age ranges or no breakdown by age,Urban,1.2303
2019,Proportion of youth and adults with information and communications technology (ICT) skills,Percent,Female,SKILL_ICTPCPR,All age ranges or no breakdown by age,Urban,1.2542
2021,Proportion of youth and adults with information and communications technology (ICT) skills,Percent,Female,SKILL_PRVCY,All age ranges or no breakdown by age,Urban,8.6539
2021,Proportion of youth and adults with information and communications technology (ICT) skills,Percent,Female,SKILL_SCRTY,All age ranges or no breakdown by age,Urban,8.5273
2017,Proportion of youth and adults with information and communications technology (ICT) skills,Percent,Female,SKILL_ICTSOFT,All age ranges or no breakdown by age,Urban,26.4427
2021,Proportion of youth and adults with information and communications technology (ICT) skills,Percent,Female,SKILL_ICTSOFT,All age ranges or no breakdown by age,Urban,32.4182
2017,Proportion of youth and adults with information and communications technology (ICT) skills,Percent,Female,SKILL_ICTTRAF,All age ranges or no breakdown by age,Urban,61.1214
2019,Proportion of youth and adults with information and communications technology (ICT) skills,Percent,Female,SKILL_ICTTRAF,All age ranges or no breakdown by age,Urban,48.8223
2021,Proportion of youth and adults with information and communications technology (ICT) skills,Percent,Female,SKILL_ICTTRAF,All age ranges or no breakdown by age,Urban,18.0953
2017,Proportion of youth and adults with information and communications technology (ICT) skills,Percent,Male,SKILL_ICTARSP,All age ranges or no breakdown by age,Urban,11.597
2019,Proportion of youth and adults with information and communications technology (ICT) skills,Percent,Male,SKILL_ICTARSP,All age ranges or no breakdown by age,Urban,12.9437
2017,Proportion of youth and adults with information and communications technology (ICT) skills,Percent,Male,SKILL_ICTCMFL,All age ranges or no breakdown by age,Urban,65.6193
2019,Proportion of youth and adults with information and communications technology (ICT) skills,Percent,Male,SKILL_ICTCMFL,All age ranges or no breakdown by age,Urban,53.4007
2017,Proportion of youth and adults with information and communications technology (ICT) skills,Percent,Male,SKILL_ICTCOPA,All age ranges or no breakdown by age,Urban,35.4119
2019,Proportion of youth and adults with information and communications technology (ICT) skills,Percent,Male,SKILL_ICTCOPA,All age ranges or no breakdown by age,Urban,31.8467
2021,Proportion of youth and adults with information and communications technology (ICT) skills,Percent,Male,SKILL_ICTCOPA,All age ranges or no breakdown by age,Urban,62.5883
2019,Proportion of youth and adults with information and communications technology (ICT) skills,Percent,Male,SKILL_ICTEMAIL,All age ranges or no breakdown by age,Urban,45.0598
2021,Proportion of youth and adults with information and communications technology (ICT) skills,Percent,Male,SKILL_ICTEMAIL,All age ranges or no breakdown by age,Urban,36.2254
2017,Proportion of youth and adults with information and communications technology (ICT) skills,Percent,Male,SKILL_ICTEPRS,All age ranges or no breakdown by age,Urban,21.8395
2019,Proportion of youth and adults with information and communications technology (ICT) skills,Percent,Male,SKILL_ICTEPRS,All age ranges or no breakdown by age,Urban,16.8996
2021,Proportion of youth and adults with information and communications technology (ICT) skills,Percent,Male,SKILL_ICTEPRS,All age ranges or no breakdown by age,Urban,19.8366
2021,Proportion of youth and adults with information and communications technology (ICT) skills,Percent,Male,SKILL_INST,All age ranges or no breakdown by age,Urban,17.9928
2017,Proportion of youth and adults with information and communications technology (ICT) skills,Percent,Male,SKILL_ICTPCPR,All age ranges or no breakdown by age,Urban,3.9396
2019,Proportion of youth and adults with information and communications technology (ICT) skills,Percent,Male,SKILL_ICTPCPR,All age ranges or no breakdown by age,Urban,4.3378
2021,Proportion of youth and adults with information and communications technology (ICT) skills,Percent,Male,SKILL_PRVCY,All age ranges or no breakdown by age,Urban,9.1201
2021,Proportion of youth and adults with information and communications technology (ICT) skills,Percent,Male,SKILL_SCRTY,All age ranges or no breakdown by age,Urban,8.6996
2017,Proportion of youth and adults with information and communications technology (ICT) skills,Percent,Male,SKILL_ICTSOFT,All age ranges or no breakdown by age,Urban,29.6367
2021,Proportion of youth and adults with information and communications technology (ICT) skills,Percent,Male,SKILL_ICTSOFT,All age ranges or no breakdown by age,Urban,34.7109
2017,Proportion of youth and adults with information and communications technology (ICT) skills,Percent,Male,SKILL_ICTTRAF,All age ranges or no breakdown by age,Urban,66.5215
2019,Proportion of youth and adults with information and communications technology (ICT) skills,Percent,Male,SKILL_ICTTRAF,All age ranges or no breakdown by age,Urban,58.7518
2021,Proportion of youth and adults with information and communications technology (ICT) skills,Percent,Male,SKILL_ICTTRAF,All age ranges or no breakdown by age,Urban,17.1422
