Year,SERIES,UNIT_MEASURE,Education level,Income or wealth quantile,Sex,COMPOSITE_BREAKDOWN,Degree of urbanisation,Value
2000,"Adjusted gender parity index for completion rate, by sex, location, wealth quintile and education level",Ratio,Lower secondary education,Total (national average) or no breakdown,,,Total,1.00164
2006,"Adjusted gender parity index for completion rate, by sex, location, wealth quintile and education level",Ratio,Lower secondary education,Total (national average) or no breakdown,,,Total,0.99919
2012,"Adjusted gender parity index for completion rate, by sex, location, wealth quintile and education level",Ratio,Lower secondary education,Total (national average) or no breakdown,,,Total,1.00151
2012,"Adjusted gender parity index for completion rate, by sex, location, wealth quintile and education level",Ratio,Lower secondary education,Quintile 1 (poorest),,,Total,0.91118
2012,"Adjusted gender parity index for completion rate, by sex, location, wealth quintile and education level",Ratio,Lower secondary education,Quintile 2,,,Total,1.10629
2012,"Adjusted gender parity index for completion rate, by sex, location, wealth quintile and education level",Ratio,Lower secondary education,Quintile 3,,,Total,1.02274
2012,"Adjusted gender parity index for completion rate, by sex, location, wealth quintile and education level",Ratio,Lower secondary education,Quintile 4,,,Total,0.96968
2012,"Adjusted gender parity index for completion rate, by sex, location, wealth quintile and education level",Ratio,Lower secondary education,Quintile 5 (richest),,,Total,1.0
2012,"Adjusted gender parity index for completion rate, by sex, location, wealth quintile and education level",Ratio,Primary education,Quintile 1 (poorest),,,Total,0.99409
2012,"Adjusted gender parity index for completion rate, by sex, location, wealth quintile and education level",Ratio,Primary education,Quintile 2,,,Total,1.0
2012,"Adjusted gender parity index for completion rate, by sex, location, wealth quintile and education level",Ratio,Primary education,Quintile 3,,,Total,1.01929
2012,"Adjusted gender parity index for completion rate, by sex, location, wealth quintile and education level",Ratio,Primary education,Quintile 4,,,Total,1.0
2012,"Adjusted gender parity index for completion rate, by sex, location, wealth quintile and education level",Ratio,Primary education,Quintile 5 (richest),,,Total,1.0
2000,"Adjusted gender parity index for completion rate, by sex, location, wealth quintile and education level",Ratio,Upper secondary education,Total (national average) or no breakdown,,,Total,1.0333
2006,"Adjusted gender parity index for completion rate, by sex, location, wealth quintile and education level",Ratio,Upper secondary education,Total (national average) or no breakdown,,,Total,1.12687
2012,"Adjusted gender parity index for completion rate, by sex, location, wealth quintile and education level",Ratio,Upper secondary education,Total (national average) or no breakdown,,,Total,1.00844
2012,"Adjusted gender parity index for completion rate, by sex, location, wealth quintile and education level",Ratio,Upper secondary education,Quintile 1 (poorest),,,Total,0.97794
2012,"Adjusted gender parity index for completion rate, by sex, location, wealth quintile and education level",Ratio,Upper secondary education,Quintile 2,,,Total,0.98184
2012,"Adjusted gender parity index for completion rate, by sex, location, wealth quintile and education level",Ratio,Upper secondary education,Quintile 3,,,Total,1.01683
2012,"Adjusted gender parity index for completion rate, by sex, location, wealth quintile and education level",Ratio,Upper secondary education,Quintile 4,,,Total,1.03215
2012,"Adjusted gender parity index for completion rate, by sex, location, wealth quintile and education level",Ratio,Upper secondary education,Quintile 5 (richest),,,Total,0.99224
2012,"Adjusted gender parity index for completion rate, by sex, location, wealth quintile and education level",Ratio,Lower secondary education,Total (national average) or no breakdown,,,Rural,1.00371
2012,"Adjusted gender parity index for completion rate, by sex, location, wealth quintile and education level",Ratio,Lower secondary education,Quintile 1 (poorest),,,Rural,0.96297
2012,"Adjusted gender parity index for completion rate, by sex, location, wealth quintile and education level",Ratio,Lower secondary education,Quintile 2,,,Rural,1.08995
2012,"Adjusted gender parity index for completion rate, by sex, location, wealth quintile and education level",Ratio,Lower secondary education,Quintile 3,,,Rural,1.02782
2012,"Adjusted gender parity index for completion rate, by sex, location, wealth quintile and education level",Ratio,Lower secondary education,Quintile 4,,,Rural,0.94893
2012,"Adjusted gender parity index for completion rate, by sex, location, wealth quintile and education level",Ratio,Lower secondary education,Quintile 5 (richest),,,Rural,0.0
2012,"Adjusted gender parity index for completion rate, by sex, location, wealth quintile and education level",Ratio,Primary education,Total (national average) or no breakdown,,,Rural,1.005
2012,"Adjusted gender parity index for completion rate, by sex, location, wealth quintile and education level",Ratio,Primary education,Quintile 1 (poorest),,,Rural,0.99663
2012,"Adjusted gender parity index for completion rate, by sex, location, wealth quintile and education level",Ratio,Primary education,Quintile 2,,,Rural,1.0
2012,"Adjusted gender parity index for completion rate, by sex, location, wealth quintile and education level",Ratio,Primary education,Quintile 3,,,Rural,1.02204
2012,"Adjusted gender parity index for completion rate, by sex, location, wealth quintile and education level",Ratio,Primary education,Quintile 4,,,Rural,1.0
2012,"Adjusted gender parity index for completion rate, by sex, location, wealth quintile and education level",Ratio,Primary education,Quintile 5 (richest),,,Rural,1.0
2012,"Adjusted gender parity index for completion rate, by sex, location, wealth quintile and education level",Ratio,Upper secondary education,Total (national average) or no breakdown,,,Rural,1.01019
2012,"Adjusted gender parity index for completion rate, by sex, location, wealth quintile and education level",Ratio,Upper secondary education,Quintile 1 (poorest),,,Rural,0.95803
2012,"Adjusted gender parity index for completion rate, by sex, location, wealth quintile and education level",Ratio,Upper secondary education,Quintile 2,,,Rural,0.95574
2012,"Adjusted gender parity index for completion rate, by sex, location, wealth quintile and education level",Ratio,Upper secondary education,Quintile 3,,,Rural,1.02983
2012,"Adjusted gender parity index for completion rate, by sex, location, wealth quintile and education level",Ratio,Upper secondary education,Quintile 4,,,Rural,1.02649
2012,"Adjusted gender parity index for completion rate, by sex, location, wealth quintile and education level",Ratio,Upper secondary education,Quintile 5 (richest),,,Rural,0.0
2012,"Adjusted gender parity index for completion rate, by sex, location, wealth quintile and education level",Ratio,Lower secondary education,Total (national average) or no breakdown,,,Urban,0.99678
2012,"Adjusted gender parity index for completion rate, by sex, location, wealth quintile and education level",Ratio,Lower secondary education,Quintile 1 (poorest),,,Urban,0.0
2012,"Adjusted gender parity index for completion rate, by sex, location, wealth quintile and education level",Ratio,Lower secondary education,Quintile 2,,,Urban,0.0
2012,"Adjusted gender parity index for completion rate, by sex, location, wealth quintile and education level",Ratio,Lower secondary education,Quintile 3,,,Urban,0.0
2012,"Adjusted gender parity index for completion rate, by sex, location, wealth quintile and education level",Ratio,Lower secondary education,Quintile 4,,,Urban,0.0
2012,"Adjusted gender parity index for completion rate, by sex, location, wealth quintile and education level",Ratio,Lower secondary education,Quintile 5 (richest),,,Urban,0.0
2012,"Adjusted gender parity index for completion rate, by sex, location, wealth quintile and education level",Ratio,Primary education,Total (national average) or no breakdown,,,Urban,0.99838
2012,"Adjusted gender parity index for completion rate, by sex, location, wealth quintile and education level",Ratio,Primary education,Quintile 1 (poorest),,,Urban,0.0
2012,"Adjusted gender parity index for completion rate, by sex, location, wealth quintile and education level",Ratio,Primary education,Quintile 2,,,Urban,0.0
2012,"Adjusted gender parity index for completion rate, by sex, location, wealth quintile and education level",Ratio,Primary education,Quintile 3,,,Urban,0.0
2012,"Adjusted gender parity index for completion rate, by sex, location, wealth quintile and education level",Ratio,Primary education,Quintile 4,,,Urban,1.0
2012,"Adjusted gender parity index for completion rate, by sex, location, wealth quintile and education level",Ratio,Primary education,Quintile 5 (richest),,,Urban,1.0
2012,"Adjusted gender parity index for completion rate, by sex, location, wealth quintile and education level",Ratio,Upper secondary education,Total (national average) or no breakdown,,,Urban,1.00534
2012,"Adjusted gender parity index for completion rate, by sex, location, wealth quintile and education level",Ratio,Upper secondary education,Quintile 1 (poorest),,,Urban,0.0
2012,"Adjusted gender parity index for completion rate, by sex, location, wealth quintile and education level",Ratio,Upper secondary education,Quintile 2,,,Urban,0.0
2012,"Adjusted gender parity index for completion rate, by sex, location, wealth quintile and education level",Ratio,Upper secondary education,Quintile 3,,,Urban,0.0
2012,"Adjusted gender parity index for completion rate, by sex, location, wealth quintile and education level",Ratio,Upper secondary education,Quintile 4,,,Urban,0.0
2012,"Adjusted gender parity index for completion rate, by sex, location, wealth quintile and education level",Ratio,Upper secondary education,Quintile 5 (richest),,,Urban,0.99243
2000,SE_ALP_CPLRRO,ISCED11_2,_T,Total (national average) or no breakdown,,,0.97704,
2006,SE_ALP_CPLRRO,ISCED11_2,_T,Total (national average) or no breakdown,,,0.99838,
2012,SE_ALP_CPLRRO,ISCED11_2,_T,Total (national average) or no breakdown,,,0.98434,
2012,SE_ALP_CPLRRO,ISCED11_2,_T,F,,,0.98805,
2012,SE_ALP_CPLRRO,ISCED11_2,_T,M,,,0.98121 ,
2012,"Adjusted location parity index for completion rate, by sex, location, wealth quintile and education level",Ratio,Lower secondary education,Quintile 1 (poorest),Both sexes or no breakdown by sex,,,0.0
2012,"Adjusted location parity index for completion rate, by sex, location, wealth quintile and education level",Ratio,Lower secondary education,Quintile 1 (poorest),Female,,,0.0
2012,"Adjusted location parity index for completion rate, by sex, location, wealth quintile and education level",Ratio,Lower secondary education,Quintile 1 (poorest),Male,,,0.0
2012,"Adjusted location parity index for completion rate, by sex, location, wealth quintile and education level",Ratio,Lower secondary education,Quintile 2,Both sexes or no breakdown by sex,,,0.0
2012,"Adjusted location parity index for completion rate, by sex, location, wealth quintile and education level",Ratio,Lower secondary education,Quintile 2,Female,,,0.0
2012,"Adjusted location parity index for completion rate, by sex, location, wealth quintile and education level",Ratio,Lower secondary education,Quintile 2,Male,,,0.0
2012,"Adjusted location parity index for completion rate, by sex, location, wealth quintile and education level",Ratio,Lower secondary education,Quintile 3,Both sexes or no breakdown by sex,,,0.98433
2012,"Adjusted location parity index for completion rate, by sex, location, wealth quintile and education level",Ratio,Lower secondary education,Quintile 3,Female,,,0.0
2012,"Adjusted location parity index for completion rate, by sex, location, wealth quintile and education level",Ratio,Lower secondary education,Quintile 3,Male,,,0.0
2012,"Adjusted location parity index for completion rate, by sex, location, wealth quintile and education level",Ratio,Lower secondary education,Quintile 4,Both sexes or no breakdown by sex,,,0.97623
2012,"Adjusted location parity index for completion rate, by sex, location, wealth quintile and education level",Ratio,Lower secondary education,Quintile 4,Female,,,0.0
2012,"Adjusted location parity index for completion rate, by sex, location, wealth quintile and education level",Ratio,Lower secondary education,Quintile 4,Male,,,1.00326
2012,"Adjusted location parity index for completion rate, by sex, location, wealth quintile and education level",Ratio,Lower secondary education,Quintile 5 (richest),Both sexes or no breakdown by sex,,,1.0
2012,"Adjusted location parity index for completion rate, by sex, location, wealth quintile and education level",Ratio,Lower secondary education,Quintile 5 (richest),Female,,,0.0
2012,"Adjusted location parity index for completion rate, by sex, location, wealth quintile and education level",Ratio,Lower secondary education,Quintile 5 (richest),Male,,,0.0
2000,SE_ALP_CPLRRO,ISCED11_1,_T,Total (national average) or no breakdown,,,0.99638 ,
2006,SE_ALP_CPLRRO,ISCED11_1,_T,Total (national average) or no breakdown,,,1.01804,
2012,SE_ALP_CPLRRO,ISCED11_1,_T,Total (national average) or no breakdown,,,0.99747,
2012,SE_ALP_CPLRRO,ISCED11_1,_T,F,,,1.00079,
2012,SE_ALP_CPLRRO,ISCED11_1,_T,M,,,0.99417,
2012,"Adjusted location parity index for completion rate, by sex, location, wealth quintile and education level",Ratio,Primary education,Quintile 1 (poorest),Both sexes or no breakdown by sex,,,0.0
2012,"Adjusted location parity index for completion rate, by sex, location, wealth quintile and education level",Ratio,Primary education,Quintile 1 (poorest),Female,,,0.0
2012,"Adjusted location parity index for completion rate, by sex, location, wealth quintile and education level",Ratio,Primary education,Quintile 1 (poorest),Male,,,0.0
2012,"Adjusted location parity index for completion rate, by sex, location, wealth quintile and education level",Ratio,Primary education,Quintile 2,Both sexes or no breakdown by sex,,,0.0
2012,"Adjusted location parity index for completion rate, by sex, location, wealth quintile and education level",Ratio,Primary education,Quintile 2,Female,,,0.0
2012,"Adjusted location parity index for completion rate, by sex, location, wealth quintile and education level",Ratio,Primary education,Quintile 2,Male,,,0.0
2012,"Adjusted location parity index for completion rate, by sex, location, wealth quintile and education level",Ratio,Primary education,Quintile 3,Both sexes or no breakdown by sex,,,0.98717
2012,"Adjusted location parity index for completion rate, by sex, location, wealth quintile and education level",Ratio,Primary education,Quintile 3,Female,,,0.0
2012,"Adjusted location parity index for completion rate, by sex, location, wealth quintile and education level",Ratio,Primary education,Quintile 3,Male,,,0.0
2012,"Adjusted location parity index for completion rate, by sex, location, wealth quintile and education level",Ratio,Primary education,Quintile 4,Both sexes or no breakdown by sex,,,1.0
2012,"Adjusted location parity index for completion rate, by sex, location, wealth quintile and education level",Ratio,Primary education,Quintile 4,Female,,,1.0
2012,"Adjusted location parity index for completion rate, by sex, location, wealth quintile and education level",Ratio,Primary education,Quintile 4,Male,,,1.0
2012,"Adjusted location parity index for completion rate, by sex, location, wealth quintile and education level",Ratio,Primary education,Quintile 5 (richest),Both sexes or no breakdown by sex,,,1.0
2012,"Adjusted location parity index for completion rate, by sex, location, wealth quintile and education level",Ratio,Primary education,Quintile 5 (richest),Female,,,1.0
2012,"Adjusted location parity index for completion rate, by sex, location, wealth quintile and education level",Ratio,Primary education,Quintile 5 (richest),Male,,,1.0
2000,SE_ALP_CPLRRO,ISCED11_3,_T,Total (national average) or no breakdown,,,0.60731,
2006,SE_ALP_CPLRRO,ISCED11_3,_T,Total (national average) or no breakdown,,,0.60786,
2012,SE_ALP_CPLRRO,ISCED11_3,_T,Total (national average) or no breakdown,,,0.9377,
2012,SE_ALP_CPLRRO,ISCED11_3,_T,F,,,0.94017,
2012,SE_ALP_CPLRRO,ISCED11_3,_T,M,,,0.93559 ,
2012,"Adjusted location parity index for completion rate, by sex, location, wealth quintile and education level",Ratio,Upper secondary education,Quintile 1 (poorest),Both sexes or no breakdown by sex,,,0.0
2012,"Adjusted location parity index for completion rate, by sex, location, wealth quintile and education level",Ratio,Upper secondary education,Quintile 1 (poorest),Female,,,0.0
2012,"Adjusted location parity index for completion rate, by sex, location, wealth quintile and education level",Ratio,Upper secondary education,Quintile 1 (poorest),Male,,,0.0
2012,"Adjusted location parity index for completion rate, by sex, location, wealth quintile and education level",Ratio,Upper secondary education,Quintile 2,Both sexes or no breakdown by sex,,,0.0
2012,"Adjusted location parity index for completion rate, by sex, location, wealth quintile and education level",Ratio,Upper secondary education,Quintile 2,Female,,,0.0
2012,"Adjusted location parity index for completion rate, by sex, location, wealth quintile and education level",Ratio,Upper secondary education,Quintile 2,Male,,,0.0
2012,"Adjusted location parity index for completion rate, by sex, location, wealth quintile and education level",Ratio,Upper secondary education,Quintile 3,Both sexes or no breakdown by sex,,,0.91663
2012,"Adjusted location parity index for completion rate, by sex, location, wealth quintile and education level",Ratio,Upper secondary education,Quintile 3,Female,,,0.0
2012,"Adjusted location parity index for completion rate, by sex, location, wealth quintile and education level",Ratio,Upper secondary education,Quintile 4,Male,,,0.0
2012,"Adjusted location parity index for completion rate, by sex, location, wealth quintile and education level",Ratio,Upper secondary education,Quintile 4,Both sexes or no breakdown by sex,,,1.00836
2012,"Adjusted location parity index for completion rate, by sex, location, wealth quintile and education level",Ratio,Upper secondary education,Quintile 4,Female,,,0.0
2012,"Adjusted location parity index for completion rate, by sex, location, wealth quintile and education level",Ratio,Upper secondary education,Quintile 4,Male,,,0.0
2012,"Adjusted location parity index for completion rate, by sex, location, wealth quintile and education level",Ratio,Upper secondary education,Quintile 5 (richest),Both sexes or no breakdown by sex,,,1.01963
2012,"Adjusted location parity index for completion rate, by sex, location, wealth quintile and education level",Ratio,Upper secondary education,Quintile 5 (richest),Female,,,0.0
2012,"Adjusted location parity index for completion rate, by sex, location, wealth quintile and education level",Ratio,Upper secondary education,Quintile 5 (richest),Male,,,0.0
2006,"Adjusted wealth parity index for completion rate, by sex, location, wealth quintile and education level",Ratio,Lower secondary education,Total (national average) or no breakdown,Both sexes or no breakdown by sex,,Total,0.95734
2012,"Adjusted wealth parity index for completion rate, by sex, location, wealth quintile and education level",Ratio,Lower secondary education,Total (national average) or no breakdown,Both sexes or no breakdown by sex,,Total,0.90817
2006,"Adjusted wealth parity index for completion rate, by sex, location, wealth quintile and education level",Ratio,Primary education,Total (national average) or no breakdown,Both sexes or no breakdown by sex,,Total,0.9952
2012,"Adjusted wealth parity index for completion rate, by sex, location, wealth quintile and education level",Ratio,Primary education,Total (national average) or no breakdown,Both sexes or no breakdown by sex,,Total,0.99667
2006,"Adjusted wealth parity index for completion rate, by sex, location, wealth quintile and education level",Ratio,Upper secondary education,Total (national average) or no breakdown,Both sexes or no breakdown by sex,,Total,0.40562
2012,"Adjusted wealth parity index for completion rate, by sex, location, wealth quintile and education level",Ratio,Upper secondary education,Total (national average) or no breakdown,Both sexes or no breakdown by sex,,Total,0.84739
2012,"Adjusted wealth parity index for completion rate, by sex, location, wealth quintile and education level",Ratio,Lower secondary education,Total (national average) or no breakdown,Female,,Total,0.86993
2012,"Adjusted wealth parity index for completion rate, by sex, location, wealth quintile and education level",Ratio,Primary education,Total (national average) or no breakdown,Female,,Total,0.99409
2012,"Adjusted wealth parity index for completion rate, by sex, location, wealth quintile and education level",Ratio,Upper secondary education,Total (national average) or no breakdown,Female,,Total,0.83858
2012,"Adjusted wealth parity index for completion rate, by sex, location, wealth quintile and education level",Ratio,Lower secondary education,Total (national average) or no breakdown,Male,,Total,0.95472
2012,"Adjusted wealth parity index for completion rate, by sex, location, wealth quintile and education level",Ratio,Primary education,Total (national average) or no breakdown,Male,,Total,1.0
2012,"Adjusted wealth parity index for completion rate, by sex, location, wealth quintile and education level",Ratio,Upper secondary education,Total (national average) or no breakdown,Male,,Total,0.85085
2012,"Adjusted wealth parity index for completion rate, by sex, location, wealth quintile and education level",Ratio,Lower secondary education,Total (national average) or no breakdown,Both sexes or no breakdown by sex,,Rural,0.92155
2012,"Adjusted wealth parity index for completion rate, by sex, location, wealth quintile and education level",Ratio,Primary education,Total (national average) or no breakdown,Both sexes or no breakdown by sex,,Rural,0.99812
2012,"Adjusted wealth parity index for completion rate, by sex, location, wealth quintile and education level",Ratio,Upper secondary education,Total (national average) or no breakdown,Both sexes or no breakdown by sex,,Rural,0.81684
2012,"Adjusted wealth parity index for completion rate, by sex, location, wealth quintile and education level",Ratio,Lower secondary education,Total (national average) or no breakdown,Female,,Rural,0.0
2012,"Adjusted wealth parity index for completion rate, by sex, location, wealth quintile and education level",Ratio,Primary education,Total (national average) or no breakdown,Female,,Rural,0.99663
2012,"Adjusted wealth parity index for completion rate, by sex, location, wealth quintile and education level",Ratio,Upper secondary education,Total (national average) or no breakdown,Female,,Rural,0.0
2012,"Adjusted wealth parity index for completion rate, by sex, location, wealth quintile and education level",Ratio,Lower secondary education,Total (national average) or no breakdown,Male,,Rural,0.0
2012,"Adjusted wealth parity index for completion rate, by sex, location, wealth quintile and education level",Ratio,Primary education,Total (national average) or no breakdown,Male,,Rural,1.0
2012,"Adjusted wealth parity index for completion rate, by sex, location, wealth quintile and education level",Ratio,Upper secondary education,Total (national average) or no breakdown,Male,,Rural,0.0
2012,"Adjusted wealth parity index for completion rate, by sex, location, wealth quintile and education level",Ratio,Lower secondary education,Total (national average) or no breakdown,Both sexes or no breakdown by sex,,Urban,0.0
2012,"Adjusted wealth parity index for completion rate, by sex, location, wealth quintile and education level",Ratio,Primary education,Total (national average) or no breakdown,Both sexes or no breakdown by sex,,Urban,0.0
2012,"Adjusted wealth parity index for completion rate, by sex, location, wealth quintile and education level",Ratio,Upper secondary education,Total (national average) or no breakdown,Both sexes or no breakdown by sex,,Urban,0.0
2012,"Adjusted wealth parity index for completion rate, by sex, location, wealth quintile and education level",Ratio,Lower secondary education,Total (national average) or no breakdown,Female,,Urban,0.0
2012,"Adjusted wealth parity index for completion rate, by sex, location, wealth quintile and education level",Ratio,Primary education,Total (national average) or no breakdown,Female,,Urban,0.0
2012,"Adjusted wealth parity index for completion rate, by sex, location, wealth quintile and education level",Ratio,Upper secondary education,Total (national average) or no breakdown,Female,,Urban,0.0
2012,"Adjusted wealth parity index for completion rate, by sex, location, wealth quintile and education level",Ratio,Lower secondary education,Total (national average) or no breakdown,Male,,Urban,0.0
2012,"Adjusted wealth parity index for completion rate, by sex, location, wealth quintile and education level",Ratio,Primary education,Total (national average) or no breakdown,Male,,Urban,0.0
2012,"Adjusted wealth parity index for completion rate, by sex, location, wealth quintile and education level",Ratio,Upper secondary education,Total (national average) or no breakdown,Male,,Urban,0.0
2018,Adjusted gender parity index for achieving a minimum proficiency level in reading and mathematics (ratio),Ratio,Lower secondary education,,,Reading,,1.30087
2006,Adjusted gender parity index for participation rate in formal and non-formal education and training (ratio),Ratio,,,,,,0.8836
2007,Adjusted gender parity index for participation rate in formal and non-formal education and training (ratio),Ratio,,,,,,0.89169
2008,Adjusted gender parity index for participation rate in formal and non-formal education and training (ratio),Ratio,,,,,,1.06196
2010,Adjusted gender parity index for participation rate in formal and non-formal education and training (ratio),Ratio,,,,,,0.91008
2011,Adjusted gender parity index for participation rate in formal and non-formal education and training (ratio),Ratio,,,,,,0.98997
2012,Adjusted gender parity index for participation rate in formal and non-formal education and training (ratio),Ratio,,,,,,1.05593
2016,Adjusted gender parity index for participation rate in formal and non-formal education and training (ratio),Ratio,,,,,,0.95506
2019,"Adjusted gender parity index for participation rate in organized learning (one year before the official primary entry age), (ratio)",Ratio,,,,,,0.97203
2017,"Gender parity index for youth/adults with information and communications technology (ICT) skills, by type of skill (ratio)",Ratio,,,SKILL_ICTSSHT,,1.03128,
2019,"Gender parity index for youth/adults with information and communications technology (ICT) skills, by type of skill (ratio)",Ratio,,,SKILL_ICTSSHT,,0.70046,
2017,"Gender parity index for youth/adults with information and communications technology (ICT) skills, by type of skill (ratio)",Ratio,,,SKILL_ICTCMFL,,0.94207 ,
2019,"Gender parity index for youth/adults with information and communications technology (ICT) skills, by type of skill (ratio)",Ratio,,,SKILL_ICTCMFL,,0.94222,
2017,"Gender parity index for youth/adults with information and communications technology (ICT) skills, by type of skill (ratio)",Ratio,,,SKILL_ICTCPT,,0.84348 ,
2019,"Gender parity index for youth/adults with information and communications technology (ICT) skills, by type of skill (ratio)",Ratio,,,SKILL_ICTCPT,,0.73837,
2019,"Gender parity index for youth/adults with information and communications technology (ICT) skills, by type of skill (ratio)",Ratio,,,SKILL_ICTATCH,,0.75366,
2017,"Gender parity index for youth/adults with information and communications technology (ICT) skills, by type of skill (ratio)",Ratio,,,SKILL_ICTPST,,0.73845,
2019,"Gender parity index for youth/adults with information and communications technology (ICT) skills, by type of skill (ratio)",Ratio,,,SKILL_ICTPST,,0.69955,
2017,"Gender parity index for youth/adults with information and communications technology (ICT) skills, by type of skill (ratio)",Ratio,,,SKILL_ICTPRGM,,0.31226,
2019,"Gender parity index for youth/adults with information and communications technology (ICT) skills, by type of skill (ratio)",Ratio,,,SKILL_ICTPRGM,,0.28540,
2017,"Gender parity index for youth/adults with information and communications technology (ICT) skills, by type of skill (ratio)",Ratio,,,SKILL_ICTSFWR,,0.79713,
2017,"Gender parity index for youth/adults with information and communications technology (ICT) skills, by type of skill (ratio)",Ratio,,,SKILL_ICTTRFF,,0.88954,
2019,"Gender parity index for youth/adults with information and communications technology (ICT) skills, by type of skill (ratio)",Ratio,,,SKILL_ICTTRFF,,0.91255,
2007,Language test parity index for achievement,Ratio,Lower secondary education,,,Mathematics,,1.31399
2018,Language test parity index for achievement,Ratio,Lower secondary education,,,Reading,,0.85397
2007,Adjusted low to high socio-economic parity index for achieving a minimum proficiency level in reading and mathematics (ratio),Ratio,Lower secondary education,,,Mathematics,,0.93271
2018,Adjusted low to high socio-economic parity index for achieving a minimum proficiency level in reading and mathematics (ratio),Ratio,Lower secondary education,,,Reading,,0.49884
2007,Adjusted immigration status parity index for achieving a minimum proficiency level in reading and mathematics (ratio),Ratio,Lower secondary education,,,Mathematics,,0.50366
2018,Adjusted immigration status parity index for achieving a minimum proficiency level in reading and mathematics (ratio),Ratio,Lower secondary education,,,Reading,,0.79283
2018,Adjusted rural to urban parity index for achieving a minimum proficiency level in reading and mathematics (ratio),Ratio,Lower secondary education,,,Mathematics,,0.73563
2018,Adjusted rural to urban parity index for achieving a minimum proficiency level in reading and mathematics (ratio),Ratio,Lower secondary education,,,Reading,,0.55535
