Year,SERIES,UNIT_MEASURE,Value
2022,"Legal frameworks that promote, enforce and monitor gender equality (percentage of achievement, 0 - 100) Area 1. overarching legal frameworks and public life",Percent,100.0
2022,"Legal frameworks that promote, enforce and monitor gender equality (percentage of achievement, 0 - 100) Area 2. violence against women",Percent,77.78
2022,"Legal frameworks that promote, enforce and monitor gender equality (percentage of achievement, 0 - 100) Area 3. employment and economic benefits",Percent,70.0
2022,"Legal frameworks that promote, enforce and monitor gender equality (percentage of achievement, 0 - 100) Area 4. marriage and family",Percent,81.82
