Year,SERIES,UNIT_MEASURE,Degree of urbanisation,Value
2014,Proportion of population using safely managed drinking water services,PT,Total,89
2015,Proportion of population using safely managed drinking water services,PT,Total,89
2016,Proportion of population using safely managed drinking water services,PT,Total,89
2017,Proportion of population using safely managed drinking water services,PT,Total,89
2018,Proportion of population using safely managed drinking water services,PT,Total,89
2019,Proportion of population using safely managed drinking water services,PT,Total,89
2020,Proportion of population using safely managed drinking water services,PT,Total,88
2021,Proportion of population using safely managed drinking water services,PT,Total,88
