Year,SERIES,UNIT_MEASURE,Economic activity,Value
2017,Water Use Efficiency (United States dollars per cubic meter),USD/m3,Industries,46.05902
2018,Water Use Efficiency (United States dollars per cubic meter),USD/m3,Industries,43.40114
2019,Water Use Efficiency (United States dollars per cubic meter),USD/m3,Industries,72.97611
2017,Water Use Efficiency (United States dollars per cubic meter),USD/m3,Services (G to T),28.93954
2018,Water Use Efficiency (United States dollars per cubic meter),USD/m3,Services (G to T),33.87362
2019,Water Use Efficiency (United States dollars per cubic meter),USD/m3,Services (G to T),35.06756
