Year,SERIES,UNIT_MEASURE,Value
2000,"Total official development assistance (gross disbursement) for water supply and sanitation, by recipient countries",USD,19.83182
2001,"Total official development assistance (gross disbursement) for water supply and sanitation, by recipient countries",USD,37.96627
2002,"Total official development assistance (gross disbursement) for water supply and sanitation, by recipient countries",USD,9.17918
2003,"Total official development assistance (gross disbursement) for water supply and sanitation, by recipient countries",USD,13.41191
2004,"Total official development assistance (gross disbursement) for water supply and sanitation, by recipient countries",USD,41.14076
2005,"Total official development assistance (gross disbursement) for water supply and sanitation, by recipient countries",USD,20.15828
2006,"Total official development assistance (gross disbursement) for water supply and sanitation, by recipient countries",USD,15.50163
2007,"Total official development assistance (gross disbursement) for water supply and sanitation, by recipient countries",USD,16.67627
2008,"Total official development assistance (gross disbursement) for water supply and sanitation, by recipient countries",USD,14.43551
2009,"Total official development assistance (gross disbursement) for water supply and sanitation, by recipient countries",USD,17.80699
2010,"Total official development assistance (gross disbursement) for water supply and sanitation, by recipient countries",USD,28.62905
2011,"Total official development assistance (gross disbursement) for water supply and sanitation, by recipient countries",USD,43.77067
2012,"Total official development assistance (gross disbursement) for water supply and sanitation, by recipient countries",USD,43.32324
2013,"Total official development assistance (gross disbursement) for water supply and sanitation, by recipient countries",USD,37.71745
2014,"Total official development assistance (gross disbursement) for water supply and sanitation, by recipient countries",USD,43.73026
2015,"Total official development assistance (gross disbursement) for water supply and sanitation, by recipient countries",USD,69.71516
2016,"Total official development assistance (gross disbursement) for water supply and sanitation, by recipient countries",USD,49.71113
2017,"Total official development assistance (gross disbursement) for water supply and sanitation, by recipient countries",USD,49.75517
2018,"Total official development assistance (gross disbursement) for water supply and sanitation, by recipient countries",USD,16.69163
2019,"Total official development assistance (gross disbursement) for water supply and sanitation, by recipient countries",USD,27.60561
2020,"Total official development assistance (gross disbursement) for water supply and sanitation, by recipient countries",USD,22.22488
