Year,SERIES,UNIT_MEASURE,Degree of urbanisation,Value
2017,"Countries with procedures in law or policy for participation by service users/communities in planning program in rural drinking-water supply, by level of definition in procedures (10 = Clearly defined; 5 = Not clearly defined ; 0 = NA)",NUMBER,Rural,10
2019,"Countries with procedures in law or policy for participation by service users/communities in planning program in rural drinking-water supply, by level of definition in procedures (10 = Clearly defined; 5 = Not clearly defined ; 0 = NA)",NUMBER,Rural,10
2017,"Countries with procedures in law or policy for participation by service users/communities in planning program in water resources planning and management, by level of definition in procedures (10 = Clearly defined; 5 = Not clearly defined ; 0 = NA)",NUMBER,,10
2019,"Countries with procedures in law or policy for participation by service users/communities in planning program in water resources planning and management, by level of definition in procedures (10 = Clearly defined; 5 = Not clearly defined ; 0 = NA)",NUMBER,,10
2017,"Countries with users/communities participating in planning programs in rural drinking-water supply, by level of participation (3 = High; 2 = Moderate; 1 = Low; 0 = NA)",NUMBER,Rural,2
2019,"Countries with users/communities participating in planning programs in rural drinking-water supply, by level of participation (3 = High; 2 = Moderate; 1 = Low; 0 = NA)",NUMBER,Rural,3
2017,"Countries with users/communities participating in planning programs in water resources planning and management, by level of participation (3 = High; 2 = Moderate; 1 = Low; 0 = NA)",NUMBER,,1
2019,"Countries with users/communities participating in planning programs in water resources planning and management, by level of participation (3 = High; 2 = Moderate; 1 = Low; 0 = NA)",NUMBER,,3
