Year,SERIES,UNIT_MEASURE,COMPOSITE_BREAKDOWN,Value
2000,"International financial flows to developing countries in support of clean energy research and development and renewable energy production, including in hybrid systems (millions of constant 2020 United States dollars)",Millions of constant United States dollars,All renewables,0.0
2001,"International financial flows to developing countries in support of clean energy research and development and renewable energy production, including in hybrid systems (millions of constant 2020 United States dollars)",Millions of constant United States dollars,All renewables,6.73
2002,"International financial flows to developing countries in support of clean energy research and development and renewable energy production, including in hybrid systems (millions of constant 2020 United States dollars)",Millions of constant United States dollars,All renewables,0.31
2003,"International financial flows to developing countries in support of clean energy research and development and renewable energy production, including in hybrid systems (millions of constant 2020 United States dollars)",Millions of constant United States dollars,All renewables,0.0
2004,"International financial flows to developing countries in support of clean energy research and development and renewable energy production, including in hybrid systems (millions of constant 2020 United States dollars)",Millions of constant United States dollars,All renewables,7.3
2005,"International financial flows to developing countries in support of clean energy research and development and renewable energy production, including in hybrid systems (millions of constant 2020 United States dollars)",Millions of constant United States dollars,All renewables,0.0
2006,"International financial flows to developing countries in support of clean energy research and development and renewable energy production, including in hybrid systems (millions of constant 2020 United States dollars)",Millions of constant United States dollars,All renewables,12.48
2007,"International financial flows to developing countries in support of clean energy research and development and renewable energy production, including in hybrid systems (millions of constant 2020 United States dollars)",Millions of constant United States dollars,All renewables,0.29
2008,"International financial flows to developing countries in support of clean energy research and development and renewable energy production, including in hybrid systems (millions of constant 2020 United States dollars)",Millions of constant United States dollars,All renewables,23.44
2009,"International financial flows to developing countries in support of clean energy research and development and renewable energy production, including in hybrid systems (millions of constant 2020 United States dollars)",Millions of constant United States dollars,All renewables,0.11
2010,"International financial flows to developing countries in support of clean energy research and development and renewable energy production, including in hybrid systems (millions of constant 2020 United States dollars)",Millions of constant United States dollars,All renewables,96.84
2011,"International financial flows to developing countries in support of clean energy research and development and renewable energy production, including in hybrid systems (millions of constant 2020 United States dollars)",Millions of constant United States dollars,All renewables,67.42
2012,"International financial flows to developing countries in support of clean energy research and development and renewable energy production, including in hybrid systems (millions of constant 2020 United States dollars)",Millions of constant United States dollars,All renewables,0.95
2013,"International financial flows to developing countries in support of clean energy research and development and renewable energy production, including in hybrid systems (millions of constant 2020 United States dollars)",Millions of constant United States dollars,All renewables,97.38
2014,"International financial flows to developing countries in support of clean energy research and development and renewable energy production, including in hybrid systems (millions of constant 2020 United States dollars)",Millions of constant United States dollars,All renewables,164.58
2015,"International financial flows to developing countries in support of clean energy research and development and renewable energy production, including in hybrid systems (millions of constant 2020 United States dollars)",Millions of constant United States dollars,All renewables,6.52
2016,"International financial flows to developing countries in support of clean energy research and development and renewable energy production, including in hybrid systems (millions of constant 2020 United States dollars)",Millions of constant United States dollars,All renewables,3.72
2017,"International financial flows to developing countries in support of clean energy research and development and renewable energy production, including in hybrid systems (millions of constant 2020 United States dollars)",Millions of constant United States dollars,All renewables,83.19
2018,"International financial flows to developing countries in support of clean energy research and development and renewable energy production, including in hybrid systems (millions of constant 2020 United States dollars)",Millions of constant United States dollars,All renewables,1.34
2019,"International financial flows to developing countries in support of clean energy research and development and renewable energy production, including in hybrid systems (millions of constant 2020 United States dollars)",Millions of constant United States dollars,All renewables,20.76
2020,"International financial flows to developing countries in support of clean energy research and development and renewable energy production, including in hybrid systems (millions of constant 2020 United States dollars)",Millions of constant United States dollars,All renewables,3.72
2021,"International financial flows to developing countries in support of clean energy research and development and renewable energy production, including in hybrid systems (millions of constant 2020 United States dollars)",Millions of constant United States dollars,All renewables,
2000,"International financial flows to developing countries in support of clean energy research and development and renewable energy production, including in hybrid systems (millions of constant 2020 United States dollars)",Millions of constant United States dollars,Bioenergy,0.0
2001,"International financial flows to developing countries in support of clean energy research and development and renewable energy production, including in hybrid systems (millions of constant 2020 United States dollars)",Millions of constant United States dollars,Bioenergy,0.0
2002,"International financial flows to developing countries in support of clean energy research and development and renewable energy production, including in hybrid systems (millions of constant 2020 United States dollars)",Millions of constant United States dollars,Bioenergy,0.0
2003,"International financial flows to developing countries in support of clean energy research and development and renewable energy production, including in hybrid systems (millions of constant 2020 United States dollars)",Millions of constant United States dollars,Bioenergy,0.0
2004,"International financial flows to developing countries in support of clean energy research and development and renewable energy production, including in hybrid systems (millions of constant 2020 United States dollars)",Millions of constant United States dollars,Bioenergy,0.0
2005,"International financial flows to developing countries in support of clean energy research and development and renewable energy production, including in hybrid systems (millions of constant 2020 United States dollars)",Millions of constant United States dollars,Bioenergy,0.0
2006,"International financial flows to developing countries in support of clean energy research and development and renewable energy production, including in hybrid systems (millions of constant 2020 United States dollars)",Millions of constant United States dollars,Bioenergy,0.0
2007,"International financial flows to developing countries in support of clean energy research and development and renewable energy production, including in hybrid systems (millions of constant 2020 United States dollars)",Millions of constant United States dollars,Bioenergy,0.29
2008,"International financial flows to developing countries in support of clean energy research and development and renewable energy production, including in hybrid systems (millions of constant 2020 United States dollars)",Millions of constant United States dollars,Bioenergy,0.0
2009,"International financial flows to developing countries in support of clean energy research and development and renewable energy production, including in hybrid systems (millions of constant 2020 United States dollars)",Millions of constant United States dollars,Bioenergy,0.0
2010,"International financial flows to developing countries in support of clean energy research and development and renewable energy production, including in hybrid systems (millions of constant 2020 United States dollars)",Millions of constant United States dollars,Bioenergy,0.0
2011,"International financial flows to developing countries in support of clean energy research and development and renewable energy production, including in hybrid systems (millions of constant 2020 United States dollars)",Millions of constant United States dollars,Bioenergy,0.89
2012,"International financial flows to developing countries in support of clean energy research and development and renewable energy production, including in hybrid systems (millions of constant 2020 United States dollars)",Millions of constant United States dollars,Bioenergy,0.69
2013,"International financial flows to developing countries in support of clean energy research and development and renewable energy production, including in hybrid systems (millions of constant 2020 United States dollars)",Millions of constant United States dollars,Bioenergy,0.76
2014,"International financial flows to developing countries in support of clean energy research and development and renewable energy production, including in hybrid systems (millions of constant 2020 United States dollars)",Millions of constant United States dollars,Bioenergy,0.08
2015,"International financial flows to developing countries in support of clean energy research and development and renewable energy production, including in hybrid systems (millions of constant 2020 United States dollars)",Millions of constant United States dollars,Bioenergy,1.09
2016,"International financial flows to developing countries in support of clean energy research and development and renewable energy production, including in hybrid systems (millions of constant 2020 United States dollars)",Millions of constant United States dollars,Bioenergy,0.18
2017,"International financial flows to developing countries in support of clean energy research and development and renewable energy production, including in hybrid systems (millions of constant 2020 United States dollars)",Millions of constant United States dollars,Bioenergy,10.31
2018,"International financial flows to developing countries in support of clean energy research and development and renewable energy production, including in hybrid systems (millions of constant 2020 United States dollars)",Millions of constant United States dollars,Bioenergy,0.0
2019,"International financial flows to developing countries in support of clean energy research and development and renewable energy production, including in hybrid systems (millions of constant 2020 United States dollars)",Millions of constant United States dollars,Bioenergy,0.0
2020,"International financial flows to developing countries in support of clean energy research and development and renewable energy production, including in hybrid systems (millions of constant 2020 United States dollars)",Millions of constant United States dollars,Bioenergy,0.0
2021,"International financial flows to developing countries in support of clean energy research and development and renewable energy production, including in hybrid systems (millions of constant 2020 United States dollars)",Millions of constant United States dollars,Bioenergy,
2000,"International financial flows to developing countries in support of clean energy research and development and renewable energy production, including in hybrid systems (millions of constant 2020 United States dollars)",Millions of constant United States dollars,Geothermal energy,0.0
2001,"International financial flows to developing countries in support of clean energy research and development and renewable energy production, including in hybrid systems (millions of constant 2020 United States dollars)",Millions of constant United States dollars,Geothermal energy,0.0
2002,"International financial flows to developing countries in support of clean energy research and development and renewable energy production, including in hybrid systems (millions of constant 2020 United States dollars)",Millions of constant United States dollars,Geothermal energy,0.0
2003,"International financial flows to developing countries in support of clean energy research and development and renewable energy production, including in hybrid systems (millions of constant 2020 United States dollars)",Millions of constant United States dollars,Geothermal energy,0.0
2004,"International financial flows to developing countries in support of clean energy research and development and renewable energy production, including in hybrid systems (millions of constant 2020 United States dollars)",Millions of constant United States dollars,Geothermal energy,0.0
2005,"International financial flows to developing countries in support of clean energy research and development and renewable energy production, including in hybrid systems (millions of constant 2020 United States dollars)",Millions of constant United States dollars,Geothermal energy,0.0
2006,"International financial flows to developing countries in support of clean energy research and development and renewable energy production, including in hybrid systems (millions of constant 2020 United States dollars)",Millions of constant United States dollars,Geothermal energy,0.0
2007,"International financial flows to developing countries in support of clean energy research and development and renewable energy production, including in hybrid systems (millions of constant 2020 United States dollars)",Millions of constant United States dollars,Geothermal energy,0.0
2008,"International financial flows to developing countries in support of clean energy research and development and renewable energy production, including in hybrid systems (millions of constant 2020 United States dollars)",Millions of constant United States dollars,Geothermal energy,0.0
2009,"International financial flows to developing countries in support of clean energy research and development and renewable energy production, including in hybrid systems (millions of constant 2020 United States dollars)",Millions of constant United States dollars,Geothermal energy,0.0
2010,"International financial flows to developing countries in support of clean energy research and development and renewable energy production, including in hybrid systems (millions of constant 2020 United States dollars)",Millions of constant United States dollars,Geothermal energy,0.0
2011,"International financial flows to developing countries in support of clean energy research and development and renewable energy production, including in hybrid systems (millions of constant 2020 United States dollars)",Millions of constant United States dollars,Geothermal energy,0.0
2012,"International financial flows to developing countries in support of clean energy research and development and renewable energy production, including in hybrid systems (millions of constant 2020 United States dollars)",Millions of constant United States dollars,Geothermal energy,0.0
2013,"International financial flows to developing countries in support of clean energy research and development and renewable energy production, including in hybrid systems (millions of constant 2020 United States dollars)",Millions of constant United States dollars,Geothermal energy,0.17
2014,"International financial flows to developing countries in support of clean energy research and development and renewable energy production, including in hybrid systems (millions of constant 2020 United States dollars)",Millions of constant United States dollars,Geothermal energy,0.26
2015,"International financial flows to developing countries in support of clean energy research and development and renewable energy production, including in hybrid systems (millions of constant 2020 United States dollars)",Millions of constant United States dollars,Geothermal energy,0.46
2016,"International financial flows to developing countries in support of clean energy research and development and renewable energy production, including in hybrid systems (millions of constant 2020 United States dollars)",Millions of constant United States dollars,Geothermal energy,0.1
2017,"International financial flows to developing countries in support of clean energy research and development and renewable energy production, including in hybrid systems (millions of constant 2020 United States dollars)",Millions of constant United States dollars,Geothermal energy,0.34
2018,"International financial flows to developing countries in support of clean energy research and development and renewable energy production, including in hybrid systems (millions of constant 2020 United States dollars)",Millions of constant United States dollars,Geothermal energy,0.0
2019,"International financial flows to developing countries in support of clean energy research and development and renewable energy production, including in hybrid systems (millions of constant 2020 United States dollars)",Millions of constant United States dollars,Geothermal energy,0.0
2020,"International financial flows to developing countries in support of clean energy research and development and renewable energy production, including in hybrid systems (millions of constant 2020 United States dollars)",Millions of constant United States dollars,Geothermal energy,0.0
2021,"International financial flows to developing countries in support of clean energy research and development and renewable energy production, including in hybrid systems (millions of constant 2020 United States dollars)",Millions of constant United States dollars,Geothermal energy,
2000,"International financial flows to developing countries in support of clean energy research and development and renewable energy production, including in hybrid systems (millions of constant 2020 United States dollars)",Millions of constant United States dollars,Hydropower,0.0
2001,"International financial flows to developing countries in support of clean energy research and development and renewable energy production, including in hybrid systems (millions of constant 2020 United States dollars)",Millions of constant United States dollars,Hydropower,3.03
2002,"International financial flows to developing countries in support of clean energy research and development and renewable energy production, including in hybrid systems (millions of constant 2020 United States dollars)",Millions of constant United States dollars,Hydropower,0.0
2003,"International financial flows to developing countries in support of clean energy research and development and renewable energy production, including in hybrid systems (millions of constant 2020 United States dollars)",Millions of constant United States dollars,Hydropower,0.0
2004,"International financial flows to developing countries in support of clean energy research and development and renewable energy production, including in hybrid systems (millions of constant 2020 United States dollars)",Millions of constant United States dollars,Hydropower,7.3
2005,"International financial flows to developing countries in support of clean energy research and development and renewable energy production, including in hybrid systems (millions of constant 2020 United States dollars)",Millions of constant United States dollars,Hydropower,0.0
2006,"International financial flows to developing countries in support of clean energy research and development and renewable energy production, including in hybrid systems (millions of constant 2020 United States dollars)",Millions of constant United States dollars,Hydropower,0.0
2007,"International financial flows to developing countries in support of clean energy research and development and renewable energy production, including in hybrid systems (millions of constant 2020 United States dollars)",Millions of constant United States dollars,Hydropower,0.0
2008,"International financial flows to developing countries in support of clean energy research and development and renewable energy production, including in hybrid systems (millions of constant 2020 United States dollars)",Millions of constant United States dollars,Hydropower,0.0
2009,"International financial flows to developing countries in support of clean energy research and development and renewable energy production, including in hybrid systems (millions of constant 2020 United States dollars)",Millions of constant United States dollars,Hydropower,0.0
2010,"International financial flows to developing countries in support of clean energy research and development and renewable energy production, including in hybrid systems (millions of constant 2020 United States dollars)",Millions of constant United States dollars,Hydropower,0.0
2011,"International financial flows to developing countries in support of clean energy research and development and renewable energy production, including in hybrid systems (millions of constant 2020 United States dollars)",Millions of constant United States dollars,Hydropower,0.0
2012,"International financial flows to developing countries in support of clean energy research and development and renewable energy production, including in hybrid systems (millions of constant 2020 United States dollars)",Millions of constant United States dollars,Hydropower,0.0
2013,"International financial flows to developing countries in support of clean energy research and development and renewable energy production, including in hybrid systems (millions of constant 2020 United States dollars)",Millions of constant United States dollars,Hydropower,0.0
2014,"International financial flows to developing countries in support of clean energy research and development and renewable energy production, including in hybrid systems (millions of constant 2020 United States dollars)",Millions of constant United States dollars,Hydropower,37.87
2015,"International financial flows to developing countries in support of clean energy research and development and renewable energy production, including in hybrid systems (millions of constant 2020 United States dollars)",Millions of constant United States dollars,Hydropower,0.0
2016,"International financial flows to developing countries in support of clean energy research and development and renewable energy production, including in hybrid systems (millions of constant 2020 United States dollars)",Millions of constant United States dollars,Hydropower,0.03
2017,"International financial flows to developing countries in support of clean energy research and development and renewable energy production, including in hybrid systems (millions of constant 2020 United States dollars)",Millions of constant United States dollars,Hydropower,0.01
2018,"International financial flows to developing countries in support of clean energy research and development and renewable energy production, including in hybrid systems (millions of constant 2020 United States dollars)",Millions of constant United States dollars,Hydropower,0.0
2019,"International financial flows to developing countries in support of clean energy research and development and renewable energy production, including in hybrid systems (millions of constant 2020 United States dollars)",Millions of constant United States dollars,Hydropower,17.39
2020,"International financial flows to developing countries in support of clean energy research and development and renewable energy production, including in hybrid systems (millions of constant 2020 United States dollars)",Millions of constant United States dollars,Hydropower,0.0
2021,"International financial flows to developing countries in support of clean energy research and development and renewable energy production, including in hybrid systems (millions of constant 2020 United States dollars)",Millions of constant United States dollars,Hydropower,
2000,"International financial flows to developing countries in support of clean energy research and development and renewable energy production, including in hybrid systems (millions of constant 2020 United States dollars)",Millions of constant United States dollars,Marine energy,0.0
2001,"International financial flows to developing countries in support of clean energy research and development and renewable energy production, including in hybrid systems (millions of constant 2020 United States dollars)",Millions of constant United States dollars,Marine energy,0.0
2002,"International financial flows to developing countries in support of clean energy research and development and renewable energy production, including in hybrid systems (millions of constant 2020 United States dollars)",Millions of constant United States dollars,Marine energy,0.0
2003,"International financial flows to developing countries in support of clean energy research and development and renewable energy production, including in hybrid systems (millions of constant 2020 United States dollars)",Millions of constant United States dollars,Marine energy,0.0
2004,"International financial flows to developing countries in support of clean energy research and development and renewable energy production, including in hybrid systems (millions of constant 2020 United States dollars)",Millions of constant United States dollars,Marine energy,0.0
2005,"International financial flows to developing countries in support of clean energy research and development and renewable energy production, including in hybrid systems (millions of constant 2020 United States dollars)",Millions of constant United States dollars,Marine energy,0.0
2006,"International financial flows to developing countries in support of clean energy research and development and renewable energy production, including in hybrid systems (millions of constant 2020 United States dollars)",Millions of constant United States dollars,Marine energy,0.0
2007,"International financial flows to developing countries in support of clean energy research and development and renewable energy production, including in hybrid systems (millions of constant 2020 United States dollars)",Millions of constant United States dollars,Marine energy,0.0
2008,"International financial flows to developing countries in support of clean energy research and development and renewable energy production, including in hybrid systems (millions of constant 2020 United States dollars)",Millions of constant United States dollars,Marine energy,0.0
2009,"International financial flows to developing countries in support of clean energy research and development and renewable energy production, including in hybrid systems (millions of constant 2020 United States dollars)",Millions of constant United States dollars,Marine energy,0.0
2010,"International financial flows to developing countries in support of clean energy research and development and renewable energy production, including in hybrid systems (millions of constant 2020 United States dollars)",Millions of constant United States dollars,Marine energy,0.0
2011,"International financial flows to developing countries in support of clean energy research and development and renewable energy production, including in hybrid systems (millions of constant 2020 United States dollars)",Millions of constant United States dollars,Marine energy,0.0
2012,"International financial flows to developing countries in support of clean energy research and development and renewable energy production, including in hybrid systems (millions of constant 2020 United States dollars)",Millions of constant United States dollars,Marine energy,0.0
2013,"International financial flows to developing countries in support of clean energy research and development and renewable energy production, including in hybrid systems (millions of constant 2020 United States dollars)",Millions of constant United States dollars,Marine energy,0.0
2014,"International financial flows to developing countries in support of clean energy research and development and renewable energy production, including in hybrid systems (millions of constant 2020 United States dollars)",Millions of constant United States dollars,Marine energy,0.0
2015,"International financial flows to developing countries in support of clean energy research and development and renewable energy production, including in hybrid systems (millions of constant 2020 United States dollars)",Millions of constant United States dollars,Marine energy,0.0
2016,"International financial flows to developing countries in support of clean energy research and development and renewable energy production, including in hybrid systems (millions of constant 2020 United States dollars)",Millions of constant United States dollars,Marine energy,0.0
2017,"International financial flows to developing countries in support of clean energy research and development and renewable energy production, including in hybrid systems (millions of constant 2020 United States dollars)",Millions of constant United States dollars,Marine energy,0.0
2018,"International financial flows to developing countries in support of clean energy research and development and renewable energy production, including in hybrid systems (millions of constant 2020 United States dollars)",Millions of constant United States dollars,Marine energy,0.0
2019,"International financial flows to developing countries in support of clean energy research and development and renewable energy production, including in hybrid systems (millions of constant 2020 United States dollars)",Millions of constant United States dollars,Marine energy,0.0
2020,"International financial flows to developing countries in support of clean energy research and development and renewable energy production, including in hybrid systems (millions of constant 2020 United States dollars)",Millions of constant United States dollars,Marine energy,0.0
2021,"International financial flows to developing countries in support of clean energy research and development and renewable energy production, including in hybrid systems (millions of constant 2020 United States dollars)",Millions of constant United States dollars,Marine energy,
2000,"International financial flows to developing countries in support of clean energy research and development and renewable energy production, including in hybrid systems (millions of constant 2020 United States dollars)",Millions of constant United States dollars,Multiple renewables,0.0
2001,"International financial flows to developing countries in support of clean energy research and development and renewable energy production, including in hybrid systems (millions of constant 2020 United States dollars)",Millions of constant United States dollars,Multiple renewables,3.7
2002,"International financial flows to developing countries in support of clean energy research and development and renewable energy production, including in hybrid systems (millions of constant 2020 United States dollars)",Millions of constant United States dollars,Multiple renewables,0.31
2003,"International financial flows to developing countries in support of clean energy research and development and renewable energy production, including in hybrid systems (millions of constant 2020 United States dollars)",Millions of constant United States dollars,Multiple renewables,0.0
2004,"International financial flows to developing countries in support of clean energy research and development and renewable energy production, including in hybrid systems (millions of constant 2020 United States dollars)",Millions of constant United States dollars,Multiple renewables,0.0
2005,"International financial flows to developing countries in support of clean energy research and development and renewable energy production, including in hybrid systems (millions of constant 2020 United States dollars)",Millions of constant United States dollars,Multiple renewables,0.0
2006,"International financial flows to developing countries in support of clean energy research and development and renewable energy production, including in hybrid systems (millions of constant 2020 United States dollars)",Millions of constant United States dollars,Multiple renewables,12.0
2007,"International financial flows to developing countries in support of clean energy research and development and renewable energy production, including in hybrid systems (millions of constant 2020 United States dollars)",Millions of constant United States dollars,Multiple renewables,0.0
2008,"International financial flows to developing countries in support of clean energy research and development and renewable energy production, including in hybrid systems (millions of constant 2020 United States dollars)",Millions of constant United States dollars,Multiple renewables,23.44
2009,"International financial flows to developing countries in support of clean energy research and development and renewable energy production, including in hybrid systems (millions of constant 2020 United States dollars)",Millions of constant United States dollars,Multiple renewables,0.11
2010,"International financial flows to developing countries in support of clean energy research and development and renewable energy production, including in hybrid systems (millions of constant 2020 United States dollars)",Millions of constant United States dollars,Multiple renewables,0.0
2011,"International financial flows to developing countries in support of clean energy research and development and renewable energy production, including in hybrid systems (millions of constant 2020 United States dollars)",Millions of constant United States dollars,Multiple renewables,66.53
2012,"International financial flows to developing countries in support of clean energy research and development and renewable energy production, including in hybrid systems (millions of constant 2020 United States dollars)",Millions of constant United States dollars,Multiple renewables,0.0
2013,"International financial flows to developing countries in support of clean energy research and development and renewable energy production, including in hybrid systems (millions of constant 2020 United States dollars)",Millions of constant United States dollars,Multiple renewables,96.44
2014,"International financial flows to developing countries in support of clean energy research and development and renewable energy production, including in hybrid systems (millions of constant 2020 United States dollars)",Millions of constant United States dollars,Multiple renewables,126.37
2015,"International financial flows to developing countries in support of clean energy research and development and renewable energy production, including in hybrid systems (millions of constant 2020 United States dollars)",Millions of constant United States dollars,Multiple renewables,4.98
2016,"International financial flows to developing countries in support of clean energy research and development and renewable energy production, including in hybrid systems (millions of constant 2020 United States dollars)",Millions of constant United States dollars,Multiple renewables,0.15
2017,"International financial flows to developing countries in support of clean energy research and development and renewable energy production, including in hybrid systems (millions of constant 2020 United States dollars)",Millions of constant United States dollars,Multiple renewables,0.03
2018,"International financial flows to developing countries in support of clean energy research and development and renewable energy production, including in hybrid systems (millions of constant 2020 United States dollars)",Millions of constant United States dollars,Multiple renewables,1.0
2019,"International financial flows to developing countries in support of clean energy research and development and renewable energy production, including in hybrid systems (millions of constant 2020 United States dollars)",Millions of constant United States dollars,Multiple renewables,2.93
2020,"International financial flows to developing countries in support of clean energy research and development and renewable energy production, including in hybrid systems (millions of constant 2020 United States dollars)",Millions of constant United States dollars,Multiple renewables,3.7
2021,"International financial flows to developing countries in support of clean energy research and development and renewable energy production, including in hybrid systems (millions of constant 2020 United States dollars)",Millions of constant United States dollars,Multiple renewables,
2000,"International financial flows to developing countries in support of clean energy research and development and renewable energy production, including in hybrid systems (millions of constant 2020 United States dollars)",Millions of constant United States dollars,Solar energy,0.0
2001,"International financial flows to developing countries in support of clean energy research and development and renewable energy production, including in hybrid systems (millions of constant 2020 United States dollars)",Millions of constant United States dollars,Solar energy,0.0
2002,"International financial flows to developing countries in support of clean energy research and development and renewable energy production, including in hybrid systems (millions of constant 2020 United States dollars)",Millions of constant United States dollars,Solar energy,0.0
2003,"International financial flows to developing countries in support of clean energy research and development and renewable energy production, including in hybrid systems (millions of constant 2020 United States dollars)",Millions of constant United States dollars,Solar energy,0.0
2004,"International financial flows to developing countries in support of clean energy research and development and renewable energy production, including in hybrid systems (millions of constant 2020 United States dollars)",Millions of constant United States dollars,Solar energy,0.0
2005,"International financial flows to developing countries in support of clean energy research and development and renewable energy production, including in hybrid systems (millions of constant 2020 United States dollars)",Millions of constant United States dollars,Solar energy,0.0
2006,"International financial flows to developing countries in support of clean energy research and development and renewable energy production, including in hybrid systems (millions of constant 2020 United States dollars)",Millions of constant United States dollars,Solar energy,0.19
2007,"International financial flows to developing countries in support of clean energy research and development and renewable energy production, including in hybrid systems (millions of constant 2020 United States dollars)",Millions of constant United States dollars,Solar energy,0.0
2008,"International financial flows to developing countries in support of clean energy research and development and renewable energy production, including in hybrid systems (millions of constant 2020 United States dollars)",Millions of constant United States dollars,Solar energy,0.0
2009,"International financial flows to developing countries in support of clean energy research and development and renewable energy production, including in hybrid systems (millions of constant 2020 United States dollars)",Millions of constant United States dollars,Solar energy,0.0
2010,"International financial flows to developing countries in support of clean energy research and development and renewable energy production, including in hybrid systems (millions of constant 2020 United States dollars)",Millions of constant United States dollars,Solar energy,0.0
2011,"International financial flows to developing countries in support of clean energy research and development and renewable energy production, including in hybrid systems (millions of constant 2020 United States dollars)",Millions of constant United States dollars,Solar energy,0.0
2012,"International financial flows to developing countries in support of clean energy research and development and renewable energy production, including in hybrid systems (millions of constant 2020 United States dollars)",Millions of constant United States dollars,Solar energy,0.26
2013,"International financial flows to developing countries in support of clean energy research and development and renewable energy production, including in hybrid systems (millions of constant 2020 United States dollars)",Millions of constant United States dollars,Solar energy,0.01
2014,"International financial flows to developing countries in support of clean energy research and development and renewable energy production, including in hybrid systems (millions of constant 2020 United States dollars)",Millions of constant United States dollars,Solar energy,0.0
2015,"International financial flows to developing countries in support of clean energy research and development and renewable energy production, including in hybrid systems (millions of constant 2020 United States dollars)",Millions of constant United States dollars,Solar energy,0.0
2016,"International financial flows to developing countries in support of clean energy research and development and renewable energy production, including in hybrid systems (millions of constant 2020 United States dollars)",Millions of constant United States dollars,Solar energy,3.27
2017,"International financial flows to developing countries in support of clean energy research and development and renewable energy production, including in hybrid systems (millions of constant 2020 United States dollars)",Millions of constant United States dollars,Solar energy,0.23
2018,"International financial flows to developing countries in support of clean energy research and development and renewable energy production, including in hybrid systems (millions of constant 2020 United States dollars)",Millions of constant United States dollars,Solar energy,0.34
2019,"International financial flows to developing countries in support of clean energy research and development and renewable energy production, including in hybrid systems (millions of constant 2020 United States dollars)",Millions of constant United States dollars,Solar energy,0.45
2020,"International financial flows to developing countries in support of clean energy research and development and renewable energy production, including in hybrid systems (millions of constant 2020 United States dollars)",Millions of constant United States dollars,Solar energy,0.02
2021,"International financial flows to developing countries in support of clean energy research and development and renewable energy production, including in hybrid systems (millions of constant 2020 United States dollars)",Millions of constant United States dollars,Solar energy,
2000,"International financial flows to developing countries in support of clean energy research and development and renewable energy production, including in hybrid systems (millions of constant 2020 United States dollars)",Millions of constant United States dollars,Wind energy,0.0
2001,"International financial flows to developing countries in support of clean energy research and development and renewable energy production, including in hybrid systems (millions of constant 2020 United States dollars)",Millions of constant United States dollars,Wind energy,0.0
2002,"International financial flows to developing countries in support of clean energy research and development and renewable energy production, including in hybrid systems (millions of constant 2020 United States dollars)",Millions of constant United States dollars,Wind energy,0.0
2003,"International financial flows to developing countries in support of clean energy research and development and renewable energy production, including in hybrid systems (millions of constant 2020 United States dollars)",Millions of constant United States dollars,Wind energy,0.0
2004,"International financial flows to developing countries in support of clean energy research and development and renewable energy production, including in hybrid systems (millions of constant 2020 United States dollars)",Millions of constant United States dollars,Wind energy,0.0
2005,"International financial flows to developing countries in support of clean energy research and development and renewable energy production, including in hybrid systems (millions of constant 2020 United States dollars)",Millions of constant United States dollars,Wind energy,0.0
2006,"International financial flows to developing countries in support of clean energy research and development and renewable energy production, including in hybrid systems (millions of constant 2020 United States dollars)",Millions of constant United States dollars,Wind energy,0.29
2007,"International financial flows to developing countries in support of clean energy research and development and renewable energy production, including in hybrid systems (millions of constant 2020 United States dollars)",Millions of constant United States dollars,Wind energy,0.0
2008,"International financial flows to developing countries in support of clean energy research and development and renewable energy production, including in hybrid systems (millions of constant 2020 United States dollars)",Millions of constant United States dollars,Wind energy,0.0
2009,"International financial flows to developing countries in support of clean energy research and development and renewable energy production, including in hybrid systems (millions of constant 2020 United States dollars)",Millions of constant United States dollars,Wind energy,0.0
2010,"International financial flows to developing countries in support of clean energy research and development and renewable energy production, including in hybrid systems (millions of constant 2020 United States dollars)",Millions of constant United States dollars,Wind energy,96.84
2011,"International financial flows to developing countries in support of clean energy research and development and renewable energy production, including in hybrid systems (millions of constant 2020 United States dollars)",Millions of constant United States dollars,Wind energy,0.0
2012,"International financial flows to developing countries in support of clean energy research and development and renewable energy production, including in hybrid systems (millions of constant 2020 United States dollars)",Millions of constant United States dollars,Wind energy,0.0
2013,"International financial flows to developing countries in support of clean energy research and development and renewable energy production, including in hybrid systems (millions of constant 2020 United States dollars)",Millions of constant United States dollars,Wind energy,0.0
2014,"International financial flows to developing countries in support of clean energy research and development and renewable energy production, including in hybrid systems (millions of constant 2020 United States dollars)",Millions of constant United States dollars,Wind energy,0.0
2015,"International financial flows to developing countries in support of clean energy research and development and renewable energy production, including in hybrid systems (millions of constant 2020 United States dollars)",Millions of constant United States dollars,Wind energy,0.0
2016,"International financial flows to developing countries in support of clean energy research and development and renewable energy production, including in hybrid systems (millions of constant 2020 United States dollars)",Millions of constant United States dollars,Wind energy,0.0
2017,"International financial flows to developing countries in support of clean energy research and development and renewable energy production, including in hybrid systems (millions of constant 2020 United States dollars)",Millions of constant United States dollars,Wind energy,72.29
2018,"International financial flows to developing countries in support of clean energy research and development and renewable energy production, including in hybrid systems (millions of constant 2020 United States dollars)",Millions of constant United States dollars,Wind energy,0.0
2019,"International financial flows to developing countries in support of clean energy research and development and renewable energy production, including in hybrid systems (millions of constant 2020 United States dollars)",Millions of constant United States dollars,Wind energy,0.0
2020,"International financial flows to developing countries in support of clean energy research and development and renewable energy production, including in hybrid systems (millions of constant 2020 United States dollars)",Millions of constant United States dollars,Wind energy,0.0
2021,"International financial flows to developing countries in support of clean energy research and development and renewable energy production, including in hybrid systems (millions of constant 2020 United States dollars)",Millions of constant United States dollars,Wind energy,
