Year,SERIES,UNIT_MEASURE,Economic activity,Sex,Value
2006,"Proportion of informal employment, by sector and sex (ILO harmonized estimates) - 13th ICLS (%)",PT,"Agriculture, forestry and fishing",Both sexes or no breakdown by sex,89.6
2007,"Proportion of informal employment, by sector and sex (ILO harmonized estimates) - 13th ICLS (%)",PT,"Agriculture, forestry and fishing",Both sexes or no breakdown by sex,90.9
2008,"Proportion of informal employment, by sector and sex (ILO harmonized estimates) - 13th ICLS (%)",PT,"Agriculture, forestry and fishing",Both sexes or no breakdown by sex,91.2
2009,"Proportion of informal employment, by sector and sex (ILO harmonized estimates) - 13th ICLS (%)",PT,"Agriculture, forestry and fishing",Both sexes or no breakdown by sex,91.2
2010,"Proportion of informal employment, by sector and sex (ILO harmonized estimates) - 13th ICLS (%)",PT,"Agriculture, forestry and fishing",Both sexes or no breakdown by sex,90.4
2011,"Proportion of informal employment, by sector and sex (ILO harmonized estimates) - 13th ICLS (%)",PT,"Agriculture, forestry and fishing",Both sexes or no breakdown by sex,90.6
2012,"Proportion of informal employment, by sector and sex (ILO harmonized estimates) - 13th ICLS (%)",PT,"Agriculture, forestry and fishing",Both sexes or no breakdown by sex,90.8
2013,"Proportion of informal employment, by sector and sex (ILO harmonized estimates) - 13th ICLS (%)",PT,"Agriculture, forestry and fishing",Both sexes or no breakdown by sex,90.9
2014,"Proportion of informal employment, by sector and sex (ILO harmonized estimates) - 13th ICLS (%)",PT,"Agriculture, forestry and fishing",Both sexes or no breakdown by sex,89.8
2015,"Proportion of informal employment, by sector and sex (ILO harmonized estimates) - 13th ICLS (%)",PT,"Agriculture, forestry and fishing",Both sexes or no breakdown by sex,90.0
2016,"Proportion of informal employment, by sector and sex (ILO harmonized estimates) - 13th ICLS (%)",PT,"Agriculture, forestry and fishing",Both sexes or no breakdown by sex,89.9
2017,"Proportion of informal employment, by sector and sex (ILO harmonized estimates) - 13th ICLS (%)",PT,"Agriculture, forestry and fishing",Both sexes or no breakdown by sex,76.0
2018,"Proportion of informal employment, by sector and sex (ILO harmonized estimates) - 13th ICLS (%)",PT,"Agriculture, forestry and fishing",Both sexes or no breakdown by sex,72.7
2019,"Proportion of informal employment, by sector and sex (ILO harmonized estimates) - 13th ICLS (%)",PT,"Agriculture, forestry and fishing",Both sexes or no breakdown by sex,79.4
2020,"Proportion of informal employment, by sector and sex (ILO harmonized estimates) - 13th ICLS (%)",PT,"Agriculture, forestry and fishing",Both sexes or no breakdown by sex,64.5
2021,"Proportion of informal employment, by sector and sex (ILO harmonized estimates) - 13th ICLS (%)",PT,"Agriculture, forestry and fishing",Both sexes or no breakdown by sex,78.4
2006,"Proportion of informal employment, by sector and sex (ILO harmonized estimates) - 13th ICLS (%)",PT,Non-agriculture,Both sexes or no breakdown by sex,24.6
2007,"Proportion of informal employment, by sector and sex (ILO harmonized estimates) - 13th ICLS (%)",PT,Non-agriculture,Both sexes or no breakdown by sex,23.8
2008,"Proportion of informal employment, by sector and sex (ILO harmonized estimates) - 13th ICLS (%)",PT,Non-agriculture,Both sexes or no breakdown by sex,21.2
2009,"Proportion of informal employment, by sector and sex (ILO harmonized estimates) - 13th ICLS (%)",PT,Non-agriculture,Both sexes or no breakdown by sex,18.3
2010,"Proportion of informal employment, by sector and sex (ILO harmonized estimates) - 13th ICLS (%)",PT,Non-agriculture,Both sexes or no breakdown by sex,18.1
2011,"Proportion of informal employment, by sector and sex (ILO harmonized estimates) - 13th ICLS (%)",PT,Non-agriculture,Both sexes or no breakdown by sex,16.3
2012,"Proportion of informal employment, by sector and sex (ILO harmonized estimates) - 13th ICLS (%)",PT,Non-agriculture,Both sexes or no breakdown by sex,18.9
2013,"Proportion of informal employment, by sector and sex (ILO harmonized estimates) - 13th ICLS (%)",PT,Non-agriculture,Both sexes or no breakdown by sex,17.7
2014,"Proportion of informal employment, by sector and sex (ILO harmonized estimates) - 13th ICLS (%)",PT,Non-agriculture,Both sexes or no breakdown by sex,16.8
2015,"Proportion of informal employment, by sector and sex (ILO harmonized estimates) - 13th ICLS (%)",PT,Non-agriculture,Both sexes or no breakdown by sex,17.1
2016,"Proportion of informal employment, by sector and sex (ILO harmonized estimates) - 13th ICLS (%)",PT,Non-agriculture,Both sexes or no breakdown by sex,17.5
2017,"Proportion of informal employment, by sector and sex (ILO harmonized estimates) - 13th ICLS (%)",PT,Non-agriculture,Both sexes or no breakdown by sex,12.9
2018,"Proportion of informal employment, by sector and sex (ILO harmonized estimates) - 13th ICLS (%)",PT,Non-agriculture,Both sexes or no breakdown by sex,12.7
2019,"Proportion of informal employment, by sector and sex (ILO harmonized estimates) - 13th ICLS (%)",PT,Non-agriculture,Both sexes or no breakdown by sex,10.8
2020,"Proportion of informal employment, by sector and sex (ILO harmonized estimates) - 13th ICLS (%)",PT,Non-agriculture,Both sexes or no breakdown by sex,7.5
2021,"Proportion of informal employment, by sector and sex (ILO harmonized estimates) - 13th ICLS (%)",PT,Non-agriculture,Both sexes or no breakdown by sex,8.4
2006,"Proportion of informal employment, by sector and sex (ILO harmonized estimates) - 13th ICLS (%)",PT,No breakdown,Both sexes or no breakdown by sex,38.0
2007,"Proportion of informal employment, by sector and sex (ILO harmonized estimates) - 13th ICLS (%)",PT,No breakdown,Both sexes or no breakdown by sex,37.1
2008,"Proportion of informal employment, by sector and sex (ILO harmonized estimates) - 13th ICLS (%)",PT,No breakdown,Both sexes or no breakdown by sex,35.6
2009,"Proportion of informal employment, by sector and sex (ILO harmonized estimates) - 13th ICLS (%)",PT,No breakdown,Both sexes or no breakdown by sex,33.8
2010,"Proportion of informal employment, by sector and sex (ILO harmonized estimates) - 13th ICLS (%)",PT,No breakdown,Both sexes or no breakdown by sex,32.4
2011,"Proportion of informal employment, by sector and sex (ILO harmonized estimates) - 13th ICLS (%)",PT,No breakdown,Both sexes or no breakdown by sex,30.9
2012,"Proportion of informal employment, by sector and sex (ILO harmonized estimates) - 13th ICLS (%)",PT,No breakdown,Both sexes or no breakdown by sex,33.7
2013,"Proportion of informal employment, by sector and sex (ILO harmonized estimates) - 13th ICLS (%)",PT,No breakdown,Both sexes or no breakdown by sex,31.5
2014,"Proportion of informal employment, by sector and sex (ILO harmonized estimates) - 13th ICLS (%)",PT,No breakdown,Both sexes or no breakdown by sex,29.3
2015,"Proportion of informal employment, by sector and sex (ILO harmonized estimates) - 13th ICLS (%)",PT,No breakdown,Both sexes or no breakdown by sex,30.1
2016,"Proportion of informal employment, by sector and sex (ILO harmonized estimates) - 13th ICLS (%)",PT,No breakdown,Both sexes or no breakdown by sex,30.5
2017,"Proportion of informal employment, by sector and sex (ILO harmonized estimates) - 13th ICLS (%)",PT,No breakdown,Both sexes or no breakdown by sex,24.8
2018,"Proportion of informal employment, by sector and sex (ILO harmonized estimates) - 13th ICLS (%)",PT,No breakdown,Both sexes or no breakdown by sex,22.1
2019,"Proportion of informal employment, by sector and sex (ILO harmonized estimates) - 13th ICLS (%)",PT,No breakdown,Both sexes or no breakdown by sex,23.1
2020,"Proportion of informal employment, by sector and sex (ILO harmonized estimates) - 13th ICLS (%)",PT,No breakdown,Both sexes or no breakdown by sex,14.3
2021,"Proportion of informal employment, by sector and sex (ILO harmonized estimates) - 13th ICLS (%)",PT,No breakdown,Both sexes or no breakdown by sex,20.68
2006,"Proportion of informal employment, by sector and sex (ILO harmonized estimates) - 13th ICLS (%)",PT,"Agriculture, forestry and fishing",Female,95.6
2007,"Proportion of informal employment, by sector and sex (ILO harmonized estimates) - 13th ICLS (%)",PT,"Agriculture, forestry and fishing",Female,97.3
2008,"Proportion of informal employment, by sector and sex (ILO harmonized estimates) - 13th ICLS (%)",PT,"Agriculture, forestry and fishing",Female,96.1
2009,"Proportion of informal employment, by sector and sex (ILO harmonized estimates) - 13th ICLS (%)",PT,"Agriculture, forestry and fishing",Female,96.3
2010,"Proportion of informal employment, by sector and sex (ILO harmonized estimates) - 13th ICLS (%)",PT,"Agriculture, forestry and fishing",Female,95.9
2011,"Proportion of informal employment, by sector and sex (ILO harmonized estimates) - 13th ICLS (%)",PT,"Agriculture, forestry and fishing",Female,96.6
2012,"Proportion of informal employment, by sector and sex (ILO harmonized estimates) - 13th ICLS (%)",PT,"Agriculture, forestry and fishing",Female,96.1
2013,"Proportion of informal employment, by sector and sex (ILO harmonized estimates) - 13th ICLS (%)",PT,"Agriculture, forestry and fishing",Female,96.0
2014,"Proportion of informal employment, by sector and sex (ILO harmonized estimates) - 13th ICLS (%)",PT,"Agriculture, forestry and fishing",Female,94.0
2015,"Proportion of informal employment, by sector and sex (ILO harmonized estimates) - 13th ICLS (%)",PT,"Agriculture, forestry and fishing",Female,95.0
2016,"Proportion of informal employment, by sector and sex (ILO harmonized estimates) - 13th ICLS (%)",PT,"Agriculture, forestry and fishing",Female,96.7
2017,"Proportion of informal employment, by sector and sex (ILO harmonized estimates) - 13th ICLS (%)",PT,"Agriculture, forestry and fishing",Female,88.9
2018,"Proportion of informal employment, by sector and sex (ILO harmonized estimates) - 13th ICLS (%)",PT,"Agriculture, forestry and fishing",Female,84.2
2019,"Proportion of informal employment, by sector and sex (ILO harmonized estimates) - 13th ICLS (%)",PT,"Agriculture, forestry and fishing",Female,88.4
2020,"Proportion of informal employment, by sector and sex (ILO harmonized estimates) - 13th ICLS (%)",PT,"Agriculture, forestry and fishing",Female,79.4
2021,"Proportion of informal employment, by sector and sex (ILO harmonized estimates) - 13th ICLS (%)",PT,"Agriculture, forestry and fishing",Female,90.0
2006,"Proportion of informal employment, by sector and sex (ILO harmonized estimates) - 13th ICLS (%)",PT,Non-agriculture,Female,18.9
2007,"Proportion of informal employment, by sector and sex (ILO harmonized estimates) - 13th ICLS (%)",PT,Non-agriculture,Female,16.9
2008,"Proportion of informal employment, by sector and sex (ILO harmonized estimates) - 13th ICLS (%)",PT,Non-agriculture,Female,15.7
2009,"Proportion of informal employment, by sector and sex (ILO harmonized estimates) - 13th ICLS (%)",PT,Non-agriculture,Female,12.8
2010,"Proportion of informal employment, by sector and sex (ILO harmonized estimates) - 13th ICLS (%)",PT,Non-agriculture,Female,14.3
2011,"Proportion of informal employment, by sector and sex (ILO harmonized estimates) - 13th ICLS (%)",PT,Non-agriculture,Female,12.0
2012,"Proportion of informal employment, by sector and sex (ILO harmonized estimates) - 13th ICLS (%)",PT,Non-agriculture,Female,13.2
2013,"Proportion of informal employment, by sector and sex (ILO harmonized estimates) - 13th ICLS (%)",PT,Non-agriculture,Female,12.8
2014,"Proportion of informal employment, by sector and sex (ILO harmonized estimates) - 13th ICLS (%)",PT,Non-agriculture,Female,12.5
2015,"Proportion of informal employment, by sector and sex (ILO harmonized estimates) - 13th ICLS (%)",PT,Non-agriculture,Female,13.8
2016,"Proportion of informal employment, by sector and sex (ILO harmonized estimates) - 13th ICLS (%)",PT,Non-agriculture,Female,12.7
2017,"Proportion of informal employment, by sector and sex (ILO harmonized estimates) - 13th ICLS (%)",PT,Non-agriculture,Female,10.6
2018,"Proportion of informal employment, by sector and sex (ILO harmonized estimates) - 13th ICLS (%)",PT,Non-agriculture,Female,10.5
2019,"Proportion of informal employment, by sector and sex (ILO harmonized estimates) - 13th ICLS (%)",PT,Non-agriculture,Female,7.8
2020,"Proportion of informal employment, by sector and sex (ILO harmonized estimates) - 13th ICLS (%)",PT,Non-agriculture,Female,6.6
2021,"Proportion of informal employment, by sector and sex (ILO harmonized estimates) - 13th ICLS (%)",PT,Non-agriculture,Female,6.9
2006,"Proportion of informal employment, by sector and sex (ILO harmonized estimates) - 13th ICLS (%)",PT,No breakdown,Female,35.8
2007,"Proportion of informal employment, by sector and sex (ILO harmonized estimates) - 13th ICLS (%)",PT,No breakdown,Female,34.0
2008,"Proportion of informal employment, by sector and sex (ILO harmonized estimates) - 13th ICLS (%)",PT,No breakdown,Female,33.6
2009,"Proportion of informal employment, by sector and sex (ILO harmonized estimates) - 13th ICLS (%)",PT,No breakdown,Female,34.3
2010,"Proportion of informal employment, by sector and sex (ILO harmonized estimates) - 13th ICLS (%)",PT,No breakdown,Female,32.9
2011,"Proportion of informal employment, by sector and sex (ILO harmonized estimates) - 13th ICLS (%)",PT,No breakdown,Female,29.7
2012,"Proportion of informal employment, by sector and sex (ILO harmonized estimates) - 13th ICLS (%)",PT,No breakdown,Female,32.0
2013,"Proportion of informal employment, by sector and sex (ILO harmonized estimates) - 13th ICLS (%)",PT,No breakdown,Female,28.7
2014,"Proportion of informal employment, by sector and sex (ILO harmonized estimates) - 13th ICLS (%)",PT,No breakdown,Female,26.8
2015,"Proportion of informal employment, by sector and sex (ILO harmonized estimates) - 13th ICLS (%)",PT,No breakdown,Female,27.5
2016,"Proportion of informal employment, by sector and sex (ILO harmonized estimates) - 13th ICLS (%)",PT,No breakdown,Female,27.6
2017,"Proportion of informal employment, by sector and sex (ILO harmonized estimates) - 13th ICLS (%)",PT,No breakdown,Female,26.3
2018,"Proportion of informal employment, by sector and sex (ILO harmonized estimates) - 13th ICLS (%)",PT,No breakdown,Female,22.3
2019,"Proportion of informal employment, by sector and sex (ILO harmonized estimates) - 13th ICLS (%)",PT,No breakdown,Female,24.3
2020,"Proportion of informal employment, by sector and sex (ILO harmonized estimates) - 13th ICLS (%)",PT,No breakdown,Female,16.8
2021,"Proportion of informal employment, by sector and sex (ILO harmonized estimates) - 13th ICLS (%)",PT,No breakdown,Female,25.7
2006,"Proportion of informal employment, by sector and sex (ILO harmonized estimates) - 13th ICLS (%)",PT,"Agriculture, forestry and fishing",Male,85.9
2007,"Proportion of informal employment, by sector and sex (ILO harmonized estimates) - 13th ICLS (%)",PT,"Agriculture, forestry and fishing",Male,87.1
2008,"Proportion of informal employment, by sector and sex (ILO harmonized estimates) - 13th ICLS (%)",PT,"Agriculture, forestry and fishing",Male,88.2
2009,"Proportion of informal employment, by sector and sex (ILO harmonized estimates) - 13th ICLS (%)",PT,"Agriculture, forestry and fishing",Male,87.0
2010,"Proportion of informal employment, by sector and sex (ILO harmonized estimates) - 13th ICLS (%)",PT,"Agriculture, forestry and fishing",Male,86.3
2011,"Proportion of informal employment, by sector and sex (ILO harmonized estimates) - 13th ICLS (%)",PT,"Agriculture, forestry and fishing",Male,86.6
2012,"Proportion of informal employment, by sector and sex (ILO harmonized estimates) - 13th ICLS (%)",PT,"Agriculture, forestry and fishing",Male,87.2
2013,"Proportion of informal employment, by sector and sex (ILO harmonized estimates) - 13th ICLS (%)",PT,"Agriculture, forestry and fishing",Male,87.9
2014,"Proportion of informal employment, by sector and sex (ILO harmonized estimates) - 13th ICLS (%)",PT,"Agriculture, forestry and fishing",Male,87.2
2015,"Proportion of informal employment, by sector and sex (ILO harmonized estimates) - 13th ICLS (%)",PT,"Agriculture, forestry and fishing",Male,87.3
2016,"Proportion of informal employment, by sector and sex (ILO harmonized estimates) - 13th ICLS (%)",PT,"Agriculture, forestry and fishing",Male,86.2
2017,"Proportion of informal employment, by sector and sex (ILO harmonized estimates) - 13th ICLS (%)",PT,"Agriculture, forestry and fishing",Male,65.5
2018,"Proportion of informal employment, by sector and sex (ILO harmonized estimates) - 13th ICLS (%)",PT,"Agriculture, forestry and fishing",Male,65.7
2019,"Proportion of informal employment, by sector and sex (ILO harmonized estimates) - 13th ICLS (%)",PT,"Agriculture, forestry and fishing",Male,72.4
2020,"Proportion of informal employment, by sector and sex (ILO harmonized estimates) - 13th ICLS (%)",PT,"Agriculture, forestry and fishing",Male,52.5
2021,"Proportion of informal employment, by sector and sex (ILO harmonized estimates) - 13th ICLS (%)",PT,"Agriculture, forestry and fishing",Male,66.4
2006,"Proportion of informal employment, by sector and sex (ILO harmonized estimates) - 13th ICLS (%)",PT,Non-agriculture,Male,27.6
2007,"Proportion of informal employment, by sector and sex (ILO harmonized estimates) - 13th ICLS (%)",PT,Non-agriculture,Male,27.3
2008,"Proportion of informal employment, by sector and sex (ILO harmonized estimates) - 13th ICLS (%)",PT,Non-agriculture,Male,24.1
2009,"Proportion of informal employment, by sector and sex (ILO harmonized estimates) - 13th ICLS (%)",PT,Non-agriculture,Male,21.3
2010,"Proportion of informal employment, by sector and sex (ILO harmonized estimates) - 13th ICLS (%)",PT,Non-agriculture,Male,20.2
2011,"Proportion of informal employment, by sector and sex (ILO harmonized estimates) - 13th ICLS (%)",PT,Non-agriculture,Male,18.8
2012,"Proportion of informal employment, by sector and sex (ILO harmonized estimates) - 13th ICLS (%)",PT,Non-agriculture,Male,22.1
2013,"Proportion of informal employment, by sector and sex (ILO harmonized estimates) - 13th ICLS (%)",PT,Non-agriculture,Male,20.6
2014,"Proportion of informal employment, by sector and sex (ILO harmonized estimates) - 13th ICLS (%)",PT,Non-agriculture,Male,19.4
2015,"Proportion of informal employment, by sector and sex (ILO harmonized estimates) - 13th ICLS (%)",PT,Non-agriculture,Male,19.1
2016,"Proportion of informal employment, by sector and sex (ILO harmonized estimates) - 13th ICLS (%)",PT,Non-agriculture,Male,20.2
2017,"Proportion of informal employment, by sector and sex (ILO harmonized estimates) - 13th ICLS (%)",PT,Non-agriculture,Male,14.3
2018,"Proportion of informal employment, by sector and sex (ILO harmonized estimates) - 13th ICLS (%)",PT,Non-agriculture,Male,14.0
2019,"Proportion of informal employment, by sector and sex (ILO harmonized estimates) - 13th ICLS (%)",PT,Non-agriculture,Male,12.6
2020,"Proportion of informal employment, by sector and sex (ILO harmonized estimates) - 13th ICLS (%)",PT,Non-agriculture,Male,7.95
2021,"Proportion of informal employment, by sector and sex (ILO harmonized estimates) - 13th ICLS (%)",PT,Non-agriculture,Male,9.3
2006,"Proportion of informal employment, by sector and sex (ILO harmonized estimates) - 13th ICLS (%)",PT,No breakdown,Male,39.2
2007,"Proportion of informal employment, by sector and sex (ILO harmonized estimates) - 13th ICLS (%)",PT,No breakdown,Male,38.6
2008,"Proportion of informal employment, by sector and sex (ILO harmonized estimates) - 13th ICLS (%)",PT,No breakdown,Male,36.7
2009,"Proportion of informal employment, by sector and sex (ILO harmonized estimates) - 13th ICLS (%)",PT,No breakdown,Male,33.5
2010,"Proportion of informal employment, by sector and sex (ILO harmonized estimates) - 13th ICLS (%)",PT,No breakdown,Male,32.1
2011,"Proportion of informal employment, by sector and sex (ILO harmonized estimates) - 13th ICLS (%)",PT,No breakdown,Male,31.6
2012,"Proportion of informal employment, by sector and sex (ILO harmonized estimates) - 13th ICLS (%)",PT,No breakdown,Male,34.7
2013,"Proportion of informal employment, by sector and sex (ILO harmonized estimates) - 13th ICLS (%)",PT,No breakdown,Male,33.2
2014,"Proportion of informal employment, by sector and sex (ILO harmonized estimates) - 13th ICLS (%)",PT,No breakdown,Male,30.8
2015,"Proportion of informal employment, by sector and sex (ILO harmonized estimates) - 13th ICLS (%)",PT,No breakdown,Male,31.7
2016,"Proportion of informal employment, by sector and sex (ILO harmonized estimates) - 13th ICLS (%)",PT,No breakdown,Male,32.1
2017,"Proportion of informal employment, by sector and sex (ILO harmonized estimates) - 13th ICLS (%)",PT,No breakdown,Male,24.0
2018,"Proportion of informal employment, by sector and sex (ILO harmonized estimates) - 13th ICLS (%)",PT,No breakdown,Male,22.0
2019,"Proportion of informal employment, by sector and sex (ILO harmonized estimates) - 13th ICLS (%)",PT,No breakdown,Male,22.4
2020,"Proportion of informal employment, by sector and sex (ILO harmonized estimates) - 13th ICLS (%)",PT,No breakdown,Male,12.7
2021,"Proportion of informal employment, by sector and sex (ILO harmonized estimates) - 13th ICLS (%)",PT,No breakdown,Male,17.4
2021,"Proportion of informal employment, by sector and sex (ILO harmonized estimates) - 19th ICLS (%)",PT,"Agriculture, forestry and fishing",Both sexes or no breakdown by sex,56.2
2021,"Proportion of informal employment, by sector and sex (ILO harmonized estimates) - 19th ICLS (%)",PT,"Agriculture, forestry and fishing",Female,72.98
2021,"Proportion of informal employment, by sector and sex (ILO harmonized estimates) - 19th ICLS (%)",PT,"Agriculture, forestry and fishing",Male,45.75
2021,"Proportion of informal employment, by sector and sex (ILO harmonized estimates) - 19th ICLS (%)",PT,Non-agriculture,Both sexes or no breakdown by sex,8.44
2021,"Proportion of informal employment, by sector and sex (ILO harmonized estimates) - 19th ICLS (%)",PT,Non-agriculture,Female,6.94
2021,"Proportion of informal employment, by sector and sex (ILO harmonized estimates) - 19th ICLS (%)",PT,Non-agriculture,Male,9.32
2021,"Proportion of informal employment, by sector and sex (ILO harmonized estimates) - 19th ICLS (%)",PT,No breakdown,Both sexes or no breakdown by sex,12.95
2021,"Proportion of informal employment, by sector and sex (ILO harmonized estimates) - 19th ICLS (%)",PT,No breakdown,Female,13.39
2021,"Proportion of informal employment, by sector and sex (ILO harmonized estimates) - 19th ICLS (%)",PT,No breakdown,Male,12.69
