Year,SERIES,UNIT_MEASURE,Type of product,Value
2000,"Domestic material consumption per capita, by type of raw material",TONNES,No breakdown,6.66751
2001,"Domestic material consumption per capita, by type of raw material",TONNES,No breakdown,6.91586
2002,"Domestic material consumption per capita, by type of raw material",TONNES,No breakdown,7.31228
2003,"Domestic material consumption per capita, by type of raw material",TONNES,No breakdown,8.69966
2004,"Domestic material consumption per capita, by type of raw material",TONNES,No breakdown,9.28786
2005,"Domestic material consumption per capita, by type of raw material",TONNES,No breakdown,9.80739
2006,"Domestic material consumption per capita, by type of raw material",TONNES,No breakdown,10.78876
2007,"Domestic material consumption per capita, by type of raw material",TONNES,No breakdown,10.89829
2008,"Domestic material consumption per capita, by type of raw material",TONNES,No breakdown,12.12867
2009,"Domestic material consumption per capita, by type of raw material",TONNES,No breakdown,11.40177
2010,"Domestic material consumption per capita, by type of raw material",TONNES,No breakdown,11.12588
2011,"Domestic material consumption per capita, by type of raw material",TONNES,No breakdown,11.71399
2012,"Domestic material consumption per capita, by type of raw material",TONNES,No breakdown,12.08488
2013,"Domestic material consumption per capita, by type of raw material",TONNES,No breakdown,11.4451
2014,"Domestic material consumption per capita, by type of raw material",TONNES,No breakdown,11.17667
2015,"Domestic material consumption per capita, by type of raw material",TONNES,No breakdown,12.47721
2016,"Domestic material consumption per capita, by type of raw material",TONNES,No breakdown,13.67454
2017,"Domestic material consumption per capita, by type of raw material",TONNES,No breakdown,12.8607
2018,"Domestic material consumption per capita, by type of raw material",TONNES,No breakdown,14.19415
2019,"Domestic material consumption per capita, by type of raw material",TONNES,No breakdown,14.46275
2000,"Domestic material consumption per capita, by type of raw material",TONNES,Biomass,2.5325
2001,"Domestic material consumption per capita, by type of raw material",TONNES,Biomass,2.69833
2002,"Domestic material consumption per capita, by type of raw material",TONNES,Biomass,2.73528
2003,"Domestic material consumption per capita, by type of raw material",TONNES,Biomass,2.31352
2004,"Domestic material consumption per capita, by type of raw material",TONNES,Biomass,2.83925
2005,"Domestic material consumption per capita, by type of raw material",TONNES,Biomass,2.8148
2006,"Domestic material consumption per capita, by type of raw material",TONNES,Biomass,2.90239
2007,"Domestic material consumption per capita, by type of raw material",TONNES,Biomass,2.51972
2008,"Domestic material consumption per capita, by type of raw material",TONNES,Biomass,2.80323
2009,"Domestic material consumption per capita, by type of raw material",TONNES,Biomass,2.70012
2010,"Domestic material consumption per capita, by type of raw material",TONNES,Biomass,2.59111
2011,"Domestic material consumption per capita, by type of raw material",TONNES,Biomass,2.59921
2012,"Domestic material consumption per capita, by type of raw material",TONNES,Biomass,2.3632
2013,"Domestic material consumption per capita, by type of raw material",TONNES,Biomass,2.70089
2014,"Domestic material consumption per capita, by type of raw material",TONNES,Biomass,2.55069
2015,"Domestic material consumption per capita, by type of raw material",TONNES,Biomass,2.79108
2016,"Domestic material consumption per capita, by type of raw material",TONNES,Biomass,3.26414
2017,"Domestic material consumption per capita, by type of raw material",TONNES,Biomass,2.78267
2018,"Domestic material consumption per capita, by type of raw material",TONNES,Biomass,3.39949
2019,"Domestic material consumption per capita, by type of raw material",TONNES,Biomass,3.51815
2000,"Domestic material consumption per capita, by type of raw material",TONNES,Coal,1.96685
2001,"Domestic material consumption per capita, by type of raw material",TONNES,Coal,1.99573
2002,"Domestic material consumption per capita, by type of raw material",TONNES,Coal,2.06789
2003,"Domestic material consumption per capita, by type of raw material",TONNES,Coal,2.24046
2004,"Domestic material consumption per capita, by type of raw material",TONNES,Coal,2.32347
2005,"Domestic material consumption per capita, by type of raw material",TONNES,Coal,2.49965
2006,"Domestic material consumption per capita, by type of raw material",TONNES,Coal,2.72931
2007,"Domestic material consumption per capita, by type of raw material",TONNES,Coal,2.68365
2008,"Domestic material consumption per capita, by type of raw material",TONNES,Coal,3.08796
2009,"Domestic material consumption per capita, by type of raw material",TONNES,Coal,3.24336
2010,"Domestic material consumption per capita, by type of raw material",TONNES,Coal,3.20714
2011,"Domestic material consumption per capita, by type of raw material",TONNES,Coal,3.70264
2012,"Domestic material consumption per capita, by type of raw material",TONNES,Coal,3.53956
2013,"Domestic material consumption per capita, by type of raw material",TONNES,Coal,3.54909
2014,"Domestic material consumption per capita, by type of raw material",TONNES,Coal,3.63228
2015,"Domestic material consumption per capita, by type of raw material",TONNES,Coal,3.84736
2016,"Domestic material consumption per capita, by type of raw material",TONNES,Coal,4.35102
2017,"Domestic material consumption per capita, by type of raw material",TONNES,Coal,4.55235
2018,"Domestic material consumption per capita, by type of raw material",TONNES,Coal,4.75971
2019,"Domestic material consumption per capita, by type of raw material",TONNES,Coal,5.05564
2000,"Domestic material consumption per capita, by type of raw material",TONNES,Crop residues,0.33995
2001,"Domestic material consumption per capita, by type of raw material",TONNES,Crop residues,0.43442
2002,"Domestic material consumption per capita, by type of raw material",TONNES,Crop residues,0.49739
2003,"Domestic material consumption per capita, by type of raw material",TONNES,Crop residues,0.30594
2004,"Domestic material consumption per capita, by type of raw material",TONNES,Crop residues,0.54609
2005,"Domestic material consumption per capita, by type of raw material",TONNES,Crop residues,0.52252
2006,"Domestic material consumption per capita, by type of raw material",TONNES,Crop residues,0.51706
2007,"Domestic material consumption per capita, by type of raw material",TONNES,Crop residues,0.38303
2008,"Domestic material consumption per capita, by type of raw material",TONNES,Crop residues,0.52794
2009,"Domestic material consumption per capita, by type of raw material",TONNES,Crop residues,0.53095
2010,"Domestic material consumption per capita, by type of raw material",TONNES,Crop residues,0.43655
2011,"Domestic material consumption per capita, by type of raw material",TONNES,Crop residues,0.44098
2012,"Domestic material consumption per capita, by type of raw material",TONNES,Crop residues,0.35425
2013,"Domestic material consumption per capita, by type of raw material",TONNES,Crop residues,0.48951
2014,"Domestic material consumption per capita, by type of raw material",TONNES,Crop residues,0.44769
2015,"Domestic material consumption per capita, by type of raw material",TONNES,Crop residues,0.47583
2016,"Domestic material consumption per capita, by type of raw material",TONNES,Crop residues,0.69881
2017,"Domestic material consumption per capita, by type of raw material",TONNES,Crop residues,0.49026
2018,"Domestic material consumption per capita, by type of raw material",TONNES,Crop residues,0.75175
2019,"Domestic material consumption per capita, by type of raw material",TONNES,Crop residues,0.7592
2000,"Domestic material consumption per capita, by type of raw material",TONNES,Crops,0.82726
2001,"Domestic material consumption per capita, by type of raw material",TONNES,Crops,1.00305
2002,"Domestic material consumption per capita, by type of raw material",TONNES,Crops,0.94311
2003,"Domestic material consumption per capita, by type of raw material",TONNES,Crops,0.70471
2004,"Domestic material consumption per capita, by type of raw material",TONNES,Crops,1.16369
2005,"Domestic material consumption per capita, by type of raw material",TONNES,Crops,1.13542
2006,"Domestic material consumption per capita, by type of raw material",TONNES,Crops,1.09678
2007,"Domestic material consumption per capita, by type of raw material",TONNES,Crops,0.9971
2008,"Domestic material consumption per capita, by type of raw material",TONNES,Crops,1.12042
2009,"Domestic material consumption per capita, by type of raw material",TONNES,Crops,1.09826
2010,"Domestic material consumption per capita, by type of raw material",TONNES,Crops,1.02595
2011,"Domestic material consumption per capita, by type of raw material",TONNES,Crops,1.03345
2012,"Domestic material consumption per capita, by type of raw material",TONNES,Crops,0.92331
2013,"Domestic material consumption per capita, by type of raw material",TONNES,Crops,1.12377
2014,"Domestic material consumption per capita, by type of raw material",TONNES,Crops,1.03808
2015,"Domestic material consumption per capita, by type of raw material",TONNES,Crops,1.14174
2016,"Domestic material consumption per capita, by type of raw material",TONNES,Crops,1.3502
2017,"Domestic material consumption per capita, by type of raw material",TONNES,Crops,1.14346
2018,"Domestic material consumption per capita, by type of raw material",TONNES,Crops,1.41392
2019,"Domestic material consumption per capita, by type of raw material",TONNES,Crops,1.41321
2000,"Domestic material consumption per capita, by type of raw material",TONNES,MF21,0.09637
2001,"Domestic material consumption per capita, by type of raw material",TONNES,MF21,0.07
2002,"Domestic material consumption per capita, by type of raw material",TONNES,MF21,0.05615
2003,"Domestic material consumption per capita, by type of raw material",TONNES,MF21,0.07191
2004,"Domestic material consumption per capita, by type of raw material",TONNES,MF21,0.09727
2005,"Domestic material consumption per capita, by type of raw material",TONNES,MF21,0.51046
2006,"Domestic material consumption per capita, by type of raw material",TONNES,MF21,0.54694
2007,"Domestic material consumption per capita, by type of raw material",TONNES,MF21,0.5303
2008,"Domestic material consumption per capita, by type of raw material",TONNES,MF21,0.64051
2009,"Domestic material consumption per capita, by type of raw material",TONNES,MF21,0.62278
2010,"Domestic material consumption per capita, by type of raw material",TONNES,MF21,0.22601
2011,"Domestic material consumption per capita, by type of raw material",TONNES,MF21,0.28901
2012,"Domestic material consumption per capita, by type of raw material",TONNES,MF21,0.26201
2013,"Domestic material consumption per capita, by type of raw material",TONNES,MF21,0.36324
2014,"Domestic material consumption per capita, by type of raw material",TONNES,MF21,0.3897
2015,"Domestic material consumption per capita, by type of raw material",TONNES,MF21,0.42133
2016,"Domestic material consumption per capita, by type of raw material",TONNES,MF21,0.45209
2017,"Domestic material consumption per capita, by type of raw material",TONNES,MF21,0.4819
2000,"Domestic material consumption per capita, by type of raw material",TONNES,MF4,2.3088
2001,"Domestic material consumption per capita, by type of raw material",TONNES,MF4,2.31477
2002,"Domestic material consumption per capita, by type of raw material",TONNES,MF4,2.37475
2003,"Domestic material consumption per capita, by type of raw material",TONNES,MF4,2.53438
2004,"Domestic material consumption per capita, by type of raw material",TONNES,MF4,2.62888
2005,"Domestic material consumption per capita, by type of raw material",TONNES,MF4,2.73894
2006,"Domestic material consumption per capita, by type of raw material",TONNES,MF4,2.98715
2007,"Domestic material consumption per capita, by type of raw material",TONNES,MF4,2.96034
2008,"Domestic material consumption per capita, by type of raw material",TONNES,MF4,3.40927
2009,"Domestic material consumption per capita, by type of raw material",TONNES,MF4,3.61068
2010,"Domestic material consumption per capita, by type of raw material",TONNES,MF4,3.54872
2011,"Domestic material consumption per capita, by type of raw material",TONNES,MF4,4.07718
2012,"Domestic material consumption per capita, by type of raw material",TONNES,MF4,3.9123
2013,"Domestic material consumption per capita, by type of raw material",TONNES,MF4,3.86773
2014,"Domestic material consumption per capita, by type of raw material",TONNES,MF4,3.87477
2015,"Domestic material consumption per capita, by type of raw material",TONNES,MF4,4.32493
2016,"Domestic material consumption per capita, by type of raw material",TONNES,MF4,4.48257
2017,"Domestic material consumption per capita, by type of raw material",TONNES,MF4,4.62956
2000,"Domestic material consumption per capita, by type of raw material",TONNES,MF422,0.04529
2001,"Domestic material consumption per capita, by type of raw material",TONNES,MF422,0.0296
2002,"Domestic material consumption per capita, by type of raw material",TONNES,MF422,0.02797
2003,"Domestic material consumption per capita, by type of raw material",TONNES,MF422,0.03653
2004,"Domestic material consumption per capita, by type of raw material",TONNES,MF422,0.05754
2005,"Domestic material consumption per capita, by type of raw material",TONNES,MF422,0.06833
2006,"Domestic material consumption per capita, by type of raw material",TONNES,MF422,0.07193
2007,"Domestic material consumption per capita, by type of raw material",TONNES,MF422,0.07613
2008,"Domestic material consumption per capita, by type of raw material",TONNES,MF422,0.07576
2009,"Domestic material consumption per capita, by type of raw material",TONNES,MF422,0.04341
2010,"Domestic material consumption per capita, by type of raw material",TONNES,MF422,0.04584
2011,"Domestic material consumption per capita, by type of raw material",TONNES,MF422,0.05264
2012,"Domestic material consumption per capita, by type of raw material",TONNES,MF422,0.04902
2013,"Domestic material consumption per capita, by type of raw material",TONNES,MF422,0.03861
2014,"Domestic material consumption per capita, by type of raw material",TONNES,MF422,0.0363
2015,"Domestic material consumption per capita, by type of raw material",TONNES,MF422,0.04586
2016,"Domestic material consumption per capita, by type of raw material",TONNES,MF422,0.04594
2017,"Domestic material consumption per capita, by type of raw material",TONNES,MF422,0.04589
2000,"Domestic material consumption per capita, by type of raw material",TONNES,MF122,0.05734
2001,"Domestic material consumption per capita, by type of raw material",TONNES,MF122,0.01722
2002,"Domestic material consumption per capita, by type of raw material",TONNES,MF122,0.00274
2003,"Domestic material consumption per capita, by type of raw material",TONNES,MF122,0.00314
2004,"Domestic material consumption per capita, by type of raw material",TONNES,MF122,0.00411
2005,"Domestic material consumption per capita, by type of raw material",TONNES,MF122,0.03204
2006,"Domestic material consumption per capita, by type of raw material",TONNES,MF122,0.09853
2007,"Domestic material consumption per capita, by type of raw material",TONNES,MF122,0.20202
2008,"Domestic material consumption per capita, by type of raw material",TONNES,MF122,0.16985
2009,"Domestic material consumption per capita, by type of raw material",TONNES,MF122,0.17391
2010,"Domestic material consumption per capita, by type of raw material",TONNES,MF122,0.24879
2011,"Domestic material consumption per capita, by type of raw material",TONNES,MF122,0.23406
2012,"Domestic material consumption per capita, by type of raw material",TONNES,MF122,0.20314
2013,"Domestic material consumption per capita, by type of raw material",TONNES,MF122,0.20697
2014,"Domestic material consumption per capita, by type of raw material",TONNES,MF122,0.20814
2015,"Domestic material consumption per capita, by type of raw material",TONNES,MF122,0.229
2016,"Domestic material consumption per capita, by type of raw material",TONNES,MF122,0.24944
2017,"Domestic material consumption per capita, by type of raw material",TONNES,MF122,0.26938
2000,"Domestic material consumption per capita, by type of raw material",TONNES,MF2,0.16399
2001,"Domestic material consumption per capita, by type of raw material",TONNES,MF2,0.09387
2002,"Domestic material consumption per capita, by type of raw material",TONNES,MF2,0.07503
2003,"Domestic material consumption per capita, by type of raw material",TONNES,MF2,0.23986
2004,"Domestic material consumption per capita, by type of raw material",TONNES,MF2,0.27573
2005,"Domestic material consumption per capita, by type of raw material",TONNES,MF2,0.76364
2006,"Domestic material consumption per capita, by type of raw material",TONNES,MF2,0.73469
2007,"Domestic material consumption per capita, by type of raw material",TONNES,MF2,0.6991
2008,"Domestic material consumption per capita, by type of raw material",TONNES,MF2,0.87801
2009,"Domestic material consumption per capita, by type of raw material",TONNES,MF2,0.74851
2010,"Domestic material consumption per capita, by type of raw material",TONNES,MF2,0.46251
2011,"Domestic material consumption per capita, by type of raw material",TONNES,MF2,0.52544
2012,"Domestic material consumption per capita, by type of raw material",TONNES,MF2,0.50998
2013,"Domestic material consumption per capita, by type of raw material",TONNES,MF2,0.60932
2014,"Domestic material consumption per capita, by type of raw material",TONNES,MF2,0.60614
2015,"Domestic material consumption per capita, by type of raw material",TONNES,MF2,0.651
2016,"Domestic material consumption per capita, by type of raw material",TONNES,MF2,0.69447
2017,"Domestic material consumption per capita, by type of raw material",TONNES,MF2,0.73645
2000,"Domestic material consumption per capita, by type of raw material",TONNES,MF22,0.06762
2001,"Domestic material consumption per capita, by type of raw material",TONNES,MF22,0.02386
2002,"Domestic material consumption per capita, by type of raw material",TONNES,MF22,0.01888
2003,"Domestic material consumption per capita, by type of raw material",TONNES,MF22,0.16795
2004,"Domestic material consumption per capita, by type of raw material",TONNES,MF22,0.17846
2005,"Domestic material consumption per capita, by type of raw material",TONNES,MF22,0.25318
2006,"Domestic material consumption per capita, by type of raw material",TONNES,MF22,0.18775
2007,"Domestic material consumption per capita, by type of raw material",TONNES,MF22,0.1688
2008,"Domestic material consumption per capita, by type of raw material",TONNES,MF22,0.23749
2009,"Domestic material consumption per capita, by type of raw material",TONNES,MF22,0.12573
2010,"Domestic material consumption per capita, by type of raw material",TONNES,MF22,0.2365
2011,"Domestic material consumption per capita, by type of raw material",TONNES,MF22,0.23643
2012,"Domestic material consumption per capita, by type of raw material",TONNES,MF22,0.24797
2013,"Domestic material consumption per capita, by type of raw material",TONNES,MF22,0.24609
2014,"Domestic material consumption per capita, by type of raw material",TONNES,MF22,0.21644
2015,"Domestic material consumption per capita, by type of raw material",TONNES,MF22,0.22967
2016,"Domestic material consumption per capita, by type of raw material",TONNES,MF22,0.24238
2017,"Domestic material consumption per capita, by type of raw material",TONNES,MF22,0.25455
2000,"Domestic material consumption per capita, by type of raw material",TONNES,MF_AGG3B,0.18913
2001,"Domestic material consumption per capita, by type of raw material",TONNES,MF_AGG3B,0.25289
2002,"Domestic material consumption per capita, by type of raw material",TONNES,MF_AGG3B,0.22997
2003,"Domestic material consumption per capita, by type of raw material",TONNES,MF_AGG3B,0.12543
2004,"Domestic material consumption per capita, by type of raw material",TONNES,MF_AGG3B,0.17804
2005,"Domestic material consumption per capita, by type of raw material",TONNES,MF_AGG3B,0.26178
2006,"Domestic material consumption per capita, by type of raw material",TONNES,MF_AGG3B,0.44654
2007,"Domestic material consumption per capita, by type of raw material",TONNES,MF_AGG3B,0.60988
2008,"Domestic material consumption per capita, by type of raw material",TONNES,MF_AGG3B,0.62429
2009,"Domestic material consumption per capita, by type of raw material",TONNES,MF_AGG3B,0.52175
2010,"Domestic material consumption per capita, by type of raw material",TONNES,MF_AGG3B,0.40622
2011,"Domestic material consumption per capita, by type of raw material",TONNES,MF_AGG3B,0.50838
2012,"Domestic material consumption per capita, by type of raw material",TONNES,MF_AGG3B,0.51004
2013,"Domestic material consumption per capita, by type of raw material",TONNES,MF_AGG3B,0.44764
2014,"Domestic material consumption per capita, by type of raw material",TONNES,MF_AGG3B,0.50547
2015,"Domestic material consumption per capita, by type of raw material",TONNES,MF_AGG3B,0.53689
2016,"Domestic material consumption per capita, by type of raw material",TONNES,MF_AGG3B,0.56709
2017,"Domestic material consumption per capita, by type of raw material",TONNES,MF_AGG3B,0.59602
2000,"Domestic material consumption per capita, by type of raw material",TONNES,MF_AGG3A,1.70268
2001,"Domestic material consumption per capita, by type of raw material",TONNES,MF_AGG3A,1.87307
2002,"Domestic material consumption per capita, by type of raw material",TONNES,MF_AGG3A,2.24856
2003,"Domestic material consumption per capita, by type of raw material",TONNES,MF_AGG3A,3.81502
2004,"Domestic material consumption per capita, by type of raw material",TONNES,MF_AGG3A,3.30196
2005,"Domestic material consumption per capita, by type of raw material",TONNES,MF_AGG3A,2.54502
2006,"Domestic material consumption per capita, by type of raw material",TONNES,MF_AGG3A,3.153
2007,"Domestic material consumption per capita, by type of raw material",TONNES,MF_AGG3A,3.49718
2008,"Domestic material consumption per capita, by type of raw material",TONNES,MF_AGG3A,3.75915
2009,"Domestic material consumption per capita, by type of raw material",TONNES,MF_AGG3A,3.62215
2010,"Domestic material consumption per capita, by type of raw material",TONNES,MF_AGG3A,3.78413
2011,"Domestic material consumption per capita, by type of raw material",TONNES,MF_AGG3A,3.58703
2012,"Domestic material consumption per capita, by type of raw material",TONNES,MF_AGG3A,3.82068
2013,"Domestic material consumption per capita, by type of raw material",TONNES,MF_AGG3A,4.30092
2014,"Domestic material consumption per capita, by type of raw material",TONNES,MF_AGG3A,4.68823
2015,"Domestic material consumption per capita, by type of raw material",TONNES,MF_AGG3A,5.01912
2016,"Domestic material consumption per capita, by type of raw material",TONNES,MF_AGG3A,5.33908
2017,"Domestic material consumption per capita, by type of raw material",TONNES,MF_AGG3A,5.64745
2000,"Domestic material consumption per capita, by type of raw material",TONNES,MF3,1.89181
2001,"Domestic material consumption per capita, by type of raw material",TONNES,MF3,2.12596
2002,"Domestic material consumption per capita, by type of raw material",TONNES,MF3,2.47853
2003,"Domestic material consumption per capita, by type of raw material",TONNES,MF3,3.94044
2004,"Domestic material consumption per capita, by type of raw material",TONNES,MF3,3.48001
2005,"Domestic material consumption per capita, by type of raw material",TONNES,MF3,2.8068
2006,"Domestic material consumption per capita, by type of raw material",TONNES,MF3,3.59954
2007,"Domestic material consumption per capita, by type of raw material",TONNES,MF3,4.10707
2008,"Domestic material consumption per capita, by type of raw material",TONNES,MF3,4.38344
2009,"Domestic material consumption per capita, by type of raw material",TONNES,MF3,4.1439
2010,"Domestic material consumption per capita, by type of raw material",TONNES,MF3,4.19035
2011,"Domestic material consumption per capita, by type of raw material",TONNES,MF3,4.09541
2012,"Domestic material consumption per capita, by type of raw material",TONNES,MF3,4.33072
2013,"Domestic material consumption per capita, by type of raw material",TONNES,MF3,4.74856
2014,"Domestic material consumption per capita, by type of raw material",TONNES,MF3,5.1937
2015,"Domestic material consumption per capita, by type of raw material",TONNES,MF3,5.55601
2016,"Domestic material consumption per capita, by type of raw material",TONNES,MF3,5.90616
2017,"Domestic material consumption per capita, by type of raw material",TONNES,MF3,6.24347
2000,"Domestic material consumption per capita, by type of raw material",TONNES,MF421,0.30478
2001,"Domestic material consumption per capita, by type of raw material",TONNES,MF421,0.29778
2002,"Domestic material consumption per capita, by type of raw material",TONNES,MF421,0.28789
2003,"Domestic material consumption per capita, by type of raw material",TONNES,MF421,0.26751
2004,"Domestic material consumption per capita, by type of raw material",TONNES,MF421,0.31391
2005,"Domestic material consumption per capita, by type of raw material",TONNES,MF421,0.29618
2006,"Domestic material consumption per capita, by type of raw material",TONNES,MF421,0.31777
2007,"Domestic material consumption per capita, by type of raw material",TONNES,MF421,0.33863
2008,"Domestic material consumption per capita, by type of raw material",TONNES,MF421,0.39085
2009,"Domestic material consumption per capita, by type of raw material",TONNES,MF421,0.43693
2010,"Domestic material consumption per capita, by type of raw material",TONNES,MF421,0.44867
2011,"Domestic material consumption per capita, by type of raw material",TONNES,MF421,0.46464
2012,"Domestic material consumption per capita, by type of raw material",TONNES,MF421,0.42021
2013,"Domestic material consumption per capita, by type of raw material",TONNES,MF421,0.41304
2014,"Domestic material consumption per capita, by type of raw material",TONNES,MF421,0.38839
2015,"Domestic material consumption per capita, by type of raw material",TONNES,MF421,0.40346
2016,"Domestic material consumption per capita, by type of raw material",TONNES,MF421,0.41748
2017,"Domestic material consumption per capita, by type of raw material",TONNES,MF421,0.43051
2000,"Domestic material consumption per capita, by type of raw material",TONNES,MF14,0.00225
2001,"Domestic material consumption per capita, by type of raw material",TONNES,MF14,0.0023
2002,"Domestic material consumption per capita, by type of raw material",TONNES,MF14,0.00296
2003,"Domestic material consumption per capita, by type of raw material",TONNES,MF14,0.00311
2004,"Domestic material consumption per capita, by type of raw material",TONNES,MF14,0.00361
2005,"Domestic material consumption per capita, by type of raw material",TONNES,MF14,0.00408
2006,"Domestic material consumption per capita, by type of raw material",TONNES,MF14,0.00296
2007,"Domestic material consumption per capita, by type of raw material",TONNES,MF14,0.00292
2008,"Domestic material consumption per capita, by type of raw material",TONNES,MF14,0.00291
2009,"Domestic material consumption per capita, by type of raw material",TONNES,MF14,0.00271
2010,"Domestic material consumption per capita, by type of raw material",TONNES,MF14,0.00245
2011,"Domestic material consumption per capita, by type of raw material",TONNES,MF14,0.00225
2012,"Domestic material consumption per capita, by type of raw material",TONNES,MF14,0.0023
2013,"Domestic material consumption per capita, by type of raw material",TONNES,MF14,0.00246
2014,"Domestic material consumption per capita, by type of raw material",TONNES,MF14,0.00248
2015,"Domestic material consumption per capita, by type of raw material",TONNES,MF14,0.00246
2016,"Domestic material consumption per capita, by type of raw material",TONNES,MF14,0.00242
2017,"Domestic material consumption per capita, by type of raw material",TONNES,MF14,0.00238
2000,"Domestic material consumption per capita, by type of raw material",TONNES,MF13,0.65807
2001,"Domestic material consumption per capita, by type of raw material",TONNES,MF13,0.5795
2002,"Domestic material consumption per capita, by type of raw material",TONNES,MF13,0.65011
2003,"Domestic material consumption per capita, by type of raw material",TONNES,MF13,0.63242
2004,"Domestic material consumption per capita, by type of raw material",TONNES,MF13,0.48414
2005,"Domestic material consumption per capita, by type of raw material",TONNES,MF13,0.50906
2006,"Domestic material consumption per capita, by type of raw material",TONNES,MF13,0.56101
2007,"Domestic material consumption per capita, by type of raw material",TONNES,MF13,0.49105
2008,"Domestic material consumption per capita, by type of raw material",TONNES,MF13,0.54082
2009,"Domestic material consumption per capita, by type of raw material",TONNES,MF13,0.4581
2010,"Domestic material consumption per capita, by type of raw material",TONNES,MF13,0.51753
2011,"Domestic material consumption per capita, by type of raw material",TONNES,MF13,0.54586
2012,"Domestic material consumption per capita, by type of raw material",TONNES,MF13,0.57248
2013,"Domestic material consumption per capita, by type of raw material",TONNES,MF13,0.61619
2014,"Domestic material consumption per capita, by type of raw material",TONNES,MF13,0.59812
2015,"Domestic material consumption per capita, by type of raw material",TONNES,MF13,0.56402
2016,"Domestic material consumption per capita, by type of raw material",TONNES,MF13,0.5637
2017,"Domestic material consumption per capita, by type of raw material",TONNES,MF13,0.56187
2000,Domestic material consumption per unit of GDP,Kilograms per constant USD,_T,1.93849
2001,Domestic material consumption per unit of GDP,Kilograms per constant USD,_T,1.98851
2002,Domestic material consumption per unit of GDP,Kilograms per constant USD,_T,2.02977
2003,Domestic material consumption per unit of GDP,Kilograms per constant USD,_T,2.33932
2004,Domestic material consumption per unit of GDP,Kilograms per constant USD,_T,2.26058
2005,Domestic material consumption per unit of GDP,Kilograms per constant USD,_T,2.15715
2006,Domestic material consumption per unit of GDP,Kilograms per constant USD,_T,2.15715
2007,Domestic material consumption per unit of GDP,Kilograms per constant USD,_T,2.30617
2008,Domestic material consumption per unit of GDP,Kilograms per constant USD,_T,2.2313
2009,Domestic material consumption per unit of GDP,Kilograms per constant USD,_T,2.36588
2010,Domestic material consumption per unit of GDP,Kilograms per constant USD,_T,2.36948
2011,Domestic material consumption per unit of GDP,Kilograms per constant USD,_T,2.26028
2012,Domestic material consumption per unit of GDP,Kilograms per constant USD,_T,2.32958
2013,Domestic material consumption per unit of GDP,Kilograms per constant USD,_T,2.29121
2014,Domestic material consumption per unit of GDP,Kilograms per constant USD,_T,2.38481
2015,Domestic material consumption per unit of GDP,Kilograms per constant USD,_T,2.40347
2016,Domestic material consumption per unit of GDP,Kilograms per constant USD,_T,2.48015
2017,Domestic material consumption per unit of GDP,Kilograms per constant USD,_T,2.5021
2000,Domestic material consumption per unit of GDP,Kilograms per constant USD,MF1,0.57457
2001,Domestic material consumption per unit of GDP,Kilograms per constant USD,MF1,0.6069
2002,Domestic material consumption per unit of GDP,Kilograms per constant USD,MF1,0.59854
2003,Domestic material consumption per unit of GDP,Kilograms per constant USD,MF1,0.46078
2004,Domestic material consumption per unit of GDP,Kilograms per constant USD,MF1,0.57956
2005,Domestic material consumption per unit of GDP,Kilograms per constant USD,MF1,0.55821
2006,Domestic material consumption per unit of GDP,Kilograms per constant USD,MF1,0.54704
2007,Domestic material consumption per unit of GDP,Kilograms per constant USD,MF1,0.47096
2008,Domestic material consumption per unit of GDP,Kilograms per constant USD,MF1,0.50694
2009,Domestic material consumption per unit of GDP,Kilograms per constant USD,MF1,0.49865
2010,Domestic material consumption per unit of GDP,Kilograms per constant USD,MF1,0.48301
2011,Domestic material consumption per unit of GDP,Kilograms per constant USD,MF1,0.47923
2012,Domestic material consumption per unit of GDP,Kilograms per constant USD,MF1,0.43436
2013,Domestic material consumption per unit of GDP,Kilograms per constant USD,MF1,0.4953
2014,Domestic material consumption per unit of GDP,Kilograms per constant USD,MF1,0.46572
2015,Domestic material consumption per unit of GDP,Kilograms per constant USD,MF1,0.45083
2016,Domestic material consumption per unit of GDP,Kilograms per constant USD,MF1,0.44286
2017,Domestic material consumption per unit of GDP,Kilograms per constant USD,MF1,0.43543
2000,Domestic material consumption per unit of GDP,Kilograms per constant USD,MF41,0.6121
2001,Domestic material consumption per unit of GDP,Kilograms per constant USD,MF41,0.60552
2002,Domestic material consumption per unit of GDP,Kilograms per constant USD,MF41,0.59792
2003,Domestic material consumption per unit of GDP,Kilograms per constant USD,MF41,0.62397
2004,Domestic material consumption per unit of GDP,Kilograms per constant USD,MF41,0.59436
2005,Domestic material consumption per unit of GDP,Kilograms per constant USD,MF41,0.60173
2006,Domestic material consumption per unit of GDP,Kilograms per constant USD,MF41,0.6241
2007,Domestic material consumption per unit of GDP,Kilograms per constant USD,MF41,0.57697
2008,Domestic material consumption per unit of GDP,Kilograms per constant USD,MF41,0.63089
2009,Domestic material consumption per unit of GDP,Kilograms per constant USD,MF41,0.68873
2010,Domestic material consumption per unit of GDP,Kilograms per constant USD,MF41,0.66184
2011,Domestic material consumption per unit of GDP,Kilograms per constant USD,MF41,0.7573
2012,Domestic material consumption per unit of GDP,Kilograms per constant USD,MF41,0.73041
2013,Domestic material consumption per unit of GDP,Kilograms per constant USD,MF41,0.69965
2014,Domestic material consumption per unit of GDP,Kilograms per constant USD,MF41,0.69103
2015,Domestic material consumption per unit of GDP,Kilograms per constant USD,MF41,0.74676
2016,Domestic material consumption per unit of GDP,Kilograms per constant USD,MF41,0.74675
2017,Domestic material consumption per unit of GDP,Kilograms per constant USD,MF41,0.74686
2000,Domestic material consumption per unit of GDP,Kilograms per constant USD,MF121,0.10577
2001,Domestic material consumption per unit of GDP,Kilograms per constant USD,MF121,0.13179
2002,Domestic material consumption per unit of GDP,Kilograms per constant USD,MF121,0.14381
2003,Domestic material consumption per unit of GDP,Kilograms per constant USD,MF121,0.0852
2004,Domestic material consumption per unit of GDP,Kilograms per constant USD,MF121,0.14313
2005,Domestic material consumption per unit of GDP,Kilograms per constant USD,MF121,0.13185
2006,Domestic material consumption per unit of GDP,Kilograms per constant USD,MF121,0.12377
2007,Domestic material consumption per unit of GDP,Kilograms per constant USD,MF121,0.08656
2008,Domestic material consumption per unit of GDP,Kilograms per constant USD,MF121,0.11291
2009,Domestic material consumption per unit of GDP,Kilograms per constant USD,MF121,0.11648
2010,Domestic material consumption per unit of GDP,Kilograms per constant USD,MF121,0.09415
2011,Domestic material consumption per unit of GDP,Kilograms per constant USD,MF121,0.09306
2012,Domestic material consumption per unit of GDP,Kilograms per constant USD,MF121,0.07421
2013,Domestic material consumption per unit of GDP,Kilograms per constant USD,MF121,0.09852
2014,Domestic material consumption per unit of GDP,Kilograms per constant USD,MF121,0.08755
2015,Domestic material consumption per unit of GDP,Kilograms per constant USD,MF121,0.08499
2016,Domestic material consumption per unit of GDP,Kilograms per constant USD,MF121,0.08244
2017,Domestic material consumption per unit of GDP,Kilograms per constant USD,MF121,0.08006
2000,Domestic material consumption per unit of GDP,Kilograms per constant USD,MF11,0.24453
2001,Domestic material consumption per unit of GDP,Kilograms per constant USD,MF11,0.2926
2002,Domestic material consumption per unit of GDP,Kilograms per constant USD,MF11,0.26429
2003,Domestic material consumption per unit of GDP,Kilograms per constant USD,MF11,0.1969
2004,Domestic material consumption per unit of GDP,Kilograms per constant USD,MF11,0.30693
2005,Domestic material consumption per unit of GDP,Kilograms per constant USD,MF11,0.2882
2006,Domestic material consumption per unit of GDP,Kilograms per constant USD,MF11,0.26408
2007,Domestic material consumption per unit of GDP,Kilograms per constant USD,MF11,0.22665
2008,Domestic material consumption per unit of GDP,Kilograms per constant USD,MF11,0.24105
2009,Domestic material consumption per unit of GDP,Kilograms per constant USD,MF11,0.24252
2010,Domestic material consumption per unit of GDP,Kilograms per constant USD,MF11,0.22227
2011,Domestic material consumption per unit of GDP,Kilograms per constant USD,MF11,0.21978
2012,Domestic material consumption per unit of GDP,Kilograms per constant USD,MF11,0.19512
2013,Domestic material consumption per unit of GDP,Kilograms per constant USD,MF11,0.22769
2014,Domestic material consumption per unit of GDP,Kilograms per constant USD,MF11,0.21617
2015,Domestic material consumption per unit of GDP,Kilograms per constant USD,MF11,0.21256
2016,Domestic material consumption per unit of GDP,Kilograms per constant USD,MF11,0.20889
2017,Domestic material consumption per unit of GDP,Kilograms per constant USD,MF11,0.20546
2000,Domestic material consumption per unit of GDP,Kilograms per constant USD,MF21,0.03012
2001,Domestic material consumption per unit of GDP,Kilograms per constant USD,MF21,0.02133
2002,Domestic material consumption per unit of GDP,Kilograms per constant USD,MF21,0.01631
2003,Domestic material consumption per unit of GDP,Kilograms per constant USD,MF21,0.02012
2004,Domestic material consumption per unit of GDP,Kilograms per constant USD,MF21,0.02561
2005,Domestic material consumption per unit of GDP,Kilograms per constant USD,MF21,0.12936
2006,Domestic material consumption per unit of GDP,Kilograms per constant USD,MF21,0.13142
2007,Domestic material consumption per unit of GDP,Kilograms per constant USD,MF21,0.1202
2008,Domestic material consumption per unit of GDP,Kilograms per constant USD,MF21,0.13732
2009,Domestic material consumption per unit of GDP,Kilograms per constant USD,MF21,0.13702
2010,Domestic material consumption per unit of GDP,Kilograms per constant USD,MF21,0.04898
2011,Domestic material consumption per unit of GDP,Kilograms per constant USD,MF21,0.06148
2012,Domestic material consumption per unit of GDP,Kilograms per constant USD,MF21,0.05558
2013,Domestic material consumption per unit of GDP,Kilograms per constant USD,MF21,0.0744
2014,Domestic material consumption per unit of GDP,Kilograms per constant USD,MF21,0.07805
2015,Domestic material consumption per unit of GDP,Kilograms per constant USD,MF21,0.08118
2016,Domestic material consumption per unit of GDP,Kilograms per constant USD,MF21,0.084
2017,Domestic material consumption per unit of GDP,Kilograms per constant USD,MF21,0.08666
2000,Domestic material consumption per unit of GDP,Kilograms per constant USD,MF4,0.72149
2001,Domestic material consumption per unit of GDP,Kilograms per constant USD,MF4,0.70527
2002,Domestic material consumption per unit of GDP,Kilograms per constant USD,MF4,0.68965
2003,Domestic material consumption per unit of GDP,Kilograms per constant USD,MF4,0.70903
2004,Domestic material consumption per unit of GDP,Kilograms per constant USD,MF4,0.69216
2005,Domestic material consumption per unit of GDP,Kilograms per constant USD,MF4,0.69411
2006,Domestic material consumption per unit of GDP,Kilograms per constant USD,MF4,0.71773
2007,Domestic material consumption per unit of GDP,Kilograms per constant USD,MF4,0.67098
2008,Domestic material consumption per unit of GDP,Kilograms per constant USD,MF4,0.73092
2009,Domestic material consumption per unit of GDP,Kilograms per constant USD,MF4,0.79441
2010,Domestic material consumption per unit of GDP,Kilograms per constant USD,MF4,0.769
2011,Domestic material consumption per unit of GDP,Kilograms per constant USD,MF4,0.86734
2012,Domestic material consumption per unit of GDP,Kilograms per constant USD,MF4,0.82995
2013,Domestic material consumption per unit of GDP,Kilograms per constant USD,MF4,0.79216
2014,Domestic material consumption per unit of GDP,Kilograms per constant USD,MF4,0.77609
2015,Domestic material consumption per unit of GDP,Kilograms per constant USD,MF4,0.83334
2016,Domestic material consumption per unit of GDP,Kilograms per constant USD,MF4,0.83285
2017,Domestic material consumption per unit of GDP,Kilograms per constant USD,MF4,0.83253
2000,Domestic material consumption per unit of GDP,Kilograms per constant USD,MF422,0.01415
2001,Domestic material consumption per unit of GDP,Kilograms per constant USD,MF422,0.00902
2002,Domestic material consumption per unit of GDP,Kilograms per constant USD,MF422,0.00812
2003,Domestic material consumption per unit of GDP,Kilograms per constant USD,MF422,0.01022
2004,Domestic material consumption per unit of GDP,Kilograms per constant USD,MF422,0.01515
2005,Domestic material consumption per unit of GDP,Kilograms per constant USD,MF422,0.01732
2006,Domestic material consumption per unit of GDP,Kilograms per constant USD,MF422,0.01728
2007,Domestic material consumption per unit of GDP,Kilograms per constant USD,MF422,0.01726
2008,Domestic material consumption per unit of GDP,Kilograms per constant USD,MF422,0.01624
2009,Domestic material consumption per unit of GDP,Kilograms per constant USD,MF422,0.00955
2010,Domestic material consumption per unit of GDP,Kilograms per constant USD,MF422,0.00993
2011,Domestic material consumption per unit of GDP,Kilograms per constant USD,MF422,0.0112
2012,Domestic material consumption per unit of GDP,Kilograms per constant USD,MF422,0.0104
2013,Domestic material consumption per unit of GDP,Kilograms per constant USD,MF422,0.00791
2014,Domestic material consumption per unit of GDP,Kilograms per constant USD,MF422,0.00727
2015,Domestic material consumption per unit of GDP,Kilograms per constant USD,MF422,0.00884
2016,Domestic material consumption per unit of GDP,Kilograms per constant USD,MF422,0.00854
2017,Domestic material consumption per unit of GDP,Kilograms per constant USD,MF422,0.00825
2000,Domestic material consumption per unit of GDP,Kilograms per constant USD,MF122,0.01792
2001,Domestic material consumption per unit of GDP,Kilograms per constant USD,MF122,0.00525
2002,Domestic material consumption per unit of GDP,Kilograms per constant USD,MF122,0.0008
2003,Domestic material consumption per unit of GDP,Kilograms per constant USD,MF122,0.00088
2004,Domestic material consumption per unit of GDP,Kilograms per constant USD,MF122,0.00108
2005,Domestic material consumption per unit of GDP,Kilograms per constant USD,MF122,0.00812
2006,Domestic material consumption per unit of GDP,Kilograms per constant USD,MF122,0.02367
2007,Domestic material consumption per unit of GDP,Kilograms per constant USD,MF122,0.04579
2008,Domestic material consumption per unit of GDP,Kilograms per constant USD,MF122,0.03642
2009,Domestic material consumption per unit of GDP,Kilograms per constant USD,MF122,0.03826
2010,Domestic material consumption per unit of GDP,Kilograms per constant USD,MF122,0.05391
2011,Domestic material consumption per unit of GDP,Kilograms per constant USD,MF122,0.04979
2012,Domestic material consumption per unit of GDP,Kilograms per constant USD,MF122,0.04309
2013,Domestic material consumption per unit of GDP,Kilograms per constant USD,MF122,0.04239
2014,Domestic material consumption per unit of GDP,Kilograms per constant USD,MF122,0.04169
2015,Domestic material consumption per unit of GDP,Kilograms per constant USD,MF122,0.04412
2016,Domestic material consumption per unit of GDP,Kilograms per constant USD,MF122,0.04635
2017,Domestic material consumption per unit of GDP,Kilograms per constant USD,MF122,0.04844
2000,Domestic material consumption per unit of GDP,Kilograms per constant USD,MF2,0.05125
2001,Domestic material consumption per unit of GDP,Kilograms per constant USD,MF2,0.0286
2002,Domestic material consumption per unit of GDP,Kilograms per constant USD,MF2,0.02179
2003,Domestic material consumption per unit of GDP,Kilograms per constant USD,MF2,0.0671
2004,Domestic material consumption per unit of GDP,Kilograms per constant USD,MF2,0.0726
2005,Domestic material consumption per unit of GDP,Kilograms per constant USD,MF2,0.19352
2006,Domestic material consumption per unit of GDP,Kilograms per constant USD,MF2,0.17653
2007,Domestic material consumption per unit of GDP,Kilograms per constant USD,MF2,0.15846
2008,Domestic material consumption per unit of GDP,Kilograms per constant USD,MF2,0.18824
2009,Domestic material consumption per unit of GDP,Kilograms per constant USD,MF2,0.16468
2010,Domestic material consumption per unit of GDP,Kilograms per constant USD,MF2,0.10023
2011,Domestic material consumption per unit of GDP,Kilograms per constant USD,MF2,0.11178
2012,Domestic material consumption per unit of GDP,Kilograms per constant USD,MF2,0.10819
2013,Domestic material consumption per unit of GDP,Kilograms per constant USD,MF2,0.1248
2014,Domestic material consumption per unit of GDP,Kilograms per constant USD,MF2,0.12141
2015,Domestic material consumption per unit of GDP,Kilograms per constant USD,MF2,0.12544
2016,Domestic material consumption per unit of GDP,Kilograms per constant USD,MF2,0.12903
2017,Domestic material consumption per unit of GDP,Kilograms per constant USD,MF2,0.13244
2000,Domestic material consumption per unit of GDP,Kilograms per constant USD,MF22,0.02113
2001,Domestic material consumption per unit of GDP,Kilograms per constant USD,MF22,0.00727
2002,Domestic material consumption per unit of GDP,Kilograms per constant USD,MF22,0.00548
2003,Domestic material consumption per unit of GDP,Kilograms per constant USD,MF22,0.04699
2004,Domestic material consumption per unit of GDP,Kilograms per constant USD,MF22,0.04699
2005,Domestic material consumption per unit of GDP,Kilograms per constant USD,MF22,0.06416
2006,Domestic material consumption per unit of GDP,Kilograms per constant USD,MF22,0.04511
2007,Domestic material consumption per unit of GDP,Kilograms per constant USD,MF22,0.03826
2008,Domestic material consumption per unit of GDP,Kilograms per constant USD,MF22,0.05092
2009,Domestic material consumption per unit of GDP,Kilograms per constant USD,MF22,0.02766
2010,Domestic material consumption per unit of GDP,Kilograms per constant USD,MF22,0.05125
2011,Domestic material consumption per unit of GDP,Kilograms per constant USD,MF22,0.0503
2012,Domestic material consumption per unit of GDP,Kilograms per constant USD,MF22,0.0526
2013,Domestic material consumption per unit of GDP,Kilograms per constant USD,MF22,0.0504
2014,Domestic material consumption per unit of GDP,Kilograms per constant USD,MF22,0.04335
2015,Domestic material consumption per unit of GDP,Kilograms per constant USD,MF22,0.04425
2016,Domestic material consumption per unit of GDP,Kilograms per constant USD,MF22,0.04503
2017,Domestic material consumption per unit of GDP,Kilograms per constant USD,MF22,0.04578
2000,Domestic material consumption per unit of GDP,Kilograms per constant USD,MF_AGG3B,0.0591
2001,Domestic material consumption per unit of GDP,Kilograms per constant USD,MF_AGG3B,0.07705
2002,Domestic material consumption per unit of GDP,Kilograms per constant USD,MF_AGG3B,0.06679
2003,Domestic material consumption per unit of GDP,Kilograms per constant USD,MF_AGG3B,0.03509
2004,Domestic material consumption per unit of GDP,Kilograms per constant USD,MF_AGG3B,0.04688
2005,Domestic material consumption per unit of GDP,Kilograms per constant USD,MF_AGG3B,0.06634
2006,Domestic material consumption per unit of GDP,Kilograms per constant USD,MF_AGG3B,0.10729
2007,Domestic material consumption per unit of GDP,Kilograms per constant USD,MF_AGG3B,0.13823
2008,Domestic material consumption per unit of GDP,Kilograms per constant USD,MF_AGG3B,0.13384
2009,Domestic material consumption per unit of GDP,Kilograms per constant USD,MF_AGG3B,0.11479
2010,Domestic material consumption per unit of GDP,Kilograms per constant USD,MF_AGG3B,0.08803
2011,Domestic material consumption per unit of GDP,Kilograms per constant USD,MF_AGG3B,0.10815
2012,Domestic material consumption per unit of GDP,Kilograms per constant USD,MF_AGG3B,0.1082
2013,Domestic material consumption per unit of GDP,Kilograms per constant USD,MF_AGG3B,0.09168
2014,Domestic material consumption per unit of GDP,Kilograms per constant USD,MF_AGG3B,0.10124
2015,Domestic material consumption per unit of GDP,Kilograms per constant USD,MF_AGG3B,0.10345
2016,Domestic material consumption per unit of GDP,Kilograms per constant USD,MF_AGG3B,0.10536
2017,Domestic material consumption per unit of GDP,Kilograms per constant USD,MF_AGG3B,0.10718
2000,Domestic material consumption per unit of GDP,Kilograms per constant USD,MF_AGG3A,0.53208
2001,Domestic material consumption per unit of GDP,Kilograms per constant USD,MF_AGG3A,0.57069
2002,Domestic material consumption per unit of GDP,Kilograms per constant USD,MF_AGG3A,0.653
2003,Domestic material consumption per unit of GDP,Kilograms per constant USD,MF_AGG3A,1.06731
2004,Domestic material consumption per unit of GDP,Kilograms per constant USD,MF_AGG3A,0.86938
2005,Domestic material consumption per unit of GDP,Kilograms per constant USD,MF_AGG3A,0.64496
2006,Domestic material consumption per unit of GDP,Kilograms per constant USD,MF_AGG3A,0.75758
2007,Domestic material consumption per unit of GDP,Kilograms per constant USD,MF_AGG3A,0.79266
2008,Domestic material consumption per unit of GDP,Kilograms per constant USD,MF_AGG3A,0.80594
2009,Domestic material consumption per unit of GDP,Kilograms per constant USD,MF_AGG3A,0.79693
2010,Domestic material consumption per unit of GDP,Kilograms per constant USD,MF_AGG3A,0.82002
2011,Domestic material consumption per unit of GDP,Kilograms per constant USD,MF_AGG3A,0.76307
2012,Domestic material consumption per unit of GDP,Kilograms per constant USD,MF_AGG3A,0.81051
2013,Domestic material consumption per unit of GDP,Kilograms per constant USD,MF_AGG3A,0.88088
2014,Domestic material consumption per unit of GDP,Kilograms per constant USD,MF_AGG3A,0.93902
2015,Domestic material consumption per unit of GDP,Kilograms per constant USD,MF_AGG3A,0.9671
2016,Domestic material consumption per unit of GDP,Kilograms per constant USD,MF_AGG3A,0.99199
2017,Domestic material consumption per unit of GDP,Kilograms per constant USD,MF_AGG3A,1.01558
2000,Domestic material consumption per unit of GDP,Kilograms per constant USD,MF3,0.59118
2001,Domestic material consumption per unit of GDP,Kilograms per constant USD,MF3,0.64774
2002,Domestic material consumption per unit of GDP,Kilograms per constant USD,MF3,0.71979
2003,Domestic material consumption per unit of GDP,Kilograms per constant USD,MF3,1.1024
2004,Domestic material consumption per unit of GDP,Kilograms per constant USD,MF3,0.91626
2005,Domestic material consumption per unit of GDP,Kilograms per constant USD,MF3,0.71131
2006,Domestic material consumption per unit of GDP,Kilograms per constant USD,MF3,0.86487
2007,Domestic material consumption per unit of GDP,Kilograms per constant USD,MF3,0.9309
2008,Domestic material consumption per unit of GDP,Kilograms per constant USD,MF3,0.93978
2009,Domestic material consumption per unit of GDP,Kilograms per constant USD,MF3,0.91173
2010,Domestic material consumption per unit of GDP,Kilograms per constant USD,MF3,0.90804
2011,Domestic material consumption per unit of GDP,Kilograms per constant USD,MF3,0.87122
2012,Domestic material consumption per unit of GDP,Kilograms per constant USD,MF3,0.91871
2013,Domestic material consumption per unit of GDP,Kilograms per constant USD,MF3,0.97256
2014,Domestic material consumption per unit of GDP,Kilograms per constant USD,MF3,1.04026
2015,Domestic material consumption per unit of GDP,Kilograms per constant USD,MF3,1.07055
2016,Domestic material consumption per unit of GDP,Kilograms per constant USD,MF3,1.09735
2017,Domestic material consumption per unit of GDP,Kilograms per constant USD,MF3,1.12276
2000,Domestic material consumption per unit of GDP,Kilograms per constant USD,MF421,0.09524
2001,Domestic material consumption per unit of GDP,Kilograms per constant USD,MF421,0.09073
2002,Domestic material consumption per unit of GDP,Kilograms per constant USD,MF421,0.0836
2003,Domestic material consumption per unit of GDP,Kilograms per constant USD,MF421,0.07484
2004,Domestic material consumption per unit of GDP,Kilograms per constant USD,MF421,0.08265
2005,Domestic material consumption per unit of GDP,Kilograms per constant USD,MF421,0.07506
2006,Domestic material consumption per unit of GDP,Kilograms per constant USD,MF421,0.07635
2007,Domestic material consumption per unit of GDP,Kilograms per constant USD,MF421,0.07675
2008,Domestic material consumption per unit of GDP,Kilograms per constant USD,MF421,0.0838
2009,Domestic material consumption per unit of GDP,Kilograms per constant USD,MF421,0.09613
2010,Domestic material consumption per unit of GDP,Kilograms per constant USD,MF421,0.09723
2011,Domestic material consumption per unit of GDP,Kilograms per constant USD,MF421,0.09884
2012,Domestic material consumption per unit of GDP,Kilograms per constant USD,MF421,0.08914
2013,Domestic material consumption per unit of GDP,Kilograms per constant USD,MF421,0.08459
2014,Domestic material consumption per unit of GDP,Kilograms per constant USD,MF421,0.07779
2015,Domestic material consumption per unit of GDP,Kilograms per constant USD,MF421,0.07774
2016,Domestic material consumption per unit of GDP,Kilograms per constant USD,MF421,0.07757
2017,Domestic material consumption per unit of GDP,Kilograms per constant USD,MF421,0.07742
2000,Domestic material consumption per unit of GDP,Kilograms per constant USD,MF14,0.0007
2001,Domestic material consumption per unit of GDP,Kilograms per constant USD,MF14,0.0007
2002,Domestic material consumption per unit of GDP,Kilograms per constant USD,MF14,0.00086
2003,Domestic material consumption per unit of GDP,Kilograms per constant USD,MF14,0.00087
2004,Domestic material consumption per unit of GDP,Kilograms per constant USD,MF14,0.00095
2005,Domestic material consumption per unit of GDP,Kilograms per constant USD,MF14,0.00103
2006,Domestic material consumption per unit of GDP,Kilograms per constant USD,MF14,0.00071
2007,Domestic material consumption per unit of GDP,Kilograms per constant USD,MF14,0.00066
2008,Domestic material consumption per unit of GDP,Kilograms per constant USD,MF14,0.00062
2009,Domestic material consumption per unit of GDP,Kilograms per constant USD,MF14,0.0006
2010,Domestic material consumption per unit of GDP,Kilograms per constant USD,MF14,0.00053
2011,Domestic material consumption per unit of GDP,Kilograms per constant USD,MF14,0.00048
2012,Domestic material consumption per unit of GDP,Kilograms per constant USD,MF14,0.00049
2013,Domestic material consumption per unit of GDP,Kilograms per constant USD,MF14,0.0005
2014,Domestic material consumption per unit of GDP,Kilograms per constant USD,MF14,0.0005
2015,Domestic material consumption per unit of GDP,Kilograms per constant USD,MF14,0.00047
2016,Domestic material consumption per unit of GDP,Kilograms per constant USD,MF14,0.00045
2017,Domestic material consumption per unit of GDP,Kilograms per constant USD,MF14,0.00043
2000,Domestic material consumption per unit of GDP,Kilograms per constant USD,MF13,0.20564
2001,Domestic material consumption per unit of GDP,Kilograms per constant USD,MF13,0.17656
2002,Domestic material consumption per unit of GDP,Kilograms per constant USD,MF13,0.1888
2003,Domestic material consumption per unit of GDP,Kilograms per constant USD,MF13,0.17693
2004,Domestic material consumption per unit of GDP,Kilograms per constant USD,MF13,0.12747
2005,Domestic material consumption per unit of GDP,Kilograms per constant USD,MF13,0.12901
2006,Domestic material consumption per unit of GDP,Kilograms per constant USD,MF13,0.1348
2007,Domestic material consumption per unit of GDP,Kilograms per constant USD,MF13,0.1113
2008,Domestic material consumption per unit of GDP,Kilograms per constant USD,MF13,0.11595
2009,Domestic material consumption per unit of GDP,Kilograms per constant USD,MF13,0.10079
2010,Domestic material consumption per unit of GDP,Kilograms per constant USD,MF13,0.11215
2011,Domestic material consumption per unit of GDP,Kilograms per constant USD,MF13,0.11612
2012,Domestic material consumption per unit of GDP,Kilograms per constant USD,MF13,0.12145
2013,Domestic material consumption per unit of GDP,Kilograms per constant USD,MF13,0.1262
2014,Domestic material consumption per unit of GDP,Kilograms per constant USD,MF13,0.1198
2015,Domestic material consumption per unit of GDP,Kilograms per constant USD,MF13,0.10868
2016,Domestic material consumption per unit of GDP,Kilograms per constant USD,MF13,0.10473
2017,Domestic material consumption per unit of GDP,Kilograms per constant USD,MF13,0.10104
2000,Domestic material consumption,TONNES,_T,23365825.75365
2001,Domestic material consumption,TONNES,_T,24613314.28434
2002,Domestic material consumption,TONNES,_T,26390478.3
2003,Domestic material consumption,TONNES,_T,31600971.235
2004,Domestic material consumption,TONNES,_T,32465536.662
2005,Domestic material consumption,TONNES,_T,32188746.13883
2006,Domestic material consumption,TONNES,_T,36275747.38391
2007,Domestic material consumption,TONNES,_T,37152644.0546
2008,Domestic material consumption,TONNES,_T,41532236.07692
2009,Domestic material consumption,TONNES,_T,40348689.97848
2010,Domestic material consumption,TONNES,_T,38823258.16083
2011,Domestic material consumption,TONNES,_T,40395999.20143
2012,Domestic material consumption,TONNES,_T,39402478.74455
2013,Domestic material consumption,TONNES,_T,41976401.6291
2014,Domestic material consumption,TONNES,_T,42791244.54296
2015,Domestic material consumption,TONNES,_T,45513731.42272
2016,Domestic material consumption,TONNES,_T,47360105.11949
2017,Domestic material consumption,TONNES,_T,49206478.81624
2000,Domestic material consumption,TONNES,MF1,6925657.0
2001,Domestic material consumption,TONNES,MF1,7512072.0
2002,Domestic material consumption,TONNES,MF1,7782116.0
2003,Domestic material consumption,TONNES,MF1,6224523.0
2004,Domestic material consumption,TONNES,MF1,8323459.0
2005,Domestic material consumption,TONNES,MF1,8329607.0
2006,Domestic material consumption,TONNES,MF1,8604851.0
2007,Domestic material consumption,TONNES,MF1,7841856.0
2008,Domestic material consumption,TONNES,MF1,8899146.0
2009,Domestic material consumption,TONNES,MF1,8491325.0
2010,Domestic material consumption,TONNES,MF1,8296309.0
2011,Domestic material consumption,TONNES,MF1,8310136.0
2012,Domestic material consumption,TONNES,MF1,7469798.0
2013,Domestic material consumption,TONNES,MF1,8718073.0
2014,Domestic material consumption,TONNES,MF1,8291559.0
2015,Domestic material consumption,TONNES,MF1,8273228.0
2016,Domestic material consumption,TONNES,MF1,8382525.0
2017,Domestic material consumption,TONNES,MF1,8491821.0
2000,Domestic material consumption,TONNES,MF41,7378000.0
2001,Domestic material consumption,TONNES,MF41,7495000.0
2002,Domestic material consumption,TONNES,MF41,7774000.0
2003,Domestic material consumption,TONNES,MF41,8429000.0
2004,Domestic material consumption,TONNES,MF41,8536000.0
2005,Domestic material consumption,TONNES,MF41,8979000.0
2006,Domestic material consumption,TONNES,MF41,9817000.0
2007,Domestic material consumption,TONNES,MF41,9607000.0
2008,Domestic material consumption,TONNES,MF41,11075000.0
2009,Domestic material consumption,TONNES,MF41,11728000.0
2010,Domestic material consumption,TONNES,MF41,11368000.0
2011,Domestic material consumption,TONNES,MF41,13132000.0
2012,Domestic material consumption,TONNES,MF41,12561000.0
2013,Domestic material consumption,TONNES,MF41,12315000.0
2014,Domestic material consumption,TONNES,MF41,12303000.0
2015,Domestic material consumption,TONNES,MF41,13704000.0
2016,Domestic material consumption,TONNES,MF41,14134591.0
2017,Domestic material consumption,TONNES,MF41,14565182.0
2000,Domestic material consumption,TONNES,MF121,1274913.0
2001,Domestic material consumption,TONNES,MF121,1631232.0
2002,Domestic material consumption,TONNES,MF121,1869727.0
2003,Domestic material consumption,TONNES,MF121,1150939.0
2004,Domestic material consumption,TONNES,MF121,2055582.0
2005,Domestic material consumption,TONNES,MF121,1967457.0
2006,Domestic material consumption,TONNES,MF121,1946952.0
2007,Domestic material consumption,TONNES,MF121,1441252.0
2008,Domestic material consumption,TONNES,MF121,1982034.0
2009,Domestic material consumption,TONNES,MF121,1983541.0
2010,Domestic material consumption,TONNES,MF121,1617069.0
2011,Domestic material consumption,TONNES,MF121,1613679.0
2012,Domestic material consumption,TONNES,MF121,1276287.0
2013,Domestic material consumption,TONNES,MF121,1734085.0
2014,Domestic material consumption,TONNES,MF121,1558809.0
2015,Domestic material consumption,TONNES,MF121,1559670.0
2016,Domestic material consumption,TONNES,MF121,1560531.0
2017,Domestic material consumption,TONNES,MF121,1561392.0
2000,Domestic material consumption,TONNES,MF11,2947535.0
2001,Domestic material consumption,TONNES,MF11,3621751.0
2002,Domestic material consumption,TONNES,MF11,3436185.0
2003,Domestic material consumption,TONNES,MF11,2659906.0
2004,Domestic material consumption,TONNES,MF11,4408017.0
2005,Domestic material consumption,TONNES,MF11,4300520.0
2006,Domestic material consumption,TONNES,MF11,4153998.0
2007,Domestic material consumption,TONNES,MF11,3773949.0
2008,Domestic material consumption,TONNES,MF11,4231476.0
2009,Domestic material consumption,TONNES,MF11,4129768.0
2010,Domestic material consumption,TONNES,MF11,3817818.0
2011,Domestic material consumption,TONNES,MF11,3811119.0
2012,Domestic material consumption,TONNES,MF11,3355493.0
2013,Domestic material consumption,TONNES,MF11,4007620.0
2014,Domestic material consumption,TONNES,MF11,3848757.0
2015,Domestic material consumption,TONNES,MF11,3900797.0
2016,Domestic material consumption,TONNES,MF11,3953837.0
2017,Domestic material consumption,TONNES,MF11,4006877.0
2000,Domestic material consumption,TONNES,MF21,363000.0
2001,Domestic material consumption,TONNES,MF21,264000.0
2002,Domestic material consumption,TONNES,MF21,212000.0
2003,Domestic material consumption,TONNES,MF21,271762.0
2004,Domestic material consumption,TONNES,MF21,367790.0
2005,Domestic material consumption,TONNES,MF21,1930316.0
2006,Domestic material consumption,TONNES,MF21,2067141.0
2007,Domestic material consumption,TONNES,MF21,2001352.0
2008,Domestic material consumption,TONNES,MF21,2410638.0
2009,Domestic material consumption,TONNES,MF21,2333265.0
2010,Domestic material consumption,TONNES,MF21,841223.0
2011,Domestic material consumption,TONNES,MF21,1066128.0
2012,Domestic material consumption,TONNES,MF21,955854.0
2013,Domestic material consumption,TONNES,MF21,1309470.0
2014,Domestic material consumption,TONNES,MF21,1389676.0
2015,Domestic material consumption,TONNES,MF21,1489794.0
2016,Domestic material consumption,TONNES,MF21,1589912.0
2017,Domestic material consumption,TONNES,MF21,1690030.0
2000,Domestic material consumption,TONNES,MF4,8696585.0
2001,Domestic material consumption,TONNES,MF4,8729640.0
2002,Domestic material consumption,TONNES,MF4,8966593.0
2003,Domestic material consumption,TONNES,MF4,9578052.0
2004,Domestic material consumption,TONNES,MF4,9940564.0
2005,Domestic material consumption,TONNES,MF4,10357386.0
2006,Domestic material consumption,TONNES,MF4,11289840.0
2007,Domestic material consumption,TONNES,MF4,11172316.0
2008,Domestic material consumption,TONNES,MF4,12831129.0
2009,Domestic material consumption,TONNES,MF4,13527645.0
2010,Domestic material consumption,TONNES,MF4,13208622.0
2011,Domestic material consumption,TONNES,MF4,15040166.0
2012,Domestic material consumption,TONNES,MF4,14272837.0
2013,Domestic material consumption,TONNES,MF4,13943173.0
2014,Domestic material consumption,TONNES,MF4,13817450.0
2015,Domestic material consumption,TONNES,MF4,15292774.0
2016,Domestic material consumption,TONNES,MF4,15764357.0
2017,Domestic material consumption,TONNES,MF4,16235940.0
2000,Domestic material consumption,TONNES,MF422,170585.0
2001,Domestic material consumption,TONNES,MF422,111640.0
2002,Domestic material consumption,TONNES,MF422,105593.0
2003,Domestic material consumption,TONNES,MF422,138052.0
2004,Domestic material consumption,TONNES,MF422,217564.0
2005,Domestic material consumption,TONNES,MF422,258386.0
2006,Domestic material consumption,TONNES,MF422,271840.0
2007,Domestic material consumption,TONNES,MF422,287316.0
2008,Domestic material consumption,TONNES,MF422,285129.0
2009,Domestic material consumption,TONNES,MF422,162645.0
2010,Domestic material consumption,TONNES,MF422,170622.0
2011,Domestic material consumption,TONNES,MF422,194166.0
2012,Domestic material consumption,TONNES,MF422,178837.0
2013,Domestic material consumption,TONNES,MF422,139173.0
2014,Domestic material consumption,TONNES,MF422,129450.0
2015,Domestic material consumption,TONNES,MF422,162167.0
2016,Domestic material consumption,TONNES,MF422,161552.0
2017,Domestic material consumption,TONNES,MF422,160936.0
2000,Domestic material consumption,TONNES,MF122,215988.0
2001,Domestic material consumption,TONNES,MF122,64934.0
2002,Domestic material consumption,TONNES,MF122,10345.0
2003,Domestic material consumption,TONNES,MF122,11871.0
2004,Domestic material consumption,TONNES,MF122,15555.0
2005,Domestic material consumption,TONNES,MF122,121154.0
2006,Domestic material consumption,TONNES,MF122,372387.0
2007,Domestic material consumption,TONNES,MF122,762407.0
2008,Domestic material consumption,TONNES,MF122,639254.0
2009,Domestic material consumption,TONNES,MF122,651569.0
2010,Domestic material consumption,TONNES,MF122,926011.0
2011,Domestic material consumption,TONNES,MF122,863410.0
2012,Domestic material consumption,TONNES,MF122,741105.0
2013,Domestic material consumption,TONNES,MF122,746135.0
2014,Domestic material consumption,TONNES,MF122,742237.0
2015,Domestic material consumption,TONNES,MF122,809734.0
2016,Domestic material consumption,TONNES,MF122,877230.0
2017,Domestic material consumption,TONNES,MF122,944726.0
2000,Domestic material consumption,TONNES,MF2,617700.0
2001,Domestic material consumption,TONNES,MF2,354000.0
2002,Domestic material consumption,TONNES,MF2,283300.0
2003,Domestic material consumption,TONNES,MF2,906482.0
2004,Domestic material consumption,TONNES,MF2,1042616.0
2005,Domestic material consumption,TONNES,MF2,2887739.0
2006,Domestic material consumption,TONNES,MF2,2776722.0
2007,Domestic material consumption,TONNES,MF2,2638404.0
2008,Domestic material consumption,TONNES,MF2,3304467.0
2009,Domestic material consumption,TONNES,MF2,2804338.0
2010,Domestic material consumption,TONNES,MF2,1721511.0
2011,Domestic material consumption,TONNES,MF2,1938285.0
2012,Domestic material consumption,TONNES,MF2,1860499.0
2013,Domestic material consumption,TONNES,MF2,2196611.0
2014,Domestic material consumption,TONNES,MF2,2161488.0
2015,Domestic material consumption,TONNES,MF2,2301911.0
2016,Domestic material consumption,TONNES,MF2,2442334.0
2017,Domestic material consumption,TONNES,MF2,2582757.0
2000,Domestic material consumption,TONNES,MF22,254700.0
2001,Domestic material consumption,TONNES,MF22,90000.0
2002,Domestic material consumption,TONNES,MF22,71300.0
2003,Domestic material consumption,TONNES,MF22,634719.0
2004,Domestic material consumption,TONNES,MF22,674826.0
2005,Domestic material consumption,TONNES,MF22,957423.0
2006,Domestic material consumption,TONNES,MF22,709581.0
2007,Domestic material consumption,TONNES,MF22,637052.0
2008,Domestic material consumption,TONNES,MF22,893829.0
2009,Domestic material consumption,TONNES,MF22,471073.0
2010,Domestic material consumption,TONNES,MF22,880288.0
2011,Domestic material consumption,TONNES,MF22,872157.0
2012,Domestic material consumption,TONNES,MF22,904645.0
2013,Domestic material consumption,TONNES,MF22,887141.0
2014,Domestic material consumption,TONNES,MF22,771812.0
2015,Domestic material consumption,TONNES,MF22,812117.0
2016,Domestic material consumption,TONNES,MF22,852422.0
2017,Domestic material consumption,TONNES,MF22,892727.0
2000,Domestic material consumption,TONNES,MF_AGG3B,712400.0
2001,Domestic material consumption,TONNES,MF_AGG3B,953712.0
2002,Domestic material consumption,TONNES,MF_AGG3B,868329.0
2003,Domestic material consumption,TONNES,MF_AGG3B,474027.0
2004,Domestic material consumption,TONNES,MF_AGG3B,673221.0
2005,Domestic material consumption,TONNES,MF_AGG3B,989939.0
2006,Domestic material consumption,TONNES,MF_AGG3B,1687683.0
2007,Domestic material consumption,TONNES,MF_AGG3B,2301692.0
2008,Domestic material consumption,TONNES,MF_AGG3B,2349561.0
2009,Domestic material consumption,TONNES,MF_AGG3B,1954762.0
2010,Domestic material consumption,TONNES,MF_AGG3B,1511972.0
2011,Domestic material consumption,TONNES,MF_AGG3B,1875354.0
2012,Domestic material consumption,TONNES,MF_AGG3B,1860735.0
2013,Domestic material consumption,TONNES,MF_AGG3B,1613745.0
2014,Domestic material consumption,TONNES,MF_AGG3B,1802499.0
2015,Domestic material consumption,TONNES,MF_AGG3B,1898417.0
2016,Domestic material consumption,TONNES,MF_AGG3B,1994336.0
2017,Domestic material consumption,TONNES,MF_AGG3B,2090255.0
2000,Domestic material consumption,TONNES,MF_AGG3A,6413484.0
2001,Domestic material consumption,TONNES,MF_AGG3A,7063890.0
2002,Domestic material consumption,TONNES,MF_AGG3A,8490140.0
2003,Domestic material consumption,TONNES,MF_AGG3A,14417888.0
2004,Domestic material consumption,TONNES,MF_AGG3A,12485677.0
2005,Domestic material consumption,TONNES,MF_AGG3A,9624076.0
2006,Domestic material consumption,TONNES,MF_AGG3A,11916651.0
2007,Domestic material consumption,TONNES,MF_AGG3A,13198376.0
2008,Domestic material consumption,TONNES,MF_AGG3A,14147934.0
2009,Domestic material consumption,TONNES,MF_AGG3A,13570620.0
2010,Domestic material consumption,TONNES,MF_AGG3A,14084845.0
2011,Domestic material consumption,TONNES,MF_AGG3A,13232058.0
2012,Domestic material consumption,TONNES,MF_AGG3A,13938610.0
2013,Domestic material consumption,TONNES,MF_AGG3A,15504799.0
2014,Domestic material consumption,TONNES,MF_AGG3A,16718248.0
2015,Domestic material consumption,TONNES,MF_AGG3A,17747401.0
2016,Domestic material consumption,TONNES,MF_AGG3A,18776554.0
2017,Domestic material consumption,TONNES,MF_AGG3A,19805706.0
2000,Domestic material consumption,TONNES,MF3,7125884.0
2001,Domestic material consumption,TONNES,MF3,8017602.0
2002,Domestic material consumption,TONNES,MF3,9358469.0
2003,Domestic material consumption,TONNES,MF3,14891914.0
2004,Domestic material consumption,TONNES,MF3,13158898.0
2005,Domestic material consumption,TONNES,MF3,10614015.0
2006,Domestic material consumption,TONNES,MF3,13604334.0
2007,Domestic material consumption,TONNES,MF3,15500068.0
2008,Domestic material consumption,TONNES,MF3,16497494.0
2009,Domestic material consumption,TONNES,MF3,15525382.0
2010,Domestic material consumption,TONNES,MF3,15596817.0
2011,Domestic material consumption,TONNES,MF3,15107412.0
2012,Domestic material consumption,TONNES,MF3,15799345.0
2013,Domestic material consumption,TONNES,MF3,17118544.0
2014,Domestic material consumption,TONNES,MF3,18520747.0
2015,Domestic material consumption,TONNES,MF3,19645818.0
2016,Domestic material consumption,TONNES,MF3,20770890.0
2017,Domestic material consumption,TONNES,MF3,21895961.0
2000,Domestic material consumption,TONNES,MF421,1148000.0
2001,Domestic material consumption,TONNES,MF421,1123000.0
2002,Domestic material consumption,TONNES,MF421,1087000.0
2003,Domestic material consumption,TONNES,MF421,1011000.0
2004,Domestic material consumption,TONNES,MF421,1187000.0
2005,Domestic material consumption,TONNES,MF421,1120000.0
2006,Domestic material consumption,TONNES,MF421,1201000.0
2007,Domestic material consumption,TONNES,MF421,1278000.0
2008,Domestic material consumption,TONNES,MF421,1471000.0
2009,Domestic material consumption,TONNES,MF421,1637000.0
2010,Domestic material consumption,TONNES,MF421,1670000.0
2011,Domestic material consumption,TONNES,MF421,1714000.0
2012,Domestic material consumption,TONNES,MF421,1533000.0
2013,Domestic material consumption,TONNES,MF421,1489000.0
2014,Domestic material consumption,TONNES,MF421,1385000.0
2015,Domestic material consumption,TONNES,MF421,1426607.0
2016,Domestic material consumption,TONNES,MF421,1468214.0
2017,Domestic material consumption,TONNES,MF421,1509821.0
2000,Domestic material consumption,TONNES,MF14,8465.0
2001,Domestic material consumption,TONNES,MF14,8679.0
2002,Domestic material consumption,TONNES,MF14,11182.0
2003,Domestic material consumption,TONNES,MF14,11748.0
2004,Domestic material consumption,TONNES,MF14,13649.0
2005,Domestic material consumption,TONNES,MF14,15432.0
2006,Domestic material consumption,TONNES,MF14,11180.0
2007,Domestic material consumption,TONNES,MF14,11029.0
2008,Domestic material consumption,TONNES,MF14,10938.0
2009,Domestic material consumption,TONNES,MF14,10162.0
2010,Domestic material consumption,TONNES,MF14,9106.0
2011,Domestic material consumption,TONNES,MF14,8310.0
2012,Domestic material consumption,TONNES,MF14,8391.0
2013,Domestic material consumption,TONNES,MF14,8855.0
2014,Domestic material consumption,TONNES,MF14,8855.0
2015,Domestic material consumption,TONNES,MF14,8682.0
2016,Domestic material consumption,TONNES,MF14,8510.0
2017,Domestic material consumption,TONNES,MF14,8337.0
2000,Domestic material consumption,TONNES,MF13,2478757.0
2001,Domestic material consumption,TONNES,MF13,2185477.0
2002,Domestic material consumption,TONNES,MF13,2454677.0
2003,Domestic material consumption,TONNES,MF13,2390059.0
2004,Domestic material consumption,TONNES,MF13,1830655.0
2005,Domestic material consumption,TONNES,MF13,1925044.0
2006,Domestic material consumption,TONNES,MF13,2120334.0
2007,Domestic material consumption,TONNES,MF13,1853219.0
2008,Domestic material consumption,TONNES,MF13,2035444.0
2009,Domestic material consumption,TONNES,MF13,1716285.0
2010,Domestic material consumption,TONNES,MF13,1926305.0
2011,Domestic material consumption,TONNES,MF13,2013618.0
2012,Domestic material consumption,TONNES,MF13,2088522.0
2013,Domestic material consumption,TONNES,MF13,2221379.0
2014,Domestic material consumption,TONNES,MF13,2132902.0
2015,Domestic material consumption,TONNES,MF13,1994345.0
2016,Domestic material consumption,TONNES,MF13,1982417.0
2017,Domestic material consumption,TONNES,MF13,1970489.0
