Year,SERIES,UNIT_MEASURE,Sex,Age,Value
2006,Unemployment rate,Percent,Both sexes or no breakdown by sex,15 years old and over,31.11
2007,Unemployment rate,Percent,Both sexes or no breakdown by sex,15 years old and over,28.98
2008,Unemployment rate,Percent,Both sexes or no breakdown by sex,15 years old and over,23.41
2009,Unemployment rate,Percent,Both sexes or no breakdown by sex,15 years old and over,24.07
2010,Unemployment rate,Percent,Both sexes or no breakdown by sex,15 years old and over,27.31
2011,Unemployment rate,Percent,Both sexes or no breakdown by sex,15 years old and over,27.58
2012,Unemployment rate,Percent,Both sexes or no breakdown by sex,15 years old and over,28.01
2013,Unemployment rate,Percent,Both sexes or no breakdown by sex,15 years old and over,27.49
2014,Unemployment rate,Percent,Both sexes or no breakdown by sex,15 years old and over,27.52
2015,Unemployment rate,Percent,Both sexes or no breakdown by sex,15 years old and over,27.69
2016,Unemployment rate,Percent,Both sexes or no breakdown by sex,15 years old and over,25.41
2017,Unemployment rate,Percent,Both sexes or no breakdown by sex,15 years old and over,20.53
2018,Unemployment rate,Percent,Both sexes or no breakdown by sex,15 years old and over,18.4
2019,Unemployment rate,Percent,Both sexes or no breakdown by sex,15 years old and over,15.69
2020,Unemployment rate,Percent,Both sexes or no breakdown by sex,15 years old and over,15.9
2021,Unemployment rate,Percent,Both sexes or no breakdown by sex,15 years old and over,14.9
2006,Unemployment rate,Percent,Female,15 years old and over,34.86
2007,Unemployment rate,Percent,Female,15 years old and over,32.94
2008,Unemployment rate,Percent,Female,15 years old and over,26.78
2009,Unemployment rate,Percent,Female,15 years old and over,25.64
2010,Unemployment rate,Percent,Female,15 years old and over,29.93
2011,Unemployment rate,Percent,Female,15 years old and over,29.94
2012,Unemployment rate,Percent,Female,15 years old and over,30.66
2013,Unemployment rate,Percent,Female,15 years old and over,29.02
2014,Unemployment rate,Percent,Female,15 years old and over,31.17
2015,Unemployment rate,Percent,Female,15 years old and over,30.69
2016,Unemployment rate,Percent,Female,15 years old and over,30.05
2017,Unemployment rate,Percent,Female,15 years old and over,23.13
2018,Unemployment rate,Percent,Female,15 years old and over,20.33
2019,Unemployment rate,Percent,Female,15 years old and over,18.78
2020,Unemployment rate,Percent,Female,15 years old and over,18.5
2021,Unemployment rate,Percent,Female,15 years old and over,18.12
2006,Unemployment rate,Percent,Male,15 years old and over,28.92
2007,Unemployment rate,Percent,Male,15 years old and over,26.71
2008,Unemployment rate,Percent,Male,15 years old and over,21.4
2009,Unemployment rate,Percent,Male,15 years old and over,23.11
2010,Unemployment rate,Percent,Male,15 years old and over,25.68
2011,Unemployment rate,Percent,Male,15 years old and over,26.11
2012,Unemployment rate,Percent,Male,15 years old and over,26.37
2013,Unemployment rate,Percent,Male,15 years old and over,26.55
2014,Unemployment rate,Percent,Male,15 years old and over,25.18
2015,Unemployment rate,Percent,Male,15 years old and over,25.78
2016,Unemployment rate,Percent,Male,15 years old and over,22.53
2017,Unemployment rate,Percent,Male,15 years old and over,18.87
2018,Unemployment rate,Percent,Male,15 years old and over,17.21
2019,Unemployment rate,Percent,Male,15 years old and over,13.65
2020,Unemployment rate,Percent,Male,15 years old and over,14.1
2021,Unemployment rate,Percent,Male,15 years old and over,12.66
2006,Unemployment rate,Percent,Both sexes or no breakdown by sex,15 to 24 years old,62.31
2007,Unemployment rate,Percent,Both sexes or no breakdown by sex,15 to 24 years old,58.42
2008,Unemployment rate,Percent,Both sexes or no breakdown by sex,15 to 24 years old,47.53
2009,Unemployment rate,Percent,Both sexes or no breakdown by sex,15 to 24 years old,48.7
2010,Unemployment rate,Percent,Both sexes or no breakdown by sex,15 to 24 years old,57.72
2011,Unemployment rate,Percent,Both sexes or no breakdown by sex,15 to 24 years old,57.87
2012,Unemployment rate,Percent,Both sexes or no breakdown by sex,15 to 24 years old,63.11
2013,Unemployment rate,Percent,Both sexes or no breakdown by sex,15 to 24 years old,59.12
2014,Unemployment rate,Percent,Both sexes or no breakdown by sex,15 to 24 years old,62.66
2015,Unemployment rate,Percent,Both sexes or no breakdown by sex,15 to 24 years old,62.32
2016,Unemployment rate,Percent,Both sexes or no breakdown by sex,15 to 24 years old,54.31
2017,Unemployment rate,Percent,Both sexes or no breakdown by sex,15 to 24 years old,45.81
2018,Unemployment rate,Percent,Both sexes or no breakdown by sex,15 to 24 years old,38.82
2019,Unemployment rate,Percent,Both sexes or no breakdown by sex,15 to 24 years old,33.79
2020,Unemployment rate,Percent,Both sexes or no breakdown by sex,15 to 24 years old,36.6
2021,Unemployment rate,Percent,Both sexes or no breakdown by sex,15 to 24 years old,35.07
2006,Unemployment rate,Percent,Female,15 to 24 years old,65.72
2007,Unemployment rate,Percent,Female,15 to 24 years old,63.12
2008,Unemployment rate,Percent,Female,15 to 24 years old,52.3
2009,Unemployment rate,Percent,Female,15 to 24 years old,52.72
2010,Unemployment rate,Percent,Female,15 to 24 years old,61.28
2011,Unemployment rate,Percent,Female,15 to 24 years old,60.46
2012,Unemployment rate,Percent,Female,15 to 24 years old,63.97
2013,Unemployment rate,Percent,Female,15 to 24 years old,59.2
2014,Unemployment rate,Percent,Female,15 to 24 years old,65.41
2015,Unemployment rate,Percent,Female,15 to 24 years old,67.34
2016,Unemployment rate,Percent,Female,15 to 24 years old,58.91
2017,Unemployment rate,Percent,Female,15 to 24 years old,51.36
2018,Unemployment rate,Percent,Female,15 to 24 years old,45.46
2019,Unemployment rate,Percent,Female,15 to 24 years old,37.94
2020,Unemployment rate,Percent,Female,15 to 24 years old,42.8
2021,Unemployment rate,Percent,Female,15 to 24 years old,40.68
2006,Unemployment rate,Percent,Male,15 to 24 years old,60.19
2007,Unemployment rate,Percent,Male,15 to 24 years old,55.6
2008,Unemployment rate,Percent,Male,15 to 24 years old,44.79
2009,Unemployment rate,Percent,Male,15 to 24 years old,46.44
2010,Unemployment rate,Percent,Male,15 to 24 years old,55.48
2011,Unemployment rate,Percent,Male,15 to 24 years old,56.44
2012,Unemployment rate,Percent,Male,15 to 24 years old,62.64
2013,Unemployment rate,Percent,Male,15 to 24 years old,59.08
2014,Unemployment rate,Percent,Male,15 to 24 years old,60.98
2015,Unemployment rate,Percent,Male,15 to 24 years old,59.52
2016,Unemployment rate,Percent,Male,15 to 24 years old,52.05
2017,Unemployment rate,Percent,Male,15 to 24 years old,43.11
2018,Unemployment rate,Percent,Male,15 to 24 years old,35.45
2019,Unemployment rate,Percent,Male,15 to 24 years old,31.27
2020,Unemployment rate,Percent,Male,15 to 24 years old,32.5
2021,Unemployment rate,Percent,Male,15 to 24 years old,31.69
2006,Unemployment rate,Percent,Both sexes or no breakdown by sex,25 years old and over,26.02
2007,Unemployment rate,Percent,Both sexes or no breakdown by sex,25 years old and over,24.37
2008,Unemployment rate,Percent,Both sexes or no breakdown by sex,25 years old and over,19.88
2009,Unemployment rate,Percent,Both sexes or no breakdown by sex,25 years old and over,20.56
2010,Unemployment rate,Percent,Both sexes or no breakdown by sex,25 years old and over,23.17
2011,Unemployment rate,Percent,Both sexes or no breakdown by sex,25 years old and over,23.75
2012,Unemployment rate,Percent,Both sexes or no breakdown by sex,25 years old and over,23.82
2013,Unemployment rate,Percent,Both sexes or no breakdown by sex,25 years old and over,23.77
2014,Unemployment rate,Percent,Both sexes or no breakdown by sex,25 years old and over,23.47
2015,Unemployment rate,Percent,Both sexes or no breakdown by sex,25 years old and over,23.33
2016,Unemployment rate,Percent,Both sexes or no breakdown by sex,25 years old and over,22.04
2017,Unemployment rate,Percent,Both sexes or no breakdown by sex,25 years old and over,17.49
2018,Unemployment rate,Percent,Both sexes or no breakdown by sex,25 years old and over,15.9
2019,Unemployment rate,Percent,Both sexes or no breakdown by sex,25 years old and over,13.52
2020,Unemployment rate,Percent,Both sexes or no breakdown by sex,25 years old and over,13.6
2021,Unemployment rate,Percent,Both sexes or no breakdown by sex,25 years old and over,12.93
2006,Unemployment rate,Percent,Female,25 years old and over,29.59
2007,Unemployment rate,Percent,Female,25 years old and over,28.06
2008,Unemployment rate,Percent,Female,25 years old and over,23.15
2009,Unemployment rate,Percent,Female,25 years old and over,22.0
2010,Unemployment rate,Percent,Female,25 years old and over,25.64
2011,Unemployment rate,Percent,Female,25 years old and over,26.38
2012,Unemployment rate,Percent,Female,25 years old and over,27.01
2013,Unemployment rate,Percent,Female,25 years old and over,26.03
2014,Unemployment rate,Percent,Female,25 years old and over,27.36
2015,Unemployment rate,Percent,Female,25 years old and over,26.5
2016,Unemployment rate,Percent,Female,25 years old and over,27.2
2017,Unemployment rate,Percent,Female,25 years old and over,20.34
2018,Unemployment rate,Percent,Female,25 years old and over,17.66
2019,Unemployment rate,Percent,Female,25 years old and over,16.61
2020,Unemployment rate,Percent,Female,25 years old and over,15.8
2021,Unemployment rate,Percent,Female,25 years old and over,16.11
2006,Unemployment rate,Percent,Male,25 years old and over,23.96
2007,Unemployment rate,Percent,Male,25 years old and over,22.28
2008,Unemployment rate,Percent,Male,25 years old and over,17.92
2009,Unemployment rate,Percent,Male,25 years old and over,19.68
2010,Unemployment rate,Percent,Male,25 years old and over,21.64
2011,Unemployment rate,Percent,Male,25 years old and over,22.09
2012,Unemployment rate,Percent,Male,25 years old and over,21.82
2013,Unemployment rate,Percent,Male,25 years old and over,22.35
2014,Unemployment rate,Percent,Male,25 years old and over,20.96
2015,Unemployment rate,Percent,Male,25 years old and over,21.28
2016,Unemployment rate,Percent,Male,25 years old and over,18.76
2017,Unemployment rate,Percent,Male,25 years old and over,15.62
2018,Unemployment rate,Percent,Male,25 years old and over,14.78
2019,Unemployment rate,Percent,Male,25 years old and over,11.46
2020,Unemployment rate,Percent,Male,25 years old and over,12.1
2021,Unemployment rate,Percent,Male,25 years old and over,10.7
