Year,SERIES,UNIT_MEASURE,Value
2019,"Existence of a developed and operationalized national strategy for youth employment, as a distinct strategy or as part of a national employment strategy",Score,0
2020,"Existence of a developed and operationalized national strategy for youth employment, as a distinct strategy or as part of a national employment strategy",Score,0
2021,"Existence of a developed and operationalized national strategy for youth employment, as a distinct strategy or as part of a national employment strategy",Score,1
2022,"Existence of a developed and operationalized national strategy for youth employment, as a distinct strategy or as part of a national employment strategy",Score,2
