Year,SERIES,UNIT_MEASURE,Value
2015,Proportion of small-scale industries in total industry value added,Percent,15.22
2016,Proportion of small-scale industries in total industry value added,Percent,15.07
2017,Proportion of small-scale industries in total industry value added,Percent,11.79
2018,Proportion of small-scale industries in total industry value added,Percent,11.39
2019,Proportion of small-scale industries in total industry value added,Percent,11.13
2020,Proportion of small-scale industries in total industry value added,Percent,11.57
