Year,SERIES,Policy_Domains,UNIT_MEASURE,Value
2021,"Zemlje s migracijskim politikama za olakšavanje uredne, sigurne, redovite i odgovorne migracije i mobilnosti ljudi, prema domeni politike (1 = Zahtijeva daljnji napredak; 2 = Djelomično ispunjava; 3 = Ispunjava; 4 = Potpuno ispunjava)",ALLDOMAINS,Broj,2
2021,"Zemlje s migracijskim politikama za olakšavanje uredne, sigurne, redovite i odgovorne migracije i mobilnosti ljudi, prema domeni politike (1 = Zahtijeva daljnji napredak; 2 = Djelomično ispunjava; 3 = Ispunjava; 4 = Potpuno ispunjava)",DOMAIN1,Broj,3
2021,"Zemlje s migracijskim politikama za olakšavanje uredne, sigurne, redovite i odgovorne migracije i mobilnosti ljudi, prema domeni politike (1 = Zahtijeva daljnji napredak; 2 = Djelomično ispunjava; 3 = Ispunjava; 4 = Potpuno ispunjava)",DOMAIN2,Broj,2
2021,"Zemlje s migracijskim politikama za olakšavanje uredne, sigurne, redovite i odgovorne migracije i mobilnosti ljudi, prema domeni politike (1 = Zahtijeva daljnji napredak; 2 = Djelomično ispunjava; 3 = Ispunjava; 4 = Potpuno ispunjava)",DOMAIN3,Broj,2
2021,"Zemlje s migracijskim politikama za olakšavanje uredne, sigurne, redovite i odgovorne migracije i mobilnosti ljudi, prema domeni politike (1 = Zahtijeva daljnji napredak; 2 = Djelomično ispunjava; 3 = Ispunjava; 4 = Potpuno ispunjava)",DOMAIN4,Broj,2
2021,"Zemlje s migracijskim politikama za olakšavanje uredne, sigurne, redovite i odgovorne migracije i mobilnosti ljudi, prema domeni politike (1 = Zahtijeva daljnji napredak; 2 = Djelomično ispunjava; 3 = Ispunjava; 4 = Potpuno ispunjava)",DOMAIN5,Broj,2
2021,"Zemlje s migracijskim politikama za olakšavanje uredne, sigurne, redovite i odgovorne migracije i mobilnosti ljudi, prema domeni politike (1 = Zahtijeva daljnji napredak; 2 = Djelomično ispunjava; 3 = Ispunjava; 4 = Potpuno ispunjava)",DOMAIN6,Broj,4
