Year,SERIES,COMPOSITE_BREAKDOWN,UNIT_MEASURE,Value
2021,"Zemlje s migracijskim politikama za olakšavanje uredne, sigurne, redovite i odgovorne migracije i mobilnosti ljudi, prema domeni politike (1 = Zahtijeva daljnji napredak; 2 = Djelomično ispunjava; 3 = Ispunjava; 4 = Potpuno ispunjava)",Ukupno,Broj,2
2021,"Zemlje s migracijskim politikama za olakšavanje uredne, sigurne, redovite i odgovorne migracije i mobilnosti ljudi, prema domeni politike (1 = Zahtijeva daljnji napredak; 2 = Djelomično ispunjava; 3 = Ispunjava; 4 = Potpuno ispunjava)",Prava migranata,Broj,3
2021,"Zemlje s migracijskim politikama za olakšavanje uredne, sigurne, redovite i odgovorne migracije i mobilnosti ljudi, prema domeni politike (1 = Zahtijeva daljnji napredak; 2 = Djelomično ispunjava; 3 = Ispunjava; 4 = Potpuno ispunjava)","Sveobuhvatne politike, politike utemeljene na dokazima",Broj,2
2021,"Zemlje s migracijskim politikama za olakšavanje uredne, sigurne, redovite i odgovorne migracije i mobilnosti ljudi, prema domeni politike (1 = Zahtijeva daljnji napredak; 2 = Djelomično ispunjava; 3 = Ispunjava; 4 = Potpuno ispunjava)",Suradnja i partnerstvo,Broj,2
2021,"Zemlje s migracijskim politikama za olakšavanje uredne, sigurne, redovite i odgovorne migracije i mobilnosti ljudi, prema domeni politike (1 = Zahtijeva daljnji napredak; 2 = Djelomično ispunjava; 3 = Ispunjava; 4 = Potpuno ispunjava)",Socioekonomsko blagostanje,Broj,2
2021,"Zemlje s migracijskim politikama za olakšavanje uredne, sigurne, redovite i odgovorne migracije i mobilnosti ljudi, prema domeni politike (1 = Zahtijeva daljnji napredak; 2 = Djelomično ispunjava; 3 = Ispunjava; 4 = Potpuno ispunjava)",Dimenzije krizne mobilnosti,Broj,2
2021,"Zemlje s migracijskim politikama za olakšavanje uredne, sigurne, redovite i odgovorne migracije i mobilnosti ljudi, prema domeni politike (1 = Zahtijeva daljnji napredak; 2 = Djelomično ispunjava; 3 = Ispunjava; 4 = Potpuno ispunjava)","Sigurna, uredna i redovita migracija",Broj,4
