Year,SERIES,UNIT_MEASURE,Vrsta proizvoda,Value
2005,Udio carinskih stavki primijenjenih na uvoz s nultom carinom,PT,Poljoprivredni proizvodi,78.11705
2010,Udio carinskih stavki primijenjenih na uvoz s nultom carinom,PT,Poljoprivredni proizvodi,86.55545
2015,Udio carinskih stavki primijenjenih na uvoz s nultom carinom,PT,Poljoprivredni proizvodi,77.26098
2016,Udio carinskih stavki primijenjenih na uvoz s nultom carinom,PT,Poljoprivredni proizvodi,72.09544
2017,Udio carinskih stavki primijenjenih na uvoz s nultom carinom,PT,Poljoprivredni proizvodi,80.38654
2018,Udio carinskih stavki primijenjenih na uvoz s nultom carinom,PT,Poljoprivredni proizvodi,80.10167
2019,Udio carinskih stavki primijenjenih na uvoz s nultom carinom,PT,Poljoprivredni proizvodi,78.26421
2020,Udio carinskih stavki primijenjenih na uvoz s nultom carinom,PT,Poljoprivredni proizvodi,78.38638
2021,Udio carinskih stavki primijenjenih na uvoz s nultom carinom,PT,Poljoprivredni proizvodi,77.4627
2005,Udio carinskih stavki primijenjenih na uvoz s nultom carinom,PT,Bez podjele,80.36611
2010,Udio carinskih stavki primijenjenih na uvoz s nultom carinom,PT,Bez podjele,77.00822
2015,Udio carinskih stavki primijenjenih na uvoz s nultom carinom,PT,Bez podjele,72.14442
2016,Udio carinskih stavki primijenjenih na uvoz s nultom carinom,PT,Bez podjele,62.6327
2017,Udio carinskih stavki primijenjenih na uvoz s nultom carinom,PT,Bez podjele,71.74151
2018,Udio carinskih stavki primijenjenih na uvoz s nultom carinom,PT,Bez podjele,71.94006
2019,Udio carinskih stavki primijenjenih na uvoz s nultom carinom,PT,Bez podjele,68.96074
2020,Udio carinskih stavki primijenjenih na uvoz s nultom carinom,PT,Bez podjele,69.52374
2021,Udio carinskih stavki primijenjenih na uvoz s nultom carinom,PT,Bez podjele,68.9646
2005,Udio carinskih stavki primijenjenih na uvoz s nultom carinom,PT,Oružje,84.375
2010,Udio carinskih stavki primijenjenih na uvoz s nultom carinom,PT,Oružje,100.0
2015,Udio carinskih stavki primijenjenih na uvoz s nultom carinom,PT,Oružje,66.66667
2016,Udio carinskih stavki primijenjenih na uvoz s nultom carinom,PT,Oružje,68.42105
2017,Udio carinskih stavki primijenjenih na uvoz s nultom carinom,PT,Oružje,72.22222
2018,Udio carinskih stavki primijenjenih na uvoz s nultom carinom,PT,Oružje,72.22222
2019,Udio carinskih stavki primijenjenih na uvoz s nultom carinom,PT,Oružje,81.48148
2020,Udio carinskih stavki primijenjenih na uvoz s nultom carinom,PT,Oružje,82.22222
2021,Udio carinskih stavki primijenjenih na uvoz s nultom carinom,PT,Oružje,75.5556
2005,Udio carinskih stavki primijenjenih na uvoz s nultom carinom,PT,Odjeća,49.75369
2010,Udio carinskih stavki primijenjenih na uvoz s nultom carinom,PT,Odjeća,39.92188
2015,Udio carinskih stavki primijenjenih na uvoz s nultom carinom,PT,Odjeća,42.10526
2016,Udio carinskih stavki primijenjenih na uvoz s nultom carinom,PT,Odjeća,33.31467
2017,Udio carinskih stavki primijenjenih na uvoz s nultom carinom,PT,Odjeća,44.23565
2018,Udio carinskih stavki primijenjenih na uvoz s nultom carinom,PT,Odjeća,45.09502
2019,Udio carinskih stavki primijenjenih na uvoz s nultom carinom,PT,Odjeća,41.31455
2020,Udio carinskih stavki primijenjenih na uvoz s nultom carinom,PT,Odjeća,43.83627
2021,Udio carinskih stavki primijenjenih na uvoz s nultom carinom,PT,Odjeća,41.5315
2005,Udio carinskih stavki primijenjenih na uvoz s nultom carinom,PT,Industrijski proizvodi,85.44423
2010,Udio carinskih stavki primijenjenih na uvoz s nultom carinom,PT,Industrijski proizvodi,82.15344
2015,Udio carinskih stavki primijenjenih na uvoz s nultom carinom,PT,Industrijski proizvodi,78.20907
2016,Udio carinskih stavki primijenjenih na uvoz s nultom carinom,PT,Industrijski proizvodi,69.63315
2017,Udio carinskih stavki primijenjenih na uvoz s nultom carinom,PT,Industrijski proizvodi,75.68703
2018,Udio carinskih stavki primijenjenih na uvoz s nultom carinom,PT,Industrijski proizvodi,75.75446
2019,Udio carinskih stavki primijenjenih na uvoz s nultom carinom,PT,Industrijski proizvodi,73.20584
2020,Udio carinskih stavki primijenjenih na uvoz s nultom carinom,PT,Industrijski proizvodi,73.47208
2021,Udio carinskih stavki primijenjenih na uvoz s nultom carinom,PT,Industrijski proizvodi,73.1958
2005,Udio carinskih stavki primijenjenih na uvoz s nultom carinom,PT,Nafta ili ulje,0.0
2015,Udio carinskih stavki primijenjenih na uvoz s nultom carinom,PT,Nafta ili ulje,100.0
2005,Udio carinskih stavki primijenjenih na uvoz s nultom carinom,PT,Tekstil,86.64921
2010,Udio carinskih stavki primijenjenih na uvoz s nultom carinom,PT,Tekstil,83.00971
2015,Udio carinskih stavki primijenjenih na uvoz s nultom carinom,PT,Tekstil,81.26195
2016,Udio carinskih stavki primijenjenih na uvoz s nultom carinom,PT,Tekstil,69.17808
2017,Udio carinskih stavki primijenjenih na uvoz s nultom carinom,PT,Tekstil,84.49477
2018,Udio carinskih stavki primijenjenih na uvoz s nultom carinom,PT,Tekstil,85.31469
2019,Udio carinskih stavki primijenjenih na uvoz s nultom carinom,PT,Tekstil,77.11016
2020,Udio carinskih stavki primijenjenih na uvoz s nultom carinom,PT,Tekstil,78.37838
2021,Udio carinskih stavki primijenjenih na uvoz s nultom carinom,PT,Tekstil,79.1291
