Year,SERIES,UNIT_MEASURE,COMPOSITE_BREAKDOWN,Value
2010,Omjer stope potrošnje zemlje i stope rasta stanovništva,Odnos,Banja Luka,-0.5007
2020,Omjer stope potrošnje zemlje i stope rasta stanovništva,Odnos,Banja Luka,-0.0095
2010,Omjer stope potrošnje zemlje i stope rasta stanovništva,Odnos,Sarajevo,-0.5219
2020,Omjer stope potrošnje zemlje i stope rasta stanovništva,Odnos,Sarajevo,-0.3993
2010,Omjer stope potrošnje zemlje i stope rasta stanovništva,Odnos,Tuzla,-0.1012
2020,Omjer stope potrošnje zemlje i stope rasta stanovništva,Odnos,Tuzla,-0.0401
2010,Omjer stope potrošnje zemlje i stope rasta stanovništva,Odnos,Zenica,-0.2771
2020,Omjer stope potrošnje zemlje i stope rasta stanovništva,Odnos,Zenica,-0.0176
