Year,SERIES,UNIT_MEASURE,COMPOSITE_BREAKDOWN,Value
2000,"Međunarodni financijski tokovi u zemlje u razvoju kao podrška istraživanju i razvoju čiste energije i proizvodnje obnovljive energije, uključujući hibridne sustave (milijuni konstantnih USD 2020.)", CON_USD_M,Svi obnovljivi izvori energije,0.0
2001,"Međunarodni financijski tokovi u zemlje u razvoju kao podrška istraživanju i razvoju čiste energije i proizvodnje obnovljive energije, uključujući hibridne sustave (milijuni konstantnih USD 2020.)", CON_USD_M,Svi obnovljivi izvori energije,6.73
2002,"Međunarodni financijski tokovi u zemlje u razvoju kao podrška istraživanju i razvoju čiste energije i proizvodnje obnovljive energije, uključujući hibridne sustave (milijuni konstantnih USD 2020.)", CON_USD_M,Svi obnovljivi izvori energije,0.31
2003,"Međunarodni financijski tokovi u zemlje u razvoju kao podrška istraživanju i razvoju čiste energije i proizvodnje obnovljive energije, uključujući hibridne sustave (milijuni konstantnih USD 2020.)", CON_USD_M,Svi obnovljivi izvori energije,0.0
2004,"Međunarodni financijski tokovi u zemlje u razvoju kao podrška istraživanju i razvoju čiste energije i proizvodnje obnovljive energije, uključujući hibridne sustave (milijuni konstantnih USD 2020.)", CON_USD_M,Svi obnovljivi izvori energije,7.3
2005,"Međunarodni financijski tokovi u zemlje u razvoju kao podrška istraživanju i razvoju čiste energije i proizvodnje obnovljive energije, uključujući hibridne sustave (milijuni konstantnih USD 2020.)", CON_USD_M,Svi obnovljivi izvori energije,0.0
2006,"Međunarodni financijski tokovi u zemlje u razvoju kao podrška istraživanju i razvoju čiste energije i proizvodnje obnovljive energije, uključujući hibridne sustave (milijuni konstantnih USD 2020.)", CON_USD_M,Svi obnovljivi izvori energije,12.48
2007,"Međunarodni financijski tokovi u zemlje u razvoju kao podrška istraživanju i razvoju čiste energije i proizvodnje obnovljive energije, uključujući hibridne sustave (milijuni konstantnih USD 2020.)", CON_USD_M,Svi obnovljivi izvori energije,0.29
2008,"Međunarodni financijski tokovi u zemlje u razvoju kao podrška istraživanju i razvoju čiste energije i proizvodnje obnovljive energije, uključujući hibridne sustave (milijuni konstantnih USD 2020.)", CON_USD_M,Svi obnovljivi izvori energije,23.44
2009,"Međunarodni financijski tokovi u zemlje u razvoju kao podrška istraživanju i razvoju čiste energije i proizvodnje obnovljive energije, uključujući hibridne sustave (milijuni konstantnih USD 2020.)", CON_USD_M,Svi obnovljivi izvori energije,0.11
2010,"Međunarodni financijski tokovi u zemlje u razvoju kao podrška istraživanju i razvoju čiste energije i proizvodnje obnovljive energije, uključujući hibridne sustave (milijuni konstantnih USD 2020.)", CON_USD_M,Svi obnovljivi izvori energije,96.84
2011,"Međunarodni financijski tokovi u zemlje u razvoju kao podrška istraživanju i razvoju čiste energije i proizvodnje obnovljive energije, uključujući hibridne sustave (milijuni konstantnih USD 2020.)", CON_USD_M,Svi obnovljivi izvori energije,67.42
2012,"Međunarodni financijski tokovi u zemlje u razvoju kao podrška istraživanju i razvoju čiste energije i proizvodnje obnovljive energije, uključujući hibridne sustave (milijuni konstantnih USD 2020.)", CON_USD_M,Svi obnovljivi izvori energije,0.95
2013,"Međunarodni financijski tokovi u zemlje u razvoju kao podrška istraživanju i razvoju čiste energije i proizvodnje obnovljive energije, uključujući hibridne sustave (milijuni konstantnih USD 2020.)", CON_USD_M,Svi obnovljivi izvori energije,97.38
2014,"Međunarodni financijski tokovi u zemlje u razvoju kao podrška istraživanju i razvoju čiste energije i proizvodnje obnovljive energije, uključujući hibridne sustave (milijuni konstantnih USD 2020.)", CON_USD_M,Svi obnovljivi izvori energije,164.58
2015,"Međunarodni financijski tokovi u zemlje u razvoju kao podrška istraživanju i razvoju čiste energije i proizvodnje obnovljive energije, uključujući hibridne sustave (milijuni konstantnih USD 2020.)", CON_USD_M,Svi obnovljivi izvori energije,6.52
2016,"Međunarodni financijski tokovi u zemlje u razvoju kao podrška istraživanju i razvoju čiste energije i proizvodnje obnovljive energije, uključujući hibridne sustave (milijuni konstantnih USD 2020.)", CON_USD_M,Svi obnovljivi izvori energije,3.72
2017,"Međunarodni financijski tokovi u zemlje u razvoju kao podrška istraživanju i razvoju čiste energije i proizvodnje obnovljive energije, uključujući hibridne sustave (milijuni konstantnih USD 2020.)", CON_USD_M,Svi obnovljivi izvori energije,83.19
2018,"Međunarodni financijski tokovi u zemlje u razvoju kao podrška istraživanju i razvoju čiste energije i proizvodnje obnovljive energije, uključujući hibridne sustave (milijuni konstantnih USD 2020.)", CON_USD_M,Svi obnovljivi izvori energije,1.34
2019,"Međunarodni financijski tokovi u zemlje u razvoju kao podrška istraživanju i razvoju čiste energije i proizvodnje obnovljive energije, uključujući hibridne sustave (milijuni konstantnih USD 2020.)", CON_USD_M,Svi obnovljivi izvori energije,20.76
2020,"Međunarodni financijski tokovi u zemlje u razvoju kao podrška istraživanju i razvoju čiste energije i proizvodnje obnovljive energije, uključujući hibridne sustave (milijuni konstantnih USD 2020.)", CON_USD_M,Svi obnovljivi izvori energije,3.72
2021,"Međunarodni financijski tokovi u zemlje u razvoju kao podrška istraživanju i razvoju čiste energije i proizvodnje obnovljive energije, uključujući hibridne sustave (milijuni konstantnih USD 2020.)", CON_USD_M,Svi obnovljivi izvori energije,0.44
2000,"Međunarodni financijski tokovi u zemlje u razvoju kao podrška istraživanju i razvoju čiste energije i proizvodnje obnovljive energije, uključujući hibridne sustave (milijuni konstantnih USD 2020.)", CON_USD_M,Bioenergija,0.0
2000,"Međunarodni financijski tokovi u zemlje u razvoju kao podrška istraživanju i razvoju čiste energije i proizvodnje obnovljive energije, uključujući hibridne sustave (milijuni konstantnih USD 2020.)", CON_USD_M,Geotermalna energija,0.0
2000,"Međunarodni financijski tokovi u zemlje u razvoju kao podrška istraživanju i razvoju čiste energije i proizvodnje obnovljive energije, uključujući hibridne sustave (milijuni konstantnih USD 2020.)", CON_USD_M,Hidroenergija,0.0
2000,"Međunarodni financijski tokovi u zemlje u razvoju kao podrška istraživanju i razvoju čiste energije i proizvodnje obnovljive energije, uključujući hibridne sustave (milijuni konstantnih USD 2020.)", CON_USD_M,Morska energija,0.0
2000,"Međunarodni financijski tokovi u zemlje u razvoju kao podrška istraživanju i razvoju čiste energije i proizvodnje obnovljive energije, uključujući hibridne sustave (milijuni konstantnih USD 2020.)", CON_USD_M,Više obnovljivih izvora,0.0
2000,"Međunarodni financijski tokovi u zemlje u razvoju kao podrška istraživanju i razvoju čiste energije i proizvodnje obnovljive energije, uključujući hibridne sustave (milijuni konstantnih USD 2020.)", CON_USD_M,Sunčeva energija,0.0
2000,"Međunarodni financijski tokovi u zemlje u razvoju kao podrška istraživanju i razvoju čiste energije i proizvodnje obnovljive energije, uključujući hibridne sustave (milijuni konstantnih USD 2020.)", CON_USD_M,Energija vjetra,0.0
