Year,SERIES,UNIT_MEASURE,Vrsta tretmana otpada,Privredna aktivnost,Value
2003,Izvoz opasnog otpada (tone),Tone,,,7094.29981
2004,Izvoz opasnog otpada (tone),Tone,,,709.42999
2005,Izvoz opasnog otpada (tone),Tone,,,656.0
2006,Izvoz opasnog otpada (tone),Tone,,,666.0
2007,Izvoz opasnog otpada (tone),Tone,,,444.73599
2008,Izvoz opasnog otpada (tone),Tone,,,497.05621
2009,Izvoz opasnog otpada (tone),Tone,,,314.5
2010,Izvoz opasnog otpada (tone),Tone,,,87.0
2011,Izvoz opasnog otpada (tone),Tone,,,426.194
2012,Izvoz opasnog otpada (tone),Tone,,,554.39203
2013,Izvoz opasnog otpada (tone),Tone,,,506.28299
2014,Izvoz opasnog otpada (tone),Tone,,,568.88599
2016,Proizvedeni opasni otpad (tone),Tone,,,13292.0
2018,Proizvedeni opasni otpad (tone),Tone,,,14157.0
2020,Proizvedeni opasni otpad (tone),Tone,,,9942.0
2008,"Proizvedeni opasni otpad, po stanovniku (Kg)",Kilogrami,,,2.685
2009,"Proizvedeni opasni otpad, po stanovniku (Kg)",Kilogrami,,,2.4839
2010,"Proizvedeni opasni otpad, po stanovniku (Kg)",Kilogrami,,,2.7079
2012,"Proizvedeni opasni otpad, po stanovniku (Kg)",Kilogrami,,,2.5743
2014,"Proizvedeni opasni otpad, po stanovniku (Kg)",Kilogrami,,,2.4371
2016,"Proizvedeni opasni otpad, po stanovniku (Kg)",Kilogrami,,,3.8185
2018,"Proizvedeni opasni otpad, po stanovniku (Kg)",Kilogrami,,,4.1651
2020,"Proizvedeni opasni otpad, po stanovniku (Kg)",Kilogrami,,,2.9963
2008,"Proizvedeni opasni otpad, po jedinici BDP-a",Kilogrami po konstanti američkog dolara,,,0.0007
2009,"Proizvedeni opasni otpad, po jedinici BDP-a",Kilogrami po konstanti američkog dolara,,,0.0006
2010,"Proizvedeni opasni otpad, po jedinici BDP-a",Kilogrami po konstanti američkog dolara,,,0.0007
2012,"Proizvedeni opasni otpad, po jedinici BDP-a",Kilogrami po konstanti američkog dolara,,,0.0623
2014,"Proizvedeni opasni otpad, po jedinici BDP-a",Kilogrami po konstanti američkog dolara,,,0.0006
2016,"Proizvedeni opasni otpad, po jedinici BDP-a",Kilogrami po konstanti američkog dolara,,,0.0008
2018,"Proizvedeni opasni otpad, po jedinici BDP-a",Kilogrami po konstanti američkog dolara,,,0.0008
2020,"Proizvedeni opasni otpad, po jedinici BDP-a",Kilogrami po konstanti američkog dolara,,,0.0006
2004,Uvoz opasnog otpada (tone),Tone,,,0.0
2006,Uvoz opasnog otpada (tone),Tone,,,0.0
2008,Uvoz opasnog otpada (tone),Tone,,,0.0
2010,Uvoz opasnog otpada (tone),Tone,,,0.0
2011,Uvoz opasnog otpada (tone),Tone,,,0.0
2012,Uvoz opasnog otpada (tone),Tone,,,0.0
2013,Uvoz opasnog otpada (tone),Tone,,,0.0
2014,Uvoz opasnog otpada (tone),Tone,,,0.0
2004,"Obrađen opasni otpad, prema vrsti obrade (tone)",Tone,Spaljivanje,,0.0
2006,"Obrađen opasni otpad, prema vrsti obrade (tone)",Tone,Spaljivanje,,0.0
2008,"Obrađen opasni otpad, prema vrsti obrade (tone)",Tone,Spaljivanje,,0.0
2010,"Obrađen opasni otpad, prema vrsti obrade (tone)",Tone,Spaljivanje,,0.0
2011,"Obrađen opasni otpad, prema vrsti obrade (tone)",Tone,Spaljivanje,,0.0
2012,"Obrađen opasni otpad, prema vrsti obrade (tone)",Tone,Spaljivanje,,0.0
2008,Prikupljeni komunalni otpad (tone),Tone,,,
2008,Generisani komunalni otpad (tone),Tone,,,1367000.0
2009,Generisani komunalni otpad (tone),Tone,,,1362000.0
2010,Generisani komunalni otpad (tone),Tone,,,1276000.0
2011,Generisani komunalni otpad (tone),Tone,,,1307000.0
2012,Generisani komunalni otpad (tone),Tone,,,1303000.0
2013,Generisani komunalni otpad (tone),Tone,,,1192000.0
2014,Generisani komunalni otpad (tone),Tone,,,1335000.0
2015,Generisani komunalni otpad (tone),Tone,,,1249000.0
2016,Generisani komunalni otpad (tone),Tone,,,1244000.0
2017,Generisani komunalni otpad (tone),Tone,,,1235000.0
2018,Generisani komunalni otpad (tone),Tone,,,1244000.0
2019,Generisani komunalni otpad (tone),Tone,,,1228000.0
2020,Generisani komunalni otpad (tone),Tone,,,1206000.0
2021,Generisani komunalni otpad (tone),Tone,,,1229000.0
2017,Udio obrađenog komunalnog otpada prema vrsti obrade (%),Postotak,Odlaganje na deponije,,99.47
2018,Udio obrađenog komunalnog otpada prema vrsti obrade (%),Postotak,Odlaganje na deponije,,98.91
2019,Udio obrađenog komunalnog otpada prema vrsti obrade (%),Postotak,Odlaganje na deponije,,95.93
2020,Udio obrađenog komunalnog otpada prema vrsti obrade (%),Postotak,Odlaganje na deponije,,98.91
2021,Udio obrađenog komunalnog otpada prema vrsti obrade (%),Postotak,Odlaganje na deponije,,99.32
2016,"Ukupno generisani otpad, po djelatnosti (tone)",Tone,,"Poljoprivreda, šumarstvo i ribolov",0.0
2018,"Ukupno generisani otpad, po djelatnosti (tone)",Tone,,"Poljoprivreda, šumarstvo i ribolov",0.0
2020,"Ukupno generisani otpad, po djelatnosti (tone)",Tone,,"Poljoprivreda, šumarstvo i ribolov",0.0
2016,"Ukupno generisani otpad, po djelatnosti (tone)",Tone,,Vađenja ruda i kamena,216356.0
2018,"Ukupno generisani otpad, po djelatnosti (tone)",Tone,,Vađenja ruda i kamena,23701.0
2020,"Ukupno generisani otpad, po djelatnosti (tone)",Tone,,Vađenja ruda i kamena,765270.0
2016,"Ukupno generisani otpad, po djelatnosti (tone)",Tone,,Proizvodnja,1422448.0
2018,"Ukupno generisani otpad, po djelatnosti (tone)",Tone,,Proizvodnja,1893270.0
2020,"Ukupno generisani otpad, po djelatnosti (tone)",Tone,,Proizvodnja,1842260.0
2016,"Ukupno generisani otpad, po djelatnosti (tone)",Tone,,"Proizvodnja i opskrba električnom energijom, plinom, parom i klimatizacija",3061988.0
2018,"Ukupno generisani otpad, po djelatnosti (tone)",Tone,,"Proizvodnja i opskrba električnom energijom, plinom, parom i klimatizacija",3247689.0
2020,"Ukupno generisani otpad, po djelatnosti (tone)",Tone,,"Proizvodnja i opskrba električnom energijom, plinom, parom i klimatizacija",3129364.0
2016,"Ukupno generisani otpad, po djelatnosti (tone)",Tone,,Građevinarstvo,156918.0
2018,"Ukupno generisani otpad, po djelatnosti (tone)",Tone,,Građevinarstvo,122916.0
2020,"Ukupno generisani otpad, po djelatnosti (tone)",Tone,,Građevinarstvo,85972.0
2016,"Ukupno generisani otpad, po djelatnosti (tone)",Tone,,Djelatnosti kućanstava kao poslodavaca; nediferencirane djelatnosti proizvodnje dobara i usluga kućanstava za vlastite potrebe,
2018,"Ukupno generisani otpad, po djelatnosti (tone)",Tone,,Djelatnosti kućanstava kao poslodavaca; nediferencirane djelatnosti proizvodnje dobara i usluga kućanstava za vlastite potrebe,
2020,"Ukupno generisani otpad, po djelatnosti (tone)",Tone,,Djelatnosti kućanstava kao poslodavaca; nediferencirane djelatnosti proizvodnje dobara i usluga kućanstava za vlastite potrebe,
2016,"Ukupno generisani otpad, po djelatnosti (tone)",Tone,,Bez podjele,4857710.0
2018,"Ukupno generisani otpad, po djelatnosti (tone)",Tone,,Bez podjele,5287576.0
2020,"Ukupno generisani otpad, po djelatnosti (tone)",Tone,,Bez podjele,5822866.0
