Year,SERIES,UNIT_MEASURE,Vrsta tretmana otpada,Privredna aktivnost,Value
2003,Izvoz opasnog otpada (tone),Tone,,,7094.29981
2004,Izvoz opasnog otpada (tone),Tone,,,709.42999
2005,Izvoz opasnog otpada (tone),Tone,,,656.0
2006,Izvoz opasnog otpada (tone),Tone,,,666.0
2007,Izvoz opasnog otpada (tone),Tone,,,444.73599
2008,Izvoz opasnog otpada (tone),Tone,,,497.05621
2009,Izvoz opasnog otpada (tone),Tone,,,314.5
2010,Izvoz opasnog otpada (tone),Tone,,,87.0
2011,Izvoz opasnog otpada (tone),Tone,,,426.194
2012,Izvoz opasnog otpada (tone),Tone,,,554.39203
2013,Izvoz opasnog otpada (tone),Tone,,,506.28299
2014,Izvoz opasnog otpada (tone),Tone,,,568.88599
2008,Proizvedeni opasni otpad (tone),Tone,,,10588.0
2009,Proizvedeni opasni otpad (tone),Tone,,,9632.0
2010,Proizvedeni opasni otpad (tone),Tone,,,10320.0
2012,Proizvedeni opasni otpad (tone),Tone,,,945923.0
2014,Proizvedeni opasni otpad (tone),Tone,,,8703.0
2016,Proizvedeni opasni otpad (tone),Tone,,,13292.0
2018,Proizvedeni opasni otpad (tone),Tone,,,14162.0
2020,Proizvedeni opasni otpad (tone),Tone,,,9943.0
2008,"Proizvedeni opasni otpad, po stanovniku (Kg)",Kilogrami,,,2.685
2009,"Proizvedeni opasni otpad, po stanovniku (Kg)",Kilogrami,,,2.4839
2010,"Proizvedeni opasni otpad, po stanovniku (Kg)",Kilogrami,,,2.7079
2012,"Proizvedeni opasni otpad, po stanovniku (Kg)",Kilogrami,,,2.5743
2014,"Proizvedeni opasni otpad, po stanovniku (Kg)",Kilogrami,,,2.4371
2016,"Proizvedeni opasni otpad, po stanovniku (Kg)",Kilogrami,,,3.8185
2018,"Proizvedeni opasni otpad, po stanovniku (Kg)",Kilogrami,,,4.1651
2020,"Proizvedeni opasni otpad, po stanovniku (Kg)",Kilogrami,,,2.9963
2008,"Proizvedeni opasni otpad, po jedinici BDP-a",Kilogrami po konstanti američkog dolara,,,0.0007
2009,"Proizvedeni opasni otpad, po jedinici BDP-a",Kilogrami po konstanti američkog dolara,,,0.0006
2010,"Proizvedeni opasni otpad, po jedinici BDP-a",Kilogrami po konstanti američkog dolara,,,0.0007
2012,"Proizvedeni opasni otpad, po jedinici BDP-a",Kilogrami po konstanti američkog dolara,,,0.0623
2014,"Proizvedeni opasni otpad, po jedinici BDP-a",Kilogrami po konstanti američkog dolara,,,0.0006
2016,"Proizvedeni opasni otpad, po jedinici BDP-a",Kilogrami po konstanti američkog dolara,,,0.0008
2018,"Proizvedeni opasni otpad, po jedinici BDP-a",Kilogrami po konstanti američkog dolara,,,0.0008
2020,"Proizvedeni opasni otpad, po jedinici BDP-a",Kilogrami po konstanti američkog dolara,,,0.0006
2004,Uvoz opasnog otpada (tone),Tone,,,0.0
2006,Uvoz opasnog otpada (tone),Tone,,,0.0
2008,Uvoz opasnog otpada (tone),Tone,,,0.0
2010,Uvoz opasnog otpada (tone),Tone,,,0.0
2011,Uvoz opasnog otpada (tone),Tone,,,0.0
2012,Uvoz opasnog otpada (tone),Tone,,,0.0
2013,Uvoz opasnog otpada (tone),Tone,,,0.0
2014,Uvoz opasnog otpada (tone),Tone,,,0.0
2004,"Obrađen opasni otpad, prema vrsti obrade (tone)",Tone,Spaljivanje,,0.0
2006,"Obrađen opasni otpad, prema vrsti obrade (tone)",Tone,Spaljivanje,,0.0
2008,"Obrađen opasni otpad, prema vrsti obrade (tone)",Tone,Spaljivanje,,0.0
2010,"Obrađen opasni otpad, prema vrsti obrade (tone)",Tone,Spaljivanje,,0.0
2011,"Obrađen opasni otpad, prema vrsti obrade (tone)",Tone,Spaljivanje,,0.0
2012,"Obrađen opasni otpad, prema vrsti obrade (tone)",Tone,Spaljivanje,,0.0
2008,Prikupljeni komunalni otpad (tone),Tone,,,
2008,Generisani komunalni otpad (tone),Tone,,,1367000.0
2009,Generisani komunalni otpad (tone),Tone,,,1362000.0
2010,Generisani komunalni otpad (tone),Tone,,,1276000.0
2011,Generisani komunalni otpad (tone),Tone,,,1307000.0
2012,Generisani komunalni otpad (tone),Tone,,,1303000.0
2013,Generisani komunalni otpad (tone),Tone,,,1192000.0
2014,Generisani komunalni otpad (tone),Tone,,,1335000.0
2015,Generisani komunalni otpad (tone),Tone,,,1249000.0
2016,Generisani komunalni otpad (tone),Tone,,,1244000.0
2017,Generisani komunalni otpad (tone),Tone,,,1235000.0
2018,Generisani komunalni otpad (tone),Tone,,,1244000.0
2019,Generisani komunalni otpad (tone),Tone,,,1228000.0
2020,Generisani komunalni otpad (tone),Tone,,,1206000.0
2021,Generisani komunalni otpad (tone),Tone,,,1229000.0
2017,Udio obrađenog komunalnog otpada prema vrsti obrade (%),Postotak,Odlaganje na deponije,,
2018,Udio obrađenog komunalnog otpada prema vrsti obrade (%),Postotak,Odlaganje na deponije,,
2019,Udio obrađenog komunalnog otpada prema vrsti obrade (%),Postotak,Odlaganje na deponije,,
2020,Udio obrađenog komunalnog otpada prema vrsti obrade (%),Postotak,Odlaganje na deponije,,
2021,Udio obrađenog komunalnog otpada prema vrsti obrade (%),Postotak,Odlaganje na deponije,,
2008,Udio obrađenog komunalnog otpada prema vrsti obrade (%),Postotak,Spaljivanje,,0.0
2009,Udio obrađenog komunalnog otpada prema vrsti obrade (%),Postotak,Spaljivanje,,0.0
2010,Udio obrađenog komunalnog otpada prema vrsti obrade (%),Postotak,Spaljivanje,,0.0
2011,Udio obrađenog komunalnog otpada prema vrsti obrade (%),Postotak,Spaljivanje,,0.0
2012,Udio obrađenog komunalnog otpada prema vrsti obrade (%),Postotak,Spaljivanje,,0.0
2013,Udio obrađenog komunalnog otpada prema vrsti obrade (%),Postotak,Spaljivanje,,0.0
2014,Udio obrađenog komunalnog otpada prema vrsti obrade (%),Postotak,Spaljivanje,,0.0
2015,Udio obrađenog komunalnog otpada prema vrsti obrade (%),Postotak,Spaljivanje,,0.0
2016,Udio obrađenog komunalnog otpada prema vrsti obrade (%),Postotak,Spaljivanje,,0.0
2017,Udio obrađenog komunalnog otpada prema vrsti obrade (%),Postotak,Spaljivanje,,0.0
2018,Udio obrađenog komunalnog otpada prema vrsti obrade (%),Postotak,Spaljivanje,,0.0
2019,Udio obrađenog komunalnog otpada prema vrsti obrade (%),Postotak,Spaljivanje,,0.0
2020,Udio obrađenog komunalnog otpada prema vrsti obrade (%),Postotak,Spaljivanje,,0.0
2021,Udio obrađenog komunalnog otpada prema vrsti obrade (%),Postotak,Spaljivanje,,78.60049
2008,Udio obrađenog komunalnog otpada prema vrsti obrade (%),Postotak,Spaljivanje za proizvodnju energije,,0.0
2009,Udio obrađenog komunalnog otpada prema vrsti obrade (%),Postotak,Spaljivanje za proizvodnju energije,,0.0
2010,Udio obrađenog komunalnog otpada prema vrsti obrade (%),Postotak,Spaljivanje za proizvodnju energije,,0.0
2011,Udio obrađenog komunalnog otpada prema vrsti obrade (%),Postotak,Spaljivanje za proizvodnju energije,,0.0
2012,Udio obrađenog komunalnog otpada prema vrsti obrade (%),Postotak,Spaljivanje za proizvodnju energije,,0.0
2013,Udio obrađenog komunalnog otpada prema vrsti obrade (%),Postotak,Spaljivanje za proizvodnju energije,,0.0
2014,Udio obrađenog komunalnog otpada prema vrsti obrade (%),Postotak,Spaljivanje za proizvodnju energije,,0.0
2015,Udio obrađenog komunalnog otpada prema vrsti obrade (%),Postotak,Spaljivanje za proizvodnju energije,,0.0
2016,Udio obrađenog komunalnog otpada prema vrsti obrade (%),Postotak,Spaljivanje za proizvodnju energije,,0.0
2017,Udio obrađenog komunalnog otpada prema vrsti obrade (%),Postotak,Spaljivanje za proizvodnju energije,,0.0
2008,Komunalni otpad tretiran prema vrsti tretmana (tone),Tone,Spaljivanje,,0.0
2009,Komunalni otpad tretiran prema vrsti tretmana (tone),Tone,Spaljivanje,,0.0
2010,Komunalni otpad tretiran prema vrsti tretmana (tone),Tone,Spaljivanje,,0.0
2011,Komunalni otpad tretiran prema vrsti tretmana (tone),Tone,Spaljivanje,,0.0
2012,Komunalni otpad tretiran prema vrsti tretmana (tone),Tone,Spaljivanje,,0.0
2013,Komunalni otpad tretiran prema vrsti tretmana (tone),Tone,Spaljivanje,,0.0
2014,Komunalni otpad tretiran prema vrsti tretmana (tone),Tone,Spaljivanje,,0.0
2015,Komunalni otpad tretiran prema vrsti tretmana (tone),Tone,Spaljivanje,,0.0
2016,Komunalni otpad tretiran prema vrsti tretmana (tone),Tone,Spaljivanje,,0.0
2017,Komunalni otpad tretiran prema vrsti tretmana (tone),Tone,Spaljivanje,,0.0
2018,Komunalni otpad tretiran prema vrsti tretmana (tone),Tone,Spaljivanje,,0.0
2019,Komunalni otpad tretiran prema vrsti tretmana (tone),Tone,Spaljivanje,,0.0
2020,Komunalni otpad tretiran prema vrsti tretmana (tone),Tone,Spaljivanje,,0.0
2021,Komunalni otpad tretiran prema vrsti tretmana (tone),Tone,Spaljivanje,,966000.0
2008,Komunalni otpad tretiran prema vrsti tretmana (tone),Tone,Spaljivanje za proizvodnju energije,,0.0
2009,Komunalni otpad tretiran prema vrsti tretmana (tone),Tone,Spaljivanje za proizvodnju energije,,0.0
2010,Komunalni otpad tretiran prema vrsti tretmana (tone),Tone,Spaljivanje za proizvodnju energije,,0.0
2011,Komunalni otpad tretiran prema vrsti tretmana (tone),Tone,Spaljivanje za proizvodnju energije,,0.0
2012,Komunalni otpad tretiran prema vrsti tretmana (tone),Tone,Spaljivanje za proizvodnju energije,,0.0
2013,Komunalni otpad tretiran prema vrsti tretmana (tone),Tone,Spaljivanje za proizvodnju energije,,0.0
2014,Komunalni otpad tretiran prema vrsti tretmana (tone),Tone,Spaljivanje za proizvodnju energije,,0.0
2015,Komunalni otpad tretiran prema vrsti tretmana (tone),Tone,Spaljivanje za proizvodnju energije,,0.0
2008,Komunalni otpad tretiran prema vrsti tretmana (tone),Tone,"Deponija, kontrolisana",,1220000.0
2009,Komunalni otpad tretiran prema vrsti tretmana (tone),Tone,"Deponija, kontrolisana",,1112512.939
2010,Komunalni otpad tretiran prema vrsti tretmana (tone),Tone,"Deponija, kontrolisana",,1102031.982
2011,Komunalni otpad tretiran prema vrsti tretmana (tone),Tone,"Deponija, kontrolisana",,1073953.979
2012,Komunalni otpad tretiran prema vrsti tretmana (tone),Tone,"Deponija, kontrolisana",,925739.99
2013,Komunalni otpad tretiran prema vrsti tretmana (tone),Tone,"Deponija, kontrolisana",,894000.0
2014,Komunalni otpad tretiran prema vrsti tretmana (tone),Tone,"Deponija, kontrolisana",,986000.0
2015,Komunalni otpad tretiran prema vrsti tretmana (tone),Tone,"Deponija, kontrolisana",,954000.0
2008,Komunalni otpad tretiran prema vrsti tretmana (tone),Tone,Druga vrsta upravljanja otpadom,,1220000.0
2009,Komunalni otpad tretiran prema vrsti tretmana (tone),Tone,Druga vrsta upravljanja otpadom,,1002000.0
2010,Komunalni otpad tretiran prema vrsti tretmana (tone),Tone,Druga vrsta upravljanja otpadom,,1042000.0
2011,Komunalni otpad tretiran prema vrsti tretmana (tone),Tone,Druga vrsta upravljanja otpadom,,1074000.0
2012,Komunalni otpad tretiran prema vrsti tretmana (tone),Tone,Druga vrsta upravljanja otpadom,,926000.0
2013,Komunalni otpad tretiran prema vrsti tretmana (tone),Tone,Druga vrsta upravljanja otpadom,,894182.983
2014,Komunalni otpad tretiran prema vrsti tretmana (tone),Tone,Druga vrsta upravljanja otpadom,,985989.014
2015,Komunalni otpad tretiran prema vrsti tretmana (tone),Tone,Druga vrsta upravljanja otpadom,,954163.025
2012,"Ukupno generisani otpad, po djelatnosti (tone)",Tone,,"Poljoprivreda, šumarstvo i ribolov",0.0
2014,"Ukupno generisani otpad, po djelatnosti (tone)",Tone,,"Poljoprivreda, šumarstvo i ribolov",0.0
2016,"Ukupno generisani otpad, po djelatnosti (tone)",Tone,,"Poljoprivreda, šumarstvo i ribolov",0.0
2018,"Ukupno generisani otpad, po djelatnosti (tone)",Tone,,"Poljoprivreda, šumarstvo i ribolov",0.0
2020,"Ukupno generisani otpad, po djelatnosti (tone)",Tone,,"Poljoprivreda, šumarstvo i ribolov",0.0
2008,"Ukupno generisani otpad, po djelatnosti (tone)",Tone,,Vađenja ruda i kamena,87148.003
2009,"Ukupno generisani otpad, po djelatnosti (tone)",Tone,,Vađenja ruda i kamena,83616.997
2010,"Ukupno generisani otpad, po djelatnosti (tone)",Tone,,Vađenja ruda i kamena,104000.0
2012,"Ukupno generisani otpad, po djelatnosti (tone)",Tone,,Vađenja ruda i kamena,72364.0
2014,"Ukupno generisani otpad, po djelatnosti (tone)",Tone,,Vađenja ruda i kamena,85279.0
2016,"Ukupno generisani otpad, po djelatnosti (tone)",Tone,,Vađenja ruda i kamena,216356.0
2018,"Ukupno generisani otpad, po djelatnosti (tone)",Tone,,Vađenja ruda i kamena,551584.0
2020,"Ukupno generisani otpad, po djelatnosti (tone)",Tone,,Vađenja ruda i kamena,765270.0
2008,"Ukupno generisani otpad, po djelatnosti (tone)",Tone,,Proizvodnja,3563000.0
2009,"Ukupno generisani otpad, po djelatnosti (tone)",Tone,,Proizvodnja,3077568.115
2010,"Ukupno generisani otpad, po djelatnosti (tone)",Tone,,Proizvodnja,1325000.0
2012,"Ukupno generisani otpad, po djelatnosti (tone)",Tone,,Proizvodnja,1213475.0
2014,"Ukupno generisani otpad, po djelatnosti (tone)",Tone,,Proizvodnja,1304841.0
2016,"Ukupno generisani otpad, po djelatnosti (tone)",Tone,,Proizvodnja,1422448.0
2018,"Ukupno generisani otpad, po djelatnosti (tone)",Tone,,Proizvodnja,1893270.0
2020,"Ukupno generisani otpad, po djelatnosti (tone)",Tone,,Proizvodnja,1842260.0
2008,"Ukupno generisani otpad, po djelatnosti (tone)",Tone,,"Proizvodnja i opskrba električnom energijom, plinom, parom i klimatizacija",1059000.0
2009,"Ukupno generisani otpad, po djelatnosti (tone)",Tone,,"Proizvodnja i opskrba električnom energijom, plinom, parom i klimatizacija",1563614.014
2010,"Ukupno generisani otpad, po djelatnosti (tone)",Tone,,"Proizvodnja i opskrba električnom energijom, plinom, parom i klimatizacija",1583119.995
2012,"Ukupno generisani otpad, po djelatnosti (tone)",Tone,,"Proizvodnja i opskrba električnom energijom, plinom, parom i klimatizacija",3170717.0
2014,"Ukupno generisani otpad, po djelatnosti (tone)",Tone,,"Proizvodnja i opskrba električnom energijom, plinom, parom i klimatizacija",2666984.0
2016,"Ukupno generisani otpad, po djelatnosti (tone)",Tone,,"Proizvodnja i opskrba električnom energijom, plinom, parom i klimatizacija",3061988.0
2018,"Ukupno generisani otpad, po djelatnosti (tone)",Tone,,"Proizvodnja i opskrba električnom energijom, plinom, parom i klimatizacija",3247689.0
2020,"Ukupno generisani otpad, po djelatnosti (tone)",Tone,,"Proizvodnja i opskrba električnom energijom, plinom, parom i klimatizacija",3129364.0
2014,"Ukupno generisani otpad, po djelatnosti (tone)",Tone,,Građevinarstvo,149146.0
2016,"Ukupno generisani otpad, po djelatnosti (tone)",Tone,,Građevinarstvo,156918.0
2018,"Ukupno generisani otpad, po djelatnosti (tone)",Tone,,Građevinarstvo,122916.0
2020,"Ukupno generisani otpad, po djelatnosti (tone)",Tone,,Građevinarstvo,85972.0
2003,"Ukupno generisani otpad, po djelatnosti (tone)",Tone,,Djelatnosti kućanstava kao poslodavaca; nediferencirane djelatnosti proizvodnje dobara i usluga kućanstava za vlastite potrebe,915165.283
2004,"Ukupno generisani otpad, po djelatnosti (tone)",Tone,,Djelatnosti kućanstava kao poslodavaca; nediferencirane djelatnosti proizvodnje dobara i usluga kućanstava za vlastite potrebe,894664.429
2005,"Ukupno generisani otpad, po djelatnosti (tone)",Tone,,Djelatnosti kućanstava kao poslodavaca; nediferencirane djelatnosti proizvodnje dobara i usluga kućanstava za vlastite potrebe,948811.89
2006,"Ukupno generisani otpad, po djelatnosti (tone)",Tone,,Djelatnosti kućanstava kao poslodavaca; nediferencirane djelatnosti proizvodnje dobara i usluga kućanstava za vlastite potrebe,1002959.412
2007,"Ukupno generisani otpad, po djelatnosti (tone)",Tone,,Djelatnosti kućanstava kao poslodavaca; nediferencirane djelatnosti proizvodnje dobara i usluga kućanstava za vlastite potrebe,1057106.934
2008,"Ukupno generisani otpad, po djelatnosti (tone)",Tone,,Djelatnosti kućanstava kao poslodavaca; nediferencirane djelatnosti proizvodnje dobara i usluga kućanstava za vlastite potrebe,1065105.225
2009,"Ukupno generisani otpad, po djelatnosti (tone)",Tone,,Djelatnosti kućanstava kao poslodavaca; nediferencirane djelatnosti proizvodnje dobara i usluga kućanstava za vlastite potrebe,996164.978
2010,"Ukupno generisani otpad, po djelatnosti (tone)",Tone,,Djelatnosti kućanstava kao poslodavaca; nediferencirane djelatnosti proizvodnje dobara i usluga kućanstava za vlastite potrebe,839164.978
2011,"Ukupno generisani otpad, po djelatnosti (tone)",Tone,,Djelatnosti kućanstava kao poslodavaca; nediferencirane djelatnosti proizvodnje dobara i usluga kućanstava za vlastite potrebe,836145.02
2013,"Ukupno generisani otpad, po djelatnosti (tone)",Tone,,Djelatnosti kućanstava kao poslodavaca; nediferencirane djelatnosti proizvodnje dobara i usluga kućanstava za vlastite potrebe,705317.017
2014,"Ukupno generisani otpad, po djelatnosti (tone)",Tone,,Djelatnosti kućanstava kao poslodavaca; nediferencirane djelatnosti proizvodnje dobara i usluga kućanstava za vlastite potrebe,761536.987
2015,"Ukupno generisani otpad, po djelatnosti (tone)",Tone,,Djelatnosti kućanstava kao poslodavaca; nediferencirane djelatnosti proizvodnje dobara i usluga kućanstava za vlastite potrebe,715000.0
2018,"Ukupno generisani otpad, po djelatnosti (tone)",Tone,,Djelatnosti kućanstava kao poslodavaca; nediferencirane djelatnosti proizvodnje dobara i usluga kućanstava za vlastite potrebe,920541.0
2020,"Ukupno generisani otpad, po djelatnosti (tone)",Tone,,Djelatnosti kućanstava kao poslodavaca; nediferencirane djelatnosti proizvodnje dobara i usluga kućanstava za vlastite potrebe,902567.0
2003,"Ukupno generisani otpad, po djelatnosti (tone)",Tone,,Bez podjele,915165.283
2004,"Ukupno generisani otpad, po djelatnosti (tone)",Tone,,Bez podjele,894664.429
2005,"Ukupno generisani otpad, po djelatnosti (tone)",Tone,,Bez podjele,948811.89
2006,"Ukupno generisani otpad, po djelatnosti (tone)",Tone,,Bez podjele,1002959.412
2007,"Ukupno generisani otpad, po djelatnosti (tone)",Tone,,Bez podjele,1057106.934
2008,"Ukupno generisani otpad, po djelatnosti (tone)",Tone,,Bez podjele,5774253.418
2009,"Ukupno generisani otpad, po djelatnosti (tone)",Tone,,Bez podjele,5720964.355
2010,"Ukupno generisani otpad, po djelatnosti (tone)",Tone,,Bez podjele,3851284.912
2011,"Ukupno generisani otpad, po djelatnosti (tone)",Tone,,Bez podjele,836145.02
2012,"Ukupno generisani otpad, po djelatnosti (tone)",Tone,,Bez podjele,4456556.0
2013,"Ukupno generisani otpad, po djelatnosti (tone)",Tone,,Bez podjele,705317.017
2014,"Ukupno generisani otpad, po djelatnosti (tone)",Tone,,Bez podjele,5540772.0
2015,"Ukupno generisani otpad, po djelatnosti (tone)",Tone,,Bez podjele,715000.0
2016,"Ukupno generisani otpad, po djelatnosti (tone)",Tone,,Bez podjele,6127022.0
2018,"Ukupno generisani otpad, po djelatnosti (tone)",Tone,,Bez podjele,6747605.0
2020,"Ukupno generisani otpad, po djelatnosti (tone)",Tone,,Bez podjele,6753458.0
