Year,SERIES,UNIT_MEASURE,Value
2000,ER_RSK_LST,Index,0.90047
2001,ER_RSK_LST,Index,0.90038
2002,ER_RSK_LST,Index,0.90028
2003,ER_RSK_LST,Index,0.90021
2004,ER_RSK_LST,Index,0.90024
2005,ER_RSK_LST,Index,0.90028
2006,ER_RSK_LST,Index,0.90028
2007,ER_RSK_LST,Index,0.90035
2008,ER_RSK_LST,Index,0.90039
2009,ER_RSK_LST,Index,0.90042
2010,ER_RSK_LST,Index,0.90045
2011,ER_RSK_LST,Index,0.90049
2012,ER_RSK_LST,Index,0.90053
2013,ER_RSK_LST,Index,0.90057
2014,ER_RSK_LST,Index,0.90062
2015,ER_RSK_LST,Index,0.90064
2016,ER_RSK_LST,Index,0.90067
2017,ER_RSK_LST,Index,0.9007
2018,ER_RSK_LST,Index,0.90074
2019,ER_RSK_LST,Index,0.9008
2020,ER_RSK_LST,Index,0.90081
