Year,SERIES,UNIT_MEASURE,Value
2012,Zemlje koje su ugovorne strane Međunarodnog ugovora o biljnim genetičkim resursima za hranu i poljoprivredu (PGRFA) (1 = DA; 0 = NE),Broj,0
2013,Zemlje koje su ugovorne strane Međunarodnog ugovora o biljnim genetičkim resursima za hranu i poljoprivredu (PGRFA) (1 = DA; 0 = NE),Broj,0
2014,Zemlje koje su ugovorne strane Međunarodnog ugovora o biljnim genetičkim resursima za hranu i poljoprivredu (PGRFA) (1 = DA; 0 = NE),Broj,0
2015,Zemlje koje su ugovorne strane Međunarodnog ugovora o biljnim genetičkim resursima za hranu i poljoprivredu (PGRFA) (1 = DA; 0 = NE),Broj,0
2016,Zemlje koje su ugovorne strane Međunarodnog ugovora o biljnim genetičkim resursima za hranu i poljoprivredu (PGRFA) (1 = DA; 0 = NE),Broj,0
2017,Zemlje koje su ugovorne strane Međunarodnog ugovora o biljnim genetičkim resursima za hranu i poljoprivredu (PGRFA) (1 = DA; 0 = NE),Broj,0
2018,Zemlje koje su ugovorne strane Međunarodnog ugovora o biljnim genetičkim resursima za hranu i poljoprivredu (PGRFA) (1 = DA; 0 = NE),Broj,0
2019,Zemlje koje su ugovorne strane Međunarodnog ugovora o biljnim genetičkim resursima za hranu i poljoprivredu (PGRFA) (1 = DA; 0 = NE),Broj,0
2020,Zemlje koje su ugovorne strane Međunarodnog ugovora o biljnim genetičkim resursima za hranu i poljoprivredu (PGRFA) (1 = DA; 0 = NE),Broj,0
2021,Zemlje koje su ugovorne strane Međunarodnog ugovora o biljnim genetičkim resursima za hranu i poljoprivredu (PGRFA) (1 = DA; 0 = NE),Broj,0
2012,Zemlje potpisnice Nagojskog protokola (1 = DA; 0 = NE),Broj,0
2016,"Zemlje koje imaju zakonodavni, administrativni i politički okvir ili mjere prijavljene putem internetskog sustava izvješćivanja o usklađenosti s Međunarodnim ugovorom o biljnim genetičkim resursima za hranu i poljoprivredu (PGRFA) (1 = DA; 0 = NE)",Broj,0
2017,"Zemlje koje imaju zakonodavni, administrativni i politički okvir ili mjere prijavljene putem internetskog sustava izvješćivanja o usklađenosti s Međunarodnim ugovorom o biljnim genetičkim resursima za hranu i poljoprivredu (PGRFA) (1 = DA; 0 = NE)",Broj,0
2018,"Zemlje koje imaju zakonodavni, administrativni i politički okvir ili mjere prijavljene putem internetskog sustava izvješćivanja o usklađenosti s Međunarodnim ugovorom o biljnim genetičkim resursima za hranu i poljoprivredu (PGRFA) (1 = DA; 0 = NE)",Broj,0
2019,"Zemlje koje imaju zakonodavni, administrativni i politički okvir ili mjere prijavljene putem internetskog sustava izvješćivanja o usklađenosti s Međunarodnim ugovorom o biljnim genetičkim resursima za hranu i poljoprivredu (PGRFA) (1 = DA; 0 = NE)",Broj,0
2020,"Zemlje koje imaju zakonodavni, administrativni i politički okvir ili mjere prijavljene putem internetskog sustava izvješćivanja o usklađenosti s Međunarodnim ugovorom o biljnim genetičkim resursima za hranu i poljoprivredu (PGRFA) (1 = DA; 0 = NE)",Broj,0
2021,"Zemlje koje imaju zakonodavni, administrativni i politički okvir ili mjere prijavljene putem internetskog sustava izvješćivanja o usklađenosti s Međunarodnim ugovorom o biljnim genetičkim resursima za hranu i poljoprivredu (PGRFA) (1 = DA; 0 = NE)",Broj,0
2012,"Zemlje koje imaju zakonodavne, administrativne i političke okvire za osiguranje pravedne raspodjele koristi (1 = DA; 0 = NE)",Broj,0
2012,Ukupan prijavljeni broj Standardnih sporazuma o prijenosu materijala (SMTA) koji prenose biljne genetičke resurse za hranu i poljoprivredu u zemlju,Broj,2
2013,Ukupan prijavljeni broj Standardnih sporazuma o prijenosu materijala (SMTA) koji prenose biljne genetičke resurse za hranu i poljoprivredu u zemlju,Broj,2
2014,Ukupan prijavljeni broj Standardnih sporazuma o prijenosu materijala (SMTA) koji prenose biljne genetičke resurse za hranu i poljoprivredu u zemlju,Broj,2
2015,Ukupan prijavljeni broj Standardnih sporazuma o prijenosu materijala (SMTA) koji prenose biljne genetičke resurse za hranu i poljoprivredu u zemlju,Broj,2
2016,Ukupan prijavljeni broj Standardnih sporazuma o prijenosu materijala (SMTA) koji prenose biljne genetičke resurse za hranu i poljoprivredu u zemlju,Broj,2
2017,Ukupan prijavljeni broj Standardnih sporazuma o prijenosu materijala (SMTA) koji prenose biljne genetičke resurse za hranu i poljoprivredu u zemlju,Broj,2
2018,Ukupan prijavljeni broj Standardnih sporazuma o prijenosu materijala (SMTA) koji prenose biljne genetičke resurse za hranu i poljoprivredu u zemlju,Broj,2
2019,Ukupan prijavljeni broj Standardnih sporazuma o prijenosu materijala (SMTA) koji prenose biljne genetičke resurse za hranu i poljoprivredu u zemlju,Broj,2
2020,Ukupan prijavljeni broj Standardnih sporazuma o prijenosu materijala (SMTA) koji prenose biljne genetičke resurse za hranu i poljoprivredu u zemlju,Broj,2
2021,Ukupan prijavljeni broj Standardnih sporazuma o prijenosu materijala (SMTA) koji prenose biljne genetičke resurse za hranu i poljoprivredu u zemlju,Broj,2
