Year,SERIES,UNIT_MEASURE,Spol,Godine,Zanimanje,Value
2020,Omjeri pozicija u javnoj službi u usporedbi s nacionalnom distribucijom (omjer),Odnos,Žene,,Administrativni stručnjaci,0.99
2020,Omjeri pozicija u javnoj službi u usporedbi s nacionalnom distribucijom (omjer),Odnos,Žene,,Poslovni i administrativni suradnici,0.91
2020,Omjeri pozicija u javnoj službi u usporedbi s nacionalnom distribucijom (omjer),Odnos,Žene,,Opći službenici i sekretarice,1.19
2020,Omjeri pozicija u javnoj službi u usporedbi s nacionalnom distribucijom (omjer),Odnos,Žene,,Ostali menadžeri: generalni direktori i izvršni direktori i menadžeri za poslovne usluge i administraciju,0.8
2020,Omjeri pozicija u javnoj službi u usporedbi s nacionalnom distribucijom (omjer),Odnos,Žene,,Viši menadžeri: viši državni službenici,0.29
2020,Omjeri pozicija u javnoj službi u usporedbi s nacionalnom distribucijom (omjer),Odnos,Oba spola ili bez podjele po spolu,<35Y,"Ukupno osoblje javne službe na nacionalnoj razini (uključujući policiju, obrazovanje, zdravstvo, administrativno osoblje na recepciji i sve ostalo osoblje javne službe)",0.44
