Year,SERIES,Godine,COMPOSITE_BREAKDOWN,Spol,Zanimanje,UNIT_MEASURE,Value
2020,Omjeri pozicija u javnoj službi u usporedbi s nacionalnom distribucijom (omjer),Svi dobni rasponi ili nema podjele po godinama,,Žene,Administrativni stručnjaci,Odnos,0.99
2020,Omjeri pozicija u javnoj službi u usporedbi s nacionalnom distribucijom (omjer),Svi dobni rasponi ili nema podjele po godinama,,Žene,Poslovni i administrativni suradnici,Odnos,0.91
2020,Omjeri pozicija u javnoj službi u usporedbi s nacionalnom distribucijom (omjer),Svi dobni rasponi ili nema podjele po godinama,,Žene,Opći službenici i sekretarice,Odnos,1.19
2020,Omjeri pozicija u javnoj službi u usporedbi s nacionalnom distribucijom (omjer),Svi dobni rasponi ili nema podjele po godinama,,Žene,Ostali menadžeri: generalni direktori i izvršni direktori i menadžeri za poslovne usluge i administraciju,Odnos,0.8
2020,Omjeri pozicija u javnoj službi u usporedbi s nacionalnom distribucijom (omjer),Svi dobni rasponi ili nema podjele po godinama,,Žene,Viši menadžeri: viši državni službenici,Odnos,0.29
2020,Omjeri pozicija u javnoj službi u usporedbi s nacionalnom distribucijom (omjer),mlađi od 35 godina,,Oba spola ili bez podjele po spolu,"Ukupno osoblje javne službe na nacionalnoj razini (uključujući policiju, obrazovanje, zdravstvo, administrativno osoblje na recepciji i sve ostalo osoblje javne službe)",Odnos,0.44
2020,Omjeri pozicija u javnoj službi u usporedbi s nacionalnom distribucijom (omjer),Svi dobni rasponi ili nema podjele po godinama,,Žene,"Ukupno osoblje javne službe na nacionalnoj razini (uključujući policiju, obrazovanje, zdravstvo, administrativno osoblje na recepciji i sve ostalo osoblje javne službe)",Odnos,1.11
2021,Omjeri položaja u pravosuđu u odnosu na nacionalnu distribuciju (omjer),mlađi od 45 godina,,Oba spola ili bez podjele po spolu,JUDGES,Odnos,0.49
2021,Omjeri položaja u pravosuđu u odnosu na nacionalnu distribuciju (omjer),Svi dobni rasponi ili nema podjele po godinama,,Žene,JUDGES,Odnos,1.27
2021,"Omjeri pozicija u pravosuđu u odnosu na nacionalnu raspodjelu, Ustavni sud (omjer)",Svi dobni rasponi ili nema podjele po godinama,,Žene,JUDGES,Odnos,1.17
2021,"Omjeri položaja u pravosuđu u usporedbi s nacionalnom raspodjelom, Visoki sudovi (omjer)",Svi dobni rasponi ili nema podjele po godinama,,Žene,JUDGES,Odnos,1.38
2021,"Omjeri položaja u pravosuđu u usporedbi s nacionalnom distribucijom, niži sudovi (omjer)",Svi dobni rasponi ili nema podjele po godinama,,Žene,JUDGES,Odnos,1.26
2021,"Broj predsjedavajućih stalnih odbora, prema starosnoj dobi i fokusu odbora, zajednički odbori",Nepoznato,Ljudska prava,Muškarci,,Broj,1.0
2021,"Broj predsjedatelja stalnih odbora, prema starosti i spolu, u donjem domu ili jednodomnom parlamentu",46 godina i više,Financije,Muškarci,,Broj,1.0
2021,"Broj predsjedatelja stalnih odbora, prema starosti i spolu, u donjem domu ili jednodomnom parlamentu",46 godina i više,Vanjski poslovi,Muškarci,,Broj,1.0
2021,"Broj predsjedatelja stalnih odbora, prema starosti i spolu, u donjem domu ili jednodomnom parlamentu",46 godina i više,Ravnopravnost spolova,Muškarci,,Broj,1.0
