Year,SERIES,UNIT_MEASURE,Spol,Godine,OCCUPATION,Value
2020,Omjeri pozicija u javnoj službi u usporedbi s nacionalnom distribucijom (omjer),Odnos,Žene,Svi dobni rasponi ili nema podjele po godinama,ADMINPRO,0.99
2020,Omjeri pozicija u javnoj službi u usporedbi s nacionalnom distribucijom (omjer),Odnos,Žene,Svi dobni rasponi ili nema podjele po godinama,ASSOCPRO,0.91
2020,Omjeri pozicija u javnoj službi u usporedbi s nacionalnom distribucijom (omjer),Odnos,Žene,Svi dobni rasponi ili nema podjele po godinama,GENERAL,1.19
2020,Omjeri pozicija u javnoj službi u usporedbi s nacionalnom distribucijom (omjer),Odnos,Žene,Svi dobni rasponi ili nema podjele po godinama,OTHERMAN,0.8
2020,Omjeri pozicija u javnoj službi u usporedbi s nacionalnom distribucijom (omjer),Odnos,Žene,Svi dobni rasponi ili nema podjele po godinama,SENIORMAN,0.29
