Year,SERIES,UNIT_MEASURE,Spol,Godine,OCCUPATION,Value
2020,Omjeri pozicija u javnoj službi u usporedbi s nacionalnom distribucijom (omjer),Odnos,Žene,,ADMINPRO,0.99
2020,Omjeri pozicija u javnoj službi u usporedbi s nacionalnom distribucijom (omjer),Odnos,Žene,,ASSOCPRO,0.91
2020,Omjeri pozicija u javnoj službi u usporedbi s nacionalnom distribucijom (omjer),Odnos,Žene,,GENERAL,1.19
2020,Omjeri pozicija u javnoj službi u usporedbi s nacionalnom distribucijom (omjer),Odnos,Žene,,OTHERMAN,0.8
2020,Omjeri pozicija u javnoj službi u usporedbi s nacionalnom distribucijom (omjer),Odnos,Žene,,SENIORMAN,0.29
