Year,SERIES,Godine,COMPOSITE_BREAKDOWN,Spol,Zanimanje,UNIT_MEASURE,Value
2020,Omjeri pozicija u javnoj službi u usporedbi s nacionalnom distribucijom (omjer),Svi dobni rasponi ili nema podjele po godinama,,Žene,Administrativni stručnjaci,Odnos,0.99
2020,Omjeri pozicija u javnoj službi u usporedbi s nacionalnom distribucijom (omjer),Svi dobni rasponi ili nema podjele po godinama,,Žene,Poslovni i administrativni suradnici,Odnos,0.91
2020,Omjeri pozicija u javnoj službi u usporedbi s nacionalnom distribucijom (omjer),Svi dobni rasponi ili nema podjele po godinama,,Žene,Opći službenici i sekretarice,Odnos,1.19
2020,Omjeri pozicija u javnoj službi u usporedbi s nacionalnom distribucijom (omjer),Svi dobni rasponi ili nema podjele po godinama,,Žene,Ostali menadžeri: generalni direktori i izvršni direktori i menadžeri za poslovne usluge i administraciju,Odnos,0.8
2020,Omjeri pozicija u javnoj službi u usporedbi s nacionalnom distribucijom (omjer),Svi dobni rasponi ili nema podjele po godinama,,Žene,Viši menadžeri: viši državni službenici,Odnos,0.29
2020,Omjeri pozicija u javnoj službi u usporedbi s nacionalnom distribucijom (omjer),<35Y,,Oba spola ili bez podjele po spolu,"Ukupno osoblje javne službe na nacionalnoj razini (uključujući policiju, obrazovanje, zdravstvo, administrativno osoblje na recepciji i sve ostalo osoblje javne službe)",Odnos,0.44
2020,Omjeri pozicija u javnoj službi u usporedbi s nacionalnom distribucijom (omjer),Svi dobni rasponi ili nema podjele po godinama,,Žene,"Ukupno osoblje javne službe na nacionalnoj razini (uključujući policiju, obrazovanje, zdravstvo, administrativno osoblje na recepciji i sve ostalo osoblje javne službe)",Odnos,1.11
