Year,SERIES,UNIT_MEASURE,Value
2005,"Zemlje s nacionalnim institucijama za ljudska prava sukladno Pariškim principima, A status (1 = DA; 0 = NE)",Broj,1.0
2010,"Zemlje s nacionalnim institucijama za ljudska prava sukladno Pariškim principima, A status (1 = DA; 0 = NE)",Broj,1.0
2015,"Zemlje s nacionalnim institucijama za ljudska prava sukladno Pariškim principima, A status (1 = DA; 0 = NE)",Broj,1.0
2016,"Zemlje s nacionalnim institucijama za ljudska prava sukladno Pariškim principima, A status (1 = DA; 0 = NE)",Broj,1.0
2017,"Zemlje s nacionalnim institucijama za ljudska prava sukladno Pariškim principima, A status (1 = DA; 0 = NE)",Broj,1.0
2018,"Zemlje s nacionalnim institucijama za ljudska prava sukladno Pariškim principima, A status (1 = DA; 0 = NE)",Broj,1.0
2019,"Zemlje s nacionalnim institucijama za ljudska prava sukladno Pariškim principima, A status (1 = DA; 0 = NE)",Broj,1.0
2020,"Zemlje s nacionalnim institucijama za ljudska prava sukladno Pariškim principima, A status (1 = DA; 0 = NE)",Broj,1.0
2000,"Zemlje s nacionalnim institucijama za ljudska prava sukladno Pariškim principima, D status (1 = DA; 0 = NE)",Broj,
