Year,SERIES,UNIT_MEASURE,Value
2015,Vrijednost u dolarima svih resursa dostupnih za jačanje statističkih kapaciteta u zemljama u razvitku,CU_USD,1503906
2016,Vrijednost u dolarima svih resursa dostupnih za jačanje statističkih kapaciteta u zemljama u razvitku,CU_USD,1705836
2017,Vrijednost u dolarima svih resursa dostupnih za jačanje statističkih kapaciteta u zemljama u razvitku,CU_USD,2394915
2018,Vrijednost u dolarima svih resursa dostupnih za jačanje statističkih kapaciteta u zemljama u razvitku,CU_USD,1090551
2019,Vrijednost u dolarima svih resursa dostupnih za jačanje statističkih kapaciteta u zemljama u razvitku,CU_USD,2545063
2020,Vrijednost u dolarima svih resursa dostupnih za jačanje statističkih kapaciteta u zemljama u razvitku,CU_USD,1109141
