Year,SERIES,UNIT_MEASURE,Value
2000,Saldo tekućeg računa kao udio BDP-a (%),Postotak,-7.10726
2005,Saldo tekućeg računa kao udio BDP-a (%),Postotak,-16.43416
2010,Saldo tekućeg računa kao udio BDP-a (%),Postotak,-6.0003
2011,Saldo tekućeg računa kao udio BDP-a (%),Postotak,-9.47895
2012,Saldo tekućeg računa kao udio BDP-a (%),Postotak,-8.62589
2013,Saldo tekućeg računa kao udio BDP-a (%),Postotak,-5.32604
2014,Saldo tekućeg računa kao udio BDP-a (%),Postotak,-7.35101
2015,Saldo tekućeg računa kao udio BDP-a (%),Postotak,-5.09529
2016,Saldo tekućeg računa kao udio BDP-a (%),Postotak,-4.75523
2017,Saldo tekućeg računa kao udio BDP-a (%),Postotak,-4.84387
2018,Saldo tekućeg računa kao udio BDP-a (%),Postotak,-3.27874
2019,Saldo tekućeg računa kao udio BDP-a (%),Postotak,-2.63293
2020,Saldo tekućeg računa kao udio BDP-a (%),Postotak,-3.30118
2021,Saldo tekućeg računa kao udio BDP-a (%),Postotak,-2.38767
2000,"Portfeljna ulaganja, neto (platna bilanca, trenutni američki dolari)",(nominalni američki dolari),0.0
2005,"Portfeljna ulaganja, neto (platna bilanca, trenutni američki dolari)",(nominalni američki dolari),-2566375.55372
2010,"Portfeljna ulaganja, neto (platna bilanca, trenutni američki dolari)",(nominalni američki dolari),121005146.35935
2011,"Portfeljna ulaganja, neto (platna bilanca, trenutni američki dolari)",(nominalni američki dolari),34933677.17534
2012,"Portfeljna ulaganja, neto (platna bilanca, trenutni američki dolari)",(nominalni američki dolari),12622204.86398
2013,"Portfeljna ulaganja, neto (platna bilanca, trenutni američki dolari)",(nominalni američki dolari),98103926.62533
2014,"Portfeljna ulaganja, neto (platna bilanca, trenutni američki dolari)",(nominalni američki dolari),69960410.4021
2015,"Portfeljna ulaganja, neto (platna bilanca, trenutni američki dolari)",(nominalni američki dolari),61636693.7991
2016,"Portfeljna ulaganja, neto (platna bilanca, trenutni američki dolari)",(nominalni američki dolari),94816416.2217
2017,"Portfeljna ulaganja, neto (platna bilanca, trenutni američki dolari)",(nominalni američki dolari),89476552.73999
2018,"Portfeljna ulaganja, neto (platna bilanca, trenutni američki dolari)",(nominalni američki dolari),149838740.93335
2019,"Portfeljna ulaganja, neto (platna bilanca, trenutni američki dolari)",(nominalni američki dolari),123009925.55627
2020,"Portfeljna ulaganja, neto (platna bilanca, trenutni američki dolari)",(nominalni američki dolari),7135294.99267
2021,"Portfeljna ulaganja, neto (platna bilanca, trenutni američki dolari)",(nominalni američki dolari),44071127.11991
2000,"Izravna strana ulaganja, neto priljevi, kao udio u BDP-u (%)",Postotak,2.62376
2005,"Izravna strana ulaganja, neto priljevi, kao udio u BDP-u (%)",Postotak,5.55837
2010,"Izravna strana ulaganja, neto priljevi, kao udio u BDP-u (%)",Postotak,2.58395
2011,"Izravna strana ulaganja, neto priljevi, kao udio u BDP-u (%)",Postotak,2.52946
2012,"Izravna strana ulaganja, neto priljevi, kao udio u BDP-u (%)",Postotak,2.27538
2013,"Izravna strana ulaganja, neto priljevi, kao udio u BDP-u (%)",Postotak,1.72344
2014,"Izravna strana ulaganja, neto priljevi, kao udio u BDP-u (%)",Postotak,2.93596
2015,"Izravna strana ulaganja, neto priljevi, kao udio u BDP-u (%)",Postotak,2.36307
2016,"Izravna strana ulaganja, neto priljevi, kao udio u BDP-u (%)",Postotak,1.85178
2017,"Izravna strana ulaganja, neto priljevi, kao udio u BDP-u (%)",Postotak,2.81762
2018,"Izravna strana ulaganja, neto priljevi, kao udio u BDP-u (%)",Postotak,2.98156
2019,"Izravna strana ulaganja, neto priljevi, kao udio u BDP-u (%)",Postotak,2.21693
2020,"Izravna strana ulaganja, neto priljevi, kao udio u BDP-u (%)",Postotak,2.17044
2021,"Izravna strana ulaganja, neto priljevi, kao udio u BDP-u (%)",Postotak,2.73208
2000,Stanje vanjskog duga kao udio BND-a (%),Postotak,45.78598
2005,Stanje vanjskog duga kao udio BND-a (%),Postotak,59.94089
2010,Stanje vanjskog duga kao udio BND-a (%),Postotak,81.85679
2011,Stanje vanjskog duga kao udio BND-a (%),Postotak,65.68403
2012,Stanje vanjskog duga kao udio BND-a (%),Postotak,74.89242
2013,Stanje vanjskog duga kao udio BND-a (%),Postotak,74.83313
2014,Stanje vanjskog duga kao udio BND-a (%),Postotak,69.91181
2015,Stanje vanjskog duga kao udio BND-a (%),Postotak,71.11965
2016,Stanje vanjskog duga kao udio BND-a (%),Postotak,68.67041
2017,Stanje vanjskog duga kao udio BND-a (%),Postotak,72.67407
2018,Stanje vanjskog duga kao udio BND-a (%),Postotak,64.4861
2019,Stanje vanjskog duga kao udio BND-a (%),Postotak,63.08652
2020,Stanje vanjskog duga kao udio BND-a (%),Postotak,70.09029
2021,Stanje vanjskog duga kao udio BND-a (%),Postotak,58.07773
2000,Omjer kapitala banke i imovine (%),Postotak,20.43923
2005,Omjer kapitala banke i imovine (%),Postotak,9.72961
2010,Omjer kapitala banke i imovine (%),Postotak,10.27702
2011,Omjer kapitala banke i imovine (%),Postotak,10.61361
2012,Omjer kapitala banke i imovine (%),Postotak,10.93375
2013,Omjer kapitala banke i imovine (%),Postotak,11.53761
2014,Omjer kapitala banke i imovine (%),Postotak,10.66636
2015,Omjer kapitala banke i imovine (%),Postotak,10.07751
2016,Omjer kapitala banke i imovine (%),Postotak,10.86116
2017,Omjer kapitala banke i imovine (%),Postotak,10.67599
2018,Omjer kapitala banke i imovine (%),Postotak,10.43046
2019,Omjer kapitala banke i imovine (%),Postotak,10.51084
2020,Omjer kapitala banke i imovine (%),Postotak,10.18703
2021,Omjer kapitala banke i imovine (%),Postotak,9.97462
2000,Ukupne rezerve u mjesecima uvoza (omjer),Odnos,1.40762
2005,Ukupne rezerve u mjesecima uvoza (omjer),Odnos,3.77303
2010,Ukupne rezerve u mjesecima uvoza (omjer),Odnos,5.80977
2011,Ukupne rezerve u mjesecima uvoza (omjer),Odnos,4.66279
2012,Ukupne rezerve u mjesecima uvoza (omjer),Odnos,5.24679
2013,Ukupne rezerve u mjesecima uvoza (omjer),Odnos,5.86502
2014,Ukupne rezerve u mjesecima uvoza (omjer),Odnos,5.29764
2015,Ukupne rezerve u mjesecima uvoza (omjer),Odnos,6.2913
2016,Ukupne rezerve u mjesecima uvoza (omjer),Odnos,6.51276
2017,Ukupne rezerve u mjesecima uvoza (omjer),Odnos,7.00829
2018,Ukupne rezerve u mjesecima uvoza (omjer),Odnos,6.64613
2019,Ukupne rezerve u mjesecima uvoza (omjer),Odnos,7.283
2020,Ukupne rezerve u mjesecima uvoza (omjer),Odnos,10.09293
2021,Ukupne rezerve u mjesecima uvoza (omjer),Odnos,8.30966
2000,Omjer ukupnog novca i ukupnih pričuva,Odnos,2.45427
2005,Omjer ukupnog novca i ukupnih pričuva,Odnos,2.01543
2010,Omjer ukupnog novca i ukupnih pričuva,Odnos,2.09199
2011,Omjer ukupnog novca i ukupnih pričuva,Odnos,2.4126
2012,Omjer ukupnog novca i ukupnih pričuva,Odnos,2.23118
2013,Omjer ukupnog novca i ukupnih pričuva,Odnos,2.19201
2014,Omjer ukupnog novca i ukupnih pričuva,Odnos,2.41021
2015,Omjer ukupnog novca i ukupnih pričuva,Odnos,2.20706
2016,Omjer ukupnog novca i ukupnih pričuva,Odnos,2.22398
2017,Omjer ukupnog novca i ukupnih pričuva,Odnos,1.9686
2018,Omjer ukupnog novca i ukupnih pričuva,Odnos,2.1443
2019,Omjer ukupnog novca i ukupnih pričuva,Odnos,2.09113
2020,Omjer ukupnog novca i ukupnih pričuva,Odnos,1.88955
2000,Godišnji rast općeg novca (%),Postotak,11.2504
2005,Godišnji rast općeg novca (%),Postotak,18.20266
2010,Godišnji rast općeg novca (%),Postotak,7.22357
2011,Godišnji rast općeg novca (%),Postotak,5.79893
2012,Godišnji rast općeg novca (%),Postotak,3.41481
2013,Godišnji rast općeg novca (%),Postotak,7.94042
2014,Godišnji rast općeg novca (%),Postotak,7.30324
2015,Godišnji rast općeg novca (%),Postotak,7.98119
2016,Godišnji rast općeg novca (%),Postotak,8.31412
2017,Godišnji rast općeg novca (%),Postotak,9.49983
2018,Godišnji rast općeg novca (%),Postotak,9.38125
2019,Godišnji rast općeg novca (%),Postotak,8.85292
2020,Godišnji rast općeg novca (%),Postotak,7.27725
2010,"Godišnja inflacija, potrošačke cijene (%)",Postotak,1.99621
2011,"Godišnja inflacija, potrošačke cijene (%)",Postotak,3.67125
2012,"Godišnja inflacija, potrošačke cijene (%)",Postotak,2.05267
2013,"Godišnja inflacija, potrošačke cijene (%)",Postotak,-0.09305
2014,"Godišnja inflacija, potrošačke cijene (%)",Postotak,-0.89719
2015,"Godišnja inflacija, potrošačke cijene (%)",Postotak,-1.03602
2016,"Godišnja inflacija, potrošačke cijene (%)",Postotak,-1.5841
2017,"Godišnja inflacija, potrošačke cijene (%)",Postotak,0.81013
2018,"Godišnja inflacija, potrošačke cijene (%)",Postotak,1.41711
2019,"Godišnja inflacija, potrošačke cijene (%)",Postotak,0.56278
2020,"Godišnja inflacija, potrošačke cijene (%)",Postotak,-1.0513
2021,"Godišnja inflacija, potrošačke cijene (%)",Postotak,1.98164
2005,Višak/manjak gotovine kao udio BDP-a (%),Postotak,2.00802
2010,Višak/manjak gotovine kao udio BDP-a (%),Postotak,-2.18914
2011,Višak/manjak gotovine kao udio BDP-a (%),Postotak,-1.14359
2012,Višak/manjak gotovine kao udio BDP-a (%),Postotak,-1.61232
2013,Višak/manjak gotovine kao udio BDP-a (%),Postotak,-2.07742
2014,Višak/manjak gotovine kao udio BDP-a (%),Postotak,-4.02826
2015,Višak/manjak gotovine kao udio BDP-a (%),Postotak,0.36477
2016,Višak/manjak gotovine kao udio BDP-a (%),Postotak,1.07578
2017,Višak/manjak gotovine kao udio BDP-a (%),Postotak,2.60142
2018,Višak/manjak gotovine kao udio BDP-a (%),Postotak,2.04599
2019,Višak/manjak gotovine kao udio BDP-a (%),Postotak,1.77603
2020,Višak/manjak gotovine kao udio BDP-a (%),Postotak,-4.84436
2005,Porezni prihod kao udio BDP-a (%),Postotak,19.88609
2010,Porezni prihod kao udio BDP-a (%),Postotak,19.68568
2011,Porezni prihod kao udio BDP-a (%),Postotak,20.30567
2012,Porezni prihod kao udio BDP-a (%),Postotak,20.47754
2013,Porezni prihod kao udio BDP-a (%),Postotak,19.75154
2014,Porezni prihod kao udio BDP-a (%),Postotak,19.7779
2015,Porezni prihod kao udio BDP-a (%),Postotak,19.93422
2016,Porezni prihod kao udio BDP-a (%),Postotak,19.95149
2017,Porezni prihod kao udio BDP-a (%),Postotak,20.25934
2018,Porezni prihod kao udio BDP-a (%),Postotak,20.44075
2019,Porezni prihod kao udio BDP-a (%),Postotak,20.10135
2020,Porezni prihod kao udio BDP-a (%),Postotak,19.00931
2005,Godišnji rast izdataka za konačnu potrošnju opće države (%),Postotak,1.59307
2010,Godišnji rast izdataka za konačnu potrošnju opće države (%),Postotak,1.67511
2011,Godišnji rast izdataka za konačnu potrošnju opće države (%),Postotak,-0.89846
2012,Godišnji rast izdataka za konačnu potrošnju opće države (%),Postotak,1.22055
2013,Godišnji rast izdataka za konačnu potrošnju opće države (%),Postotak,-0.20575
2014,Godišnji rast izdataka za konačnu potrošnju opće države (%),Postotak,1.49262
2015,Godišnji rast izdataka za konačnu potrošnju opće države (%),Postotak,0.06333
2016,Godišnji rast izdataka za konačnu potrošnju opće države (%),Postotak,0.02122
2017,Godišnji rast izdataka za konačnu potrošnju opće države (%),Postotak,1.43518
2018,Godišnji rast izdataka za konačnu potrošnju opće države (%),Postotak,1.00074
2019,Godišnji rast izdataka za konačnu potrošnju opće države (%),Postotak,0.7438
2020,Godišnji rast izdataka za konačnu potrošnju opće države (%),Postotak,1.43173
2021,Godišnji rast izdataka za konačnu potrošnju opće države (%),Postotak,3.11844
2005,Godišnji rast izdataka za konačnu potrošnju kućanstava i NPISH (%),Postotak,4.84107
2010,Godišnji rast izdataka za konačnu potrošnju kućanstava i NPISH (%),Postotak,0.09176
2011,Godišnji rast izdataka za konačnu potrošnju kućanstava i NPISH (%),Postotak,-0.15862
2012,Godišnji rast izdataka za konačnu potrošnju kućanstava i NPISH (%),Postotak,-0.65288
2013,Godišnji rast izdataka za konačnu potrošnju kućanstava i NPISH (%),Postotak,0.0509
2014,Godišnji rast izdataka za konačnu potrošnju kućanstava i NPISH (%),Postotak,1.92101
2015,Godišnji rast izdataka za konačnu potrošnju kućanstava i NPISH (%),Postotak,1.60808
2016,Godišnji rast izdataka za konačnu potrošnju kućanstava i NPISH (%),Postotak,2.20181
2017,Godišnji rast izdataka za konačnu potrošnju kućanstava i NPISH (%),Postotak,1.09859
2018,Godišnji rast izdataka za konačnu potrošnju kućanstava i NPISH (%),Postotak,1.96691
2019,Godišnji rast izdataka za konačnu potrošnju kućanstava i NPISH (%),Postotak,2.27595
