Year,SERIES,UNIT_MEASURE,Godine,Spol,Value
2000,SH_ALC_CONSPT,Litri,15 godina i više,Oba spola ili bez podjele po spolu,6.40991
2005,SH_ALC_CONSPT,Litri,15 godina i više,Oba spola ili bez podjele po spolu,7.23051
2010,SH_ALC_CONSPT,Litri,15 godina i više,Oba spola ili bez podjele po spolu,7.3571
2015,SH_ALC_CONSPT,Litri,15 godina i više,Oba spola ili bez podjele po spolu,7.15682
2019,SH_ALC_CONSPT,Litri,15 godina i više,Oba spola ili bez podjele po spolu,7.81442
2000,SH_ALC_CONSPT,Litri,15 godina i više,Žene,2.43374
2005,SH_ALC_CONSPT,Litri,15 godina i više,Žene,2.76449
2010,SH_ALC_CONSPT,Litri,15 godina i više,Žene,2.81891
2015,SH_ALC_CONSPT,Litri,15 godina i više,Žene,2.71533
2019,SH_ALC_CONSPT,Litri,15 godina i više,Žene,2.96409
2000,SH_ALC_CONSPT,Litri,15 godina i više,Muškarci,10.6307
2005,SH_ALC_CONSPT,Litri,15 godina i više,Muškarci,11.95169
2010,SH_ALC_CONSPT,Litri,15 godina i više,Muškarci,12.14748
2015,SH_ALC_CONSPT,Litri,15 godina i više,Muškarci,11.84665
2019,SH_ALC_CONSPT,Litri,15 godina i više,Muškarci,12.94549
