Year,SERIES,UNIT_MEASURE,Value
2019,Stopa mortaliteta koja se pripisuje zagađenju okolnog zraka,PER_100000_POP,55.0
2019,Stopa smrtnosti koja se pripisuje zagađenjem zraka kućanstava,PER_100000_POP,72.0
2019,Starosno standardizirana stopa smrtnosti koja se pripisuje zagađenju kućanstva i okolnog zraka (umrli na 100 000 stanovnika),PER_100000_POP,114.0
2016,Stopa sirovog mortaliteta koja se pripisuje zagađenju okolnog zraka,PER_100000_POP,
2016,Sirova stopa smrtnosti koja se pripisuje zagađenjem zraka kućanstava,PER_100000_POP,
2016,Stopa smrtnosti koja se pripisuje zagađenju kućanstva i okolnog zraka,PER_100000_POP,
