Year,SERIES,UNIT_MEASURE,Value
2000,"Ukupna zvanična razvojna pomoć medicinskim istraživanjima i osnovnim zdravstvenim sektorima, bruto isplata, prema zemljama primaocima (milioni američkih dolara konstanta 2019.)",Američki dolar,9.08736
2001,"Ukupna zvanična razvojna pomoć medicinskim istraživanjima i osnovnim zdravstvenim sektorima, bruto isplata, prema zemljama primaocima (milioni američkih dolara konstanta 2019.)",Američki dolar,5.4217
2002,"Ukupna zvanična razvojna pomoć medicinskim istraživanjima i osnovnim zdravstvenim sektorima, bruto isplata, prema zemljama primaocima (milioni američkih dolara konstanta 2019.)",Američki dolar,5.51349
2003,"Ukupna zvanična razvojna pomoć medicinskim istraživanjima i osnovnim zdravstvenim sektorima, bruto isplata, prema zemljama primaocima (milioni američkih dolara konstanta 2019.)",Američki dolar,9.48565
2004,"Ukupna zvanična razvojna pomoć medicinskim istraživanjima i osnovnim zdravstvenim sektorima, bruto isplata, prema zemljama primaocima (milioni američkih dolara konstanta 2019.)",Američki dolar,4.58668
2005,"Ukupna zvanična razvojna pomoć medicinskim istraživanjima i osnovnim zdravstvenim sektorima, bruto isplata, prema zemljama primaocima (milioni američkih dolara konstanta 2019.)",Američki dolar,4.99766
2006,"Ukupna zvanična razvojna pomoć medicinskim istraživanjima i osnovnim zdravstvenim sektorima, bruto isplata, prema zemljama primaocima (milioni američkih dolara konstanta 2019.)",Američki dolar,17.4274
2007,"Ukupna zvanična razvojna pomoć medicinskim istraživanjima i osnovnim zdravstvenim sektorima, bruto isplata, prema zemljama primaocima (milioni američkih dolara konstanta 2019.)",Američki dolar,10.9566
2008,"Ukupna zvanična razvojna pomoć medicinskim istraživanjima i osnovnim zdravstvenim sektorima, bruto isplata, prema zemljama primaocima (milioni američkih dolara konstanta 2019.)",Američki dolar,7.03404
2009,"Ukupna zvanična razvojna pomoć medicinskim istraživanjima i osnovnim zdravstvenim sektorima, bruto isplata, prema zemljama primaocima (milioni američkih dolara konstanta 2019.)",Američki dolar,2.58064
2010,"Ukupna zvanična razvojna pomoć medicinskim istraživanjima i osnovnim zdravstvenim sektorima, bruto isplata, prema zemljama primaocima (milioni američkih dolara konstanta 2019.)",Američki dolar,7.81804
2011,"Ukupna zvanična razvojna pomoć medicinskim istraživanjima i osnovnim zdravstvenim sektorima, bruto isplata, prema zemljama primaocima (milioni američkih dolara konstanta 2019.)",Američki dolar,6.13396
2012,"Ukupna zvanična razvojna pomoć medicinskim istraživanjima i osnovnim zdravstvenim sektorima, bruto isplata, prema zemljama primaocima (milioni američkih dolara konstanta 2019.)",Američki dolar,6.7453
2013,"Ukupna zvanična razvojna pomoć medicinskim istraživanjima i osnovnim zdravstvenim sektorima, bruto isplata, prema zemljama primaocima (milioni američkih dolara konstanta 2019.)",Američki dolar,5.6511
2014,"Ukupna zvanična razvojna pomoć medicinskim istraživanjima i osnovnim zdravstvenim sektorima, bruto isplata, prema zemljama primaocima (milioni američkih dolara konstanta 2019.)",Američki dolar,11.1682
2015,"Ukupna zvanična razvojna pomoć medicinskim istraživanjima i osnovnim zdravstvenim sektorima, bruto isplata, prema zemljama primaocima (milioni američkih dolara konstanta 2019.)",Američki dolar,5.29493
2016,"Ukupna zvanična razvojna pomoć medicinskim istraživanjima i osnovnim zdravstvenim sektorima, bruto isplata, prema zemljama primaocima (milioni američkih dolara konstanta 2019.)",Američki dolar,38.0789
2017,"Ukupna zvanična razvojna pomoć medicinskim istraživanjima i osnovnim zdravstvenim sektorima, bruto isplata, prema zemljama primaocima (milioni američkih dolara konstanta 2019.)",Američki dolar,36.2081
2018,"Ukupna zvanična razvojna pomoć medicinskim istraživanjima i osnovnim zdravstvenim sektorima, bruto isplata, prema zemljama primaocima (milioni američkih dolara konstanta 2019.)",Američki dolar,13.1018
2019,"Ukupna zvanična razvojna pomoć medicinskim istraživanjima i osnovnim zdravstvenim sektorima, bruto isplata, prema zemljama primaocima (milioni američkih dolara konstanta 2019.)",Američki dolar,8.61702
2020,"Ukupna zvanična razvojna pomoć medicinskim istraživanjima i osnovnim zdravstvenim sektorima, bruto isplata, prema zemljama primaocima (milioni američkih dolara konstanta 2019.)",Američki dolar,14.6164
2010,"Ukupna službena razvojna pomoć medicinskim istraživanjima i osnovnim zdravstvenim sektorima, neto isplata, po zemljama primaocima (milioni američkih dolara konstanta 2019.)",Američki dolar,7.76131
2011,"Ukupna službena razvojna pomoć medicinskim istraživanjima i osnovnim zdravstvenim sektorima, neto isplata, po zemljama primaocima (milioni američkih dolara konstanta 2019.)",Američki dolar,6.07939
2012,"Ukupna službena razvojna pomoć medicinskim istraživanjima i osnovnim zdravstvenim sektorima, neto isplata, po zemljama primaocima (milioni američkih dolara konstanta 2019.)",Američki dolar,6.6857
2013,"Ukupna službena razvojna pomoć medicinskim istraživanjima i osnovnim zdravstvenim sektorima, neto isplata, po zemljama primaocima (milioni američkih dolara konstanta 2019.)",Američki dolar,5.31045
2014,"Ukupna službena razvojna pomoć medicinskim istraživanjima i osnovnim zdravstvenim sektorima, neto isplata, po zemljama primaocima (milioni američkih dolara konstanta 2019.)",Američki dolar,10.4097
2015,"Ukupna službena razvojna pomoć medicinskim istraživanjima i osnovnim zdravstvenim sektorima, neto isplata, po zemljama primaocima (milioni američkih dolara konstanta 2019.)",Američki dolar,4.37475
2016,"Ukupna službena razvojna pomoć medicinskim istraživanjima i osnovnim zdravstvenim sektorima, neto isplata, po zemljama primaocima (milioni američkih dolara konstanta 2019.)",Američki dolar,36.3256
2017,"Ukupna službena razvojna pomoć medicinskim istraživanjima i osnovnim zdravstvenim sektorima, neto isplata, po zemljama primaocima (milioni američkih dolara konstanta 2019.)",Američki dolar,33.9038
2018,"Ukupna službena razvojna pomoć medicinskim istraživanjima i osnovnim zdravstvenim sektorima, neto isplata, po zemljama primaocima (milioni američkih dolara konstanta 2019.)",Američki dolar,9.99989
2019,"Ukupna službena razvojna pomoć medicinskim istraživanjima i osnovnim zdravstvenim sektorima, neto isplata, po zemljama primaocima (milioni američkih dolara konstanta 2019.)",Američki dolar,5.45266
2020,"Ukupna službena razvojna pomoć medicinskim istraživanjima i osnovnim zdravstvenim sektorima, neto isplata, po zemljama primaocima (milioni američkih dolara konstanta 2019.)",Američki dolar,10.1759
