Year,SERIES,UNIT_MEASURE,Value
2000,"Ukupna zvanična razvojna pomoć medicinskim istraživanjima i osnovnim zdravstvenim sektorima, bruto isplata, prema zemljama primaocima (milioni američkih dolara konstanta 2019.)",Američki dolar,9.0118
2001,"Ukupna zvanična razvojna pomoć medicinskim istraživanjima i osnovnim zdravstvenim sektorima, bruto isplata, prema zemljama primaocima (milioni američkih dolara konstanta 2019.)",Američki dolar,5.34383
2002,"Ukupna zvanična razvojna pomoć medicinskim istraživanjima i osnovnim zdravstvenim sektorima, bruto isplata, prema zemljama primaocima (milioni američkih dolara konstanta 2019.)",Američki dolar,5.43791
2003,"Ukupna zvanična razvojna pomoć medicinskim istraživanjima i osnovnim zdravstvenim sektorima, bruto isplata, prema zemljama primaocima (milioni američkih dolara konstanta 2019.)",Američki dolar,9.14858
2004,"Ukupna zvanična razvojna pomoć medicinskim istraživanjima i osnovnim zdravstvenim sektorima, bruto isplata, prema zemljama primaocima (milioni američkih dolara konstanta 2019.)",Američki dolar,4.57769
2005,"Ukupna zvanična razvojna pomoć medicinskim istraživanjima i osnovnim zdravstvenim sektorima, bruto isplata, prema zemljama primaocima (milioni američkih dolara konstanta 2019.)",Američki dolar,4.83248
2006,"Ukupna zvanična razvojna pomoć medicinskim istraživanjima i osnovnim zdravstvenim sektorima, bruto isplata, prema zemljama primaocima (milioni američkih dolara konstanta 2019.)",Američki dolar,18.16482
2007,"Ukupna zvanična razvojna pomoć medicinskim istraživanjima i osnovnim zdravstvenim sektorima, bruto isplata, prema zemljama primaocima (milioni američkih dolara konstanta 2019.)",Američki dolar,11.42505
2008,"Ukupna zvanična razvojna pomoć medicinskim istraživanjima i osnovnim zdravstvenim sektorima, bruto isplata, prema zemljama primaocima (milioni američkih dolara konstanta 2019.)",Američki dolar,6.98618
2009,"Ukupna zvanična razvojna pomoć medicinskim istraživanjima i osnovnim zdravstvenim sektorima, bruto isplata, prema zemljama primaocima (milioni američkih dolara konstanta 2019.)",Američki dolar,2.61981
2010,"Ukupna zvanična razvojna pomoć medicinskim istraživanjima i osnovnim zdravstvenim sektorima, bruto isplata, prema zemljama primaocima (milioni američkih dolara konstanta 2019.)",Američki dolar,7.80168
2011,"Ukupna zvanična razvojna pomoć medicinskim istraživanjima i osnovnim zdravstvenim sektorima, bruto isplata, prema zemljama primaocima (milioni američkih dolara konstanta 2019.)",Američki dolar,6.04845
2012,"Ukupna zvanična razvojna pomoć medicinskim istraživanjima i osnovnim zdravstvenim sektorima, bruto isplata, prema zemljama primaocima (milioni američkih dolara konstanta 2019.)",Američki dolar,6.62092
2013,"Ukupna zvanična razvojna pomoć medicinskim istraživanjima i osnovnim zdravstvenim sektorima, bruto isplata, prema zemljama primaocima (milioni američkih dolara konstanta 2019.)",Američki dolar,5.5622
2014,"Ukupna zvanična razvojna pomoć medicinskim istraživanjima i osnovnim zdravstvenim sektorima, bruto isplata, prema zemljama primaocima (milioni američkih dolara konstanta 2019.)",Američki dolar,10.99833
2015,"Ukupna zvanična razvojna pomoć medicinskim istraživanjima i osnovnim zdravstvenim sektorima, bruto isplata, prema zemljama primaocima (milioni američkih dolara konstanta 2019.)",Američki dolar,5.19602
2016,"Ukupna zvanična razvojna pomoć medicinskim istraživanjima i osnovnim zdravstvenim sektorima, bruto isplata, prema zemljama primaocima (milioni američkih dolara konstanta 2019.)",Američki dolar,37.98346
2017,"Ukupna zvanična razvojna pomoć medicinskim istraživanjima i osnovnim zdravstvenim sektorima, bruto isplata, prema zemljama primaocima (milioni američkih dolara konstanta 2019.)",Američki dolar,36.07086
2018,"Ukupna zvanična razvojna pomoć medicinskim istraživanjima i osnovnim zdravstvenim sektorima, bruto isplata, prema zemljama primaocima (milioni američkih dolara konstanta 2019.)",Američki dolar,13.08596
