Year,SERIES,UNIT_MEASURE,Razina obrazovanja,Spol,COMPOSITE_BREAKDOWN,Value
2018,Udio djece i mladih koja postižu najmanju minimalnu razinu dostignuća u čitanju i  matematici,PT,Niže srednje obrazovanje,Oba spola ili bez podjele po spolu,Matematika,42.44
2018,Udio djece i mladih koja postižu najmanju minimalnu razinu dostignuća u čitanju i  matematici,PT,Niže srednje obrazovanje,Oba spola ili bez podjele po spolu,Čitanje,46.32
2018,Udio djece i mladih koja postižu najmanju minimalnu razinu dostignuća u čitanju i  matematici,PT,Niže srednje obrazovanje,Muškarci,Čitanje,38.29
2018,Udio djece i mladih koja postižu najmanju minimalnu razinu dostignuća u čitanju i  matematici,PT,Niže srednje obrazovanje,Žene,Čitanje,54.77
2019,Udio djece i mladih koja postižu najmanju minimalnu razinu dostignuća u čitanju i  matematici,PT,Osnovno obrazovanje,Žene,Matematika,36.47
2019,Udio djece i mladih koja postižu najmanju minimalnu razinu dostignuća u čitanju i  matematici,PT,Osnovno obrazovanje,Muškarci,Matematika,42.57
2019,Udio djece i mladih koja postižu najmanju minimalnu razinu dostignuća u čitanju i  matematici,PT,Osnovno obrazovanje,Oba spola ili bez podjele po spolu,Matematika,39.55
