Year,SERIES,UNIT_MEASURE,Spol,Value
2019,"Stopa učešća u organiziranom učenju (godinu dana prije službenog osnovnog uzrasta), prema spolu (%)",PT,Oba spola ili bez podjele po spolu,27.52321
2020,"Stopa učešća u organiziranom učenju (godinu dana prije službenog osnovnog uzrasta), prema spolu (%)",PT,Oba spola ili bez podjele po spolu,29.34612
2021,"Stopa učešća u organiziranom učenju (godinu dana prije službenog osnovnog uzrasta), prema spolu (%)",PT,Oba spola ili bez podjele po spolu,29.17194
2019,"Stopa učešća u organiziranom učenju (godinu dana prije službenog osnovnog uzrasta), prema spolu (%)",PT,Žene,27.12233
2020,"Stopa učešća u organiziranom učenju (godinu dana prije službenog osnovnog uzrasta), prema spolu (%)",PT,Žene,28.59121
2021,"Stopa učešća u organiziranom učenju (godinu dana prije službenog osnovnog uzrasta), prema spolu (%)",PT,Žene,29.26378
2019,"Stopa učešća u organiziranom učenju (godinu dana prije službenog osnovnog uzrasta), prema spolu (%)",PT,Muškarci,27.90273
2020,"Stopa učešća u organiziranom učenju (godinu dana prije službenog osnovnog uzrasta), prema spolu (%)",PT,Muškarci,30.0612
2021,"Stopa učešća u organiziranom učenju (godinu dana prije službenog osnovnog uzrasta), prema spolu (%)",PT,Muškarci,29.08514
