Year,SERIES,UNIT_MEASURE,Value
2014,"Ukupni zvanični tokovi stipendija, prema zemljama primateljima (miliuni američkih dolara konstanta 2021.)",Američki dolar,2.058
2015,"Ukupni zvanični tokovi stipendija, prema zemljama primateljima (miliuni američkih dolara konstanta 2021.)",Američki dolar,2.363
2016,"Ukupni zvanični tokovi stipendija, prema zemljama primateljima (miliuni američkih dolara konstanta 2021.)",Američki dolar,1.8933
2017,"Ukupni zvanični tokovi stipendija, prema zemljama primateljima (miliuni američkih dolara konstanta 2021.)",Američki dolar,3.0453
2018,"Ukupni zvanični tokovi stipendija, prema zemljama primateljima (miliuni američkih dolara konstanta 2021.)",Američki dolar,4.3966
2019,"Ukupni zvanični tokovi stipendija, prema zemljama primateljima (miliuni američkih dolara konstanta 2021.)",Američki dolar,5.6153
2020,"Ukupni zvanični tokovi stipendija, prema zemljama primateljima (miliuni američkih dolara konstanta 2021.)",Američki dolar,3.6873
2021,"Ukupni zvanični tokovi stipendija, prema zemljama primateljima (miliuni američkih dolara konstanta 2021.)",Američki dolar,3.4715
