Year,SERIES,UNIT_MEASURE,Value
2022,"Pravni okviri koji promiču, provode i prate ravnopravnost spolova (postotak postignuća, 0 - 100) Oblast 1. sveobuhvatni pravni okviri i javni život",Postotak,100.0
2022,"Pravni okviri koji promiču, provode i prate ravnopravnost spolova (postotak postignuća, 0 - 100) Oblast 2. nasilje nad ženama",Postotak,77.78
2022,"Pravni okviri koji promiču, provode i prate ravnopravnost spolova (postotak postignuća, 0 - 100) Oblast 3. zapošljavanje i ekonomske koristi",Postotak,70.0
2022,"Pravni okviri koji promiču, provode i prate ravnopravnost spolova (postotak postignuća, 0 - 100) Oblast 4. brak i obitelj",Postotak,81.82
