Year,SERIES,UNIT_MEASURE,Stupanj urbanizacije,Value
2014,Udio stanovništva koji koristi usluge sigurnog upravljanja pitkom vodom,PT,Ukupno,89
2015,Udio stanovništva koji koristi usluge sigurnog upravljanja pitkom vodom,PT,Ukupno,89
2016,Udio stanovništva koji koristi usluge sigurnog upravljanja pitkom vodom,PT,Ukupno,89
2017,Udio stanovništva koji koristi usluge sigurnog upravljanja pitkom vodom,PT,Ukupno,89
2018,Udio stanovništva koji koristi usluge sigurnog upravljanja pitkom vodom,PT,Ukupno,89
2019,Udio stanovništva koji koristi usluge sigurnog upravljanja pitkom vodom,PT,Ukupno,89
2020,Udio stanovništva koji koristi usluge sigurnog upravljanja pitkom vodom,PT,Ukupno,88
2021,Udio stanovništva koji koristi usluge sigurnog upravljanja pitkom vodom,PT,Ukupno,88
