Year,SERIES,UNIT_MEASURE,Value
2017,Udio vodnih tijela sa dobrim kvalitetom ambijentalne vode,PT,5.79
2020,Udio vodnih tijela sa dobrim kvalitetom ambijentalne vode,PT,30.58
2017,Udio tijela podzemnih voda sa dobrim kvalitetom ambijentalne vode,PT,16.67
2020,Udio tijela podzemnih voda sa dobrim kvalitetom ambijentalne vode,PT,94.74
2017,Udio otvorenih vodnih tijela sa dobrim kvalitetom ambijentalne vode,PT,100.0
2020,Udio otvorenih vodnih tijela sa dobrim kvalitetom ambijentalne vode,PT,100.0
2017,Udio riječnih vodnih tijela sa dobrim kvalitetom ambijentalne vode,PT,4.89
2020,Udio riječnih vodnih tijela sa dobrim kvalitetom ambijentalne vode,PT,28.35
