Year,SERIES,UNIT_MEASURE,Stupanj urbanizacije,Value
2000,Udio stanovništva koji se prvenstveno oslanja na čista goriva i tehnologiju,Postotak,Ukupno,52
2000,Udio stanovništva koji se prvenstveno oslanja na čista goriva i tehnologiju,Postotak,Ruralno,32
2000,Udio stanovništva koji se prvenstveno oslanja na čista goriva i tehnologiju,Postotak,Urbano,80
2001,Udio stanovništva koji se prvenstveno oslanja na čista goriva i tehnologiju,Postotak,Ukupno,52
2001,Udio stanovništva koji se prvenstveno oslanja na čista goriva i tehnologiju,Postotak,Ruralno,31
2001,Udio stanovništva koji se prvenstveno oslanja na čista goriva i tehnologiju,Postotak,Urbano,79
2002,Udio stanovništva koji se prvenstveno oslanja na čista goriva i tehnologiju,Postotak,Ukupno,52
2002,Udio stanovništva koji se prvenstveno oslanja na čista goriva i tehnologiju,Postotak,Ruralno,30
2002,Udio stanovništva koji se prvenstveno oslanja na čista goriva i tehnologiju,Postotak,Urbano,78
2003,Udio stanovništva koji se prvenstveno oslanja na čista goriva i tehnologiju,Postotak,Ukupno,50
2003,Udio stanovništva koji se prvenstveno oslanja na čista goriva i tehnologiju,Postotak,Ruralno,29
2003,Udio stanovništva koji se prvenstveno oslanja na čista goriva i tehnologiju,Postotak,Urbano,77
2004,Udio stanovništva koji se prvenstveno oslanja na čista goriva i tehnologiju,Postotak,Ukupno,50
2004,Udio stanovništva koji se prvenstveno oslanja na čista goriva i tehnologiju,Postotak,Ruralno,27
2004,Udio stanovništva koji se prvenstveno oslanja na čista goriva i tehnologiju,Postotak,Urbano,66
2005,Udio stanovništva koji se prvenstveno oslanja na čista goriva i tehnologiju,Postotak,Ukupno,49
2005,Udio stanovništva koji se prvenstveno oslanja na čista goriva i tehnologiju,Postotak,Ruralno,26
2005,Udio stanovništva koji se prvenstveno oslanja na čista goriva i tehnologiju,Postotak,Urbano,76
2006,Udio stanovništva koji se prvenstveno oslanja na čista goriva i tehnologiju,Postotak,Ukupno,48
2006,Udio stanovništva koji se prvenstveno oslanja na čista goriva i tehnologiju,Postotak,Ruralno,25
2006,Udio stanovništva koji se prvenstveno oslanja na čista goriva i tehnologiju,Postotak,Urbano,74
2007,Udio stanovništva koji se prvenstveno oslanja na čista goriva i tehnologiju,Postotak,Ukupno,47
2007,Udio stanovništva koji se prvenstveno oslanja na čista goriva i tehnologiju,Postotak,Ruralno,24
2007,Udio stanovništva koji se prvenstveno oslanja na čista goriva i tehnologiju,Postotak,Urbano,73
2008,Udio stanovništva koji se prvenstveno oslanja na čista goriva i tehnologiju,Postotak,Ukupno,47
2008,Udio stanovništva koji se prvenstveno oslanja na čista goriva i tehnologiju,Postotak,Ruralno,23
2008,Udio stanovništva koji se prvenstveno oslanja na čista goriva i tehnologiju,Postotak,Urbano,72
2009,Udio stanovništva koji se prvenstveno oslanja na čista goriva i tehnologiju,Postotak,Ukupno,46
2009,Udio stanovništva koji se prvenstveno oslanja na čista goriva i tehnologiju,Postotak,Ruralno,22
2009,Udio stanovništva koji se prvenstveno oslanja na čista goriva i tehnologiju,Postotak,Urbano,71
2010,Udio stanovništva koji se prvenstveno oslanja na čista goriva i tehnologiju,Postotak,Ukupno,45
2010,Udio stanovništva koji se prvenstveno oslanja na čista goriva i tehnologiju,Postotak,Ruralno,21
2010,Udio stanovništva koji se prvenstveno oslanja na čista goriva i tehnologiju,Postotak,Urbano,70
2011,Udio stanovništva koji se prvenstveno oslanja na čista goriva i tehnologiju,Postotak,Ukupno,44
2011,Udio stanovništva koji se prvenstveno oslanja na čista goriva i tehnologiju,Postotak,Ruralno,20
2011,Udio stanovništva koji se prvenstveno oslanja na čista goriva i tehnologiju,Postotak,Urbano,69
2012,Udio stanovništva koji se prvenstveno oslanja na čista goriva i tehnologiju,Postotak,Ukupno,44
2012,Udio stanovništva koji se prvenstveno oslanja na čista goriva i tehnologiju,Postotak,Ruralno,19
2012,Udio stanovništva koji se prvenstveno oslanja na čista goriva i tehnologiju,Postotak,Urbano,68
2013,Udio stanovništva koji se prvenstveno oslanja na čista goriva i tehnologiju,Postotak,Ukupno,43
2013,Udio stanovništva koji se prvenstveno oslanja na čista goriva i tehnologiju,Postotak,Ruralno,19
2013,Udio stanovništva koji se prvenstveno oslanja na čista goriva i tehnologiju,Postotak,Urbano,67
2014,Udio stanovništva koji se prvenstveno oslanja na čista goriva i tehnologiju,Postotak,Ukupno,43
2014,Udio stanovništva koji se prvenstveno oslanja na čista goriva i tehnologiju,Postotak,Ruralno,18
2014,Udio stanovništva koji se prvenstveno oslanja na čista goriva i tehnologiju,Postotak,Urbano,67
2015,Udio stanovništva koji se prvenstveno oslanja na čista goriva i tehnologiju,Postotak,Ukupno,43
2015,Udio stanovništva koji se prvenstveno oslanja na čista goriva i tehnologiju,Postotak,Ruralno,18
2015,Udio stanovništva koji se prvenstveno oslanja na čista goriva i tehnologiju,Postotak,Urbano,65
2016,Udio stanovništva koji se prvenstveno oslanja na čista goriva i tehnologiju,Postotak,Ukupno,42
2016,Udio stanovništva koji se prvenstveno oslanja na čista goriva i tehnologiju,Postotak,Ruralno,17
2016,Udio stanovništva koji se prvenstveno oslanja na čista goriva i tehnologiju,Postotak,Urbano,65
2017,Udio stanovništva koji se prvenstveno oslanja na čista goriva i tehnologiju,Postotak,Ukupno,42
2017,Udio stanovništva koji se prvenstveno oslanja na čista goriva i tehnologiju,Postotak,Ruralno,16
2017,Udio stanovništva koji se prvenstveno oslanja na čista goriva i tehnologiju,Postotak,Urbano,64
2018,Udio stanovništva koji se prvenstveno oslanja na čista goriva i tehnologiju,Postotak,Ukupno,42
2018,Udio stanovništva koji se prvenstveno oslanja na čista goriva i tehnologiju,Postotak,Ruralno,16
2018,Udio stanovništva koji se prvenstveno oslanja na čista goriva i tehnologiju,Postotak,Urbano,63
2019,Udio stanovništva koji se prvenstveno oslanja na čista goriva i tehnologiju,Postotak,Ukupno,42
2019,Udio stanovništva koji se prvenstveno oslanja na čista goriva i tehnologiju,Postotak,Ruralno,15
2019,Udio stanovništva koji se prvenstveno oslanja na čista goriva i tehnologiju,Postotak,Urbano,63
2020,Udio stanovništva koji se prvenstveno oslanja na čista goriva i tehnologiju,Postotak,Ukupno,41
2020,Udio stanovništva koji se prvenstveno oslanja na čista goriva i tehnologiju,Postotak,Ruralno,15
2020,Udio stanovništva koji se prvenstveno oslanja na čista goriva i tehnologiju,Postotak,Urbano,63
2021,Udio stanovništva koji se prvenstveno oslanja na čista goriva i tehnologiju,Postotak,Ukupno,42
2021,Udio stanovništva koji se prvenstveno oslanja na čista goriva i tehnologiju,Postotak,Ruralno,14
2021,Udio stanovništva koji se prvenstveno oslanja na čista goriva i tehnologiju,Postotak,Urbano,62
