Year,SERIES,UNIT_MEASURE,Value
2000,Godišnja stopa rasta realnog BDP-a po stanovniku,PT,4.75
2001,Godišnja stopa rasta realnog BDP-a po stanovniku,PT,2.04
2002,Godišnja stopa rasta realnog BDP-a po stanovniku,PT,4.94
2003,Godišnja stopa rasta realnog BDP-a po stanovniku,PT,4.23
2004,Godišnja stopa rasta realnog BDP-a po stanovniku,PT,7.37
2005,Godišnja stopa rasta realnog BDP-a po stanovniku,PT,5.13
2006,Godišnja stopa rasta realnog BDP-a po stanovniku,PT,6.35
2007,Godišnja stopa rasta realnog BDP-a po stanovniku,PT,7.19
2008,Godišnja stopa rasta realnog BDP-a po stanovniku,PT,7.17
2009,Godišnja stopa rasta realnog BDP-a po stanovniku,PT,-1.36
2010,Godišnja stopa rasta realnog BDP-a po stanovniku,PT,2.63
2011,Godišnja stopa rasta realnog BDP-a po stanovniku,PT,2.79
2012,Godišnja stopa rasta realnog BDP-a po stanovniku,PT,1.03
2013,Godišnja stopa rasta realnog BDP-a po stanovniku,PT,3.96
2014,Godišnja stopa rasta realnog BDP-a po stanovniku,PT,2.47
2015,Godišnja stopa rasta realnog BDP-a po stanovniku,PT,4.46
2016,Godišnja stopa rasta realnog BDP-a po stanovniku,PT,4.43
2017,Godišnja stopa rasta realnog BDP-a po stanovniku,PT,4.4
2018,Godišnja stopa rasta realnog BDP-a po stanovniku,PT,4.96
2019,Godišnja stopa rasta realnog BDP-a po stanovniku,PT,4.04
2020,Godišnja stopa rasta realnog BDP-a po stanovniku,PT,-1.88
2021,Godišnja stopa rasta realnog BDP-a po stanovniku,PT,9.11
