Year,SERIES,UNIT_MEASURE,Value
2015,Razina nacionalne usklađenosti radnih prava (sloboda udruživanja i kolektivnog pregovaranja) na temelju tekstualnih izvora Međunarodne organizacije rada (ILO) i nacionalnog zakonodavstva,Rezultat,0.0
2016,Razina nacionalne usklađenosti radnih prava (sloboda udruživanja i kolektivnog pregovaranja) na temelju tekstualnih izvora Međunarodne organizacije rada (ILO) i nacionalnog zakonodavstva,Rezultat,1.05
2017,Razina nacionalne usklađenosti radnih prava (sloboda udruživanja i kolektivnog pregovaranja) na temelju tekstualnih izvora Međunarodne organizacije rada (ILO) i nacionalnog zakonodavstva,Rezultat,1.05
2018,Razina nacionalne usklađenosti radnih prava (sloboda udruživanja i kolektivnog pregovaranja) na temelju tekstualnih izvora Međunarodne organizacije rada (ILO) i nacionalnog zakonodavstva,Rezultat,1.05
2019,Razina nacionalne usklađenosti radnih prava (sloboda udruživanja i kolektivnog pregovaranja) na temelju tekstualnih izvora Međunarodne organizacije rada (ILO) i nacionalnog zakonodavstva,Rezultat,0.89
2020,Razina nacionalne usklađenosti radnih prava (sloboda udruživanja i kolektivnog pregovaranja) na temelju tekstualnih izvora Međunarodne organizacije rada (ILO) i nacionalnog zakonodavstva,Rezultat,0.89
2021,Razina nacionalne usklađenosti radnih prava (sloboda udruživanja i kolektivnog pregovaranja) na temelju tekstualnih izvora Međunarodne organizacije rada (ILO) i nacionalnog zakonodavstva,Rezultat,0.89
