Year,SERIES,UNIT_MEASURE,COMPOSITE_BREAKDOWN,Value
2019,IS_RDP_FRGVOL,Tonski kilometri,Zračni,0.0
2018,IS_RDP_FRGVOL,Tonski kilometri,Unutarnji plovni put,0.0
2019,IS_RDP_FRGVOL,Tonski kilometri,Unutarnji plovni put,0.0
2018,IS_RDP_FRGVOL,Tonski kilometri,Željeznički,1187941000.0
2019,IS_RDP_FRGVOL,Tonski kilometri,Željeznički,801400000.0
2018,IS_RDP_FRGVOL,Tonski kilometri,Cestovni,4303121000.0
2018,IS_RDP_FRGVOL,Tonski kilometri,Cestovni,3461400000.0
2019,IS_RDP_PFVOL,Putnički kilometri,Zračni,7353050.0
2018,IS_RDP_PFVOL,Putnički kilometri,Željeznički,40000000.0
2019,IS_RDP_PFVOL,Putnički kilometri,Željeznički,4751600000.0
2018,IS_RDP_PFVOL,Putnički kilometri,Cestovni,1661000000.0
2019,IS_RDP_PFVOL,Putnički kilometri,Cestovni,16706400000.0
