Year,SERIES,UNIT_MEASURE,Value
2015,Udio male prerađivačke industrije u ukupnoj dodanoj vrijednosti proizvodnje (%),Postotak,15.22
2016,Udio male prerađivačke industrije u ukupnoj dodanoj vrijednosti proizvodnje (%),Postotak,15.07
2017,Udio male prerađivačke industrije u ukupnoj dodanoj vrijednosti proizvodnje (%),Postotak,11.79
2018,Udio male prerađivačke industrije u ukupnoj dodanoj vrijednosti proizvodnje (%),Postotak,11.39
2019,Udio male prerađivačke industrije u ukupnoj dodanoj vrijednosti proizvodnje (%),Postotak,11.13
2020,Udio male prerađivačke industrije u ukupnoj dodanoj vrijednosti proizvodnje (%),Postotak,11.57
