Year,SERIES,UNIT_MEASURE,Value
2000,"Ukupni zvanični tokovi za infrastrukturu, prema zemljama primateljima (milioni američkih dolara konstanta 2020.)",CON_USD,133.7724
2001,"Ukupni zvanični tokovi za infrastrukturu, prema zemljama primateljima (milioni američkih dolara konstanta 2020.)",CON_USD,147.8452
2002,"Ukupni zvanični tokovi za infrastrukturu, prema zemljama primateljima (milioni američkih dolara konstanta 2020.)",CON_USD,72.7173
2003,"Ukupni zvanični tokovi za infrastrukturu, prema zemljama primateljima (milioni američkih dolara konstanta 2020.)",CON_USD,64.6831
2004,"Ukupni zvanični tokovi za infrastrukturu, prema zemljama primateljima (milioni američkih dolara konstanta 2020.)",CON_USD,170.4325
2005,"Ukupni zvanični tokovi za infrastrukturu, prema zemljama primateljima (milioni američkih dolara konstanta 2020.)",CON_USD,112.7301
2006,"Ukupni zvanični tokovi za infrastrukturu, prema zemljama primateljima (milioni američkih dolara konstanta 2020.)",CON_USD,59.2272
2007,"Ukupni zvanični tokovi za infrastrukturu, prema zemljama primateljima (milioni američkih dolara konstanta 2020.)",CON_USD,47.2187
2008,"Ukupni zvanični tokovi za infrastrukturu, prema zemljama primateljima (milioni američkih dolara konstanta 2020.)",CON_USD,118.6058
2009,"Ukupni zvanični tokovi za infrastrukturu, prema zemljama primateljima (milioni američkih dolara konstanta 2020.)",CON_USD,308.0722
2010,"Ukupni zvanični tokovi za infrastrukturu, prema zemljama primateljima (milioni američkih dolara konstanta 2020.)",CON_USD,392.644
2011,"Ukupni zvanični tokovi za infrastrukturu, prema zemljama primateljima (milioni američkih dolara konstanta 2020.)",CON_USD,394.1465
2012,"Ukupni zvanični tokovi za infrastrukturu, prema zemljama primateljima (milioni američkih dolara konstanta 2020.)",CON_USD,493.5463
2013,"Ukupni zvanični tokovi za infrastrukturu, prema zemljama primateljima (milioni američkih dolara konstanta 2020.)",CON_USD,494.1474
2014,"Ukupni zvanični tokovi za infrastrukturu, prema zemljama primateljima (milioni američkih dolara konstanta 2020.)",CON_USD,439.3786
2015,"Ukupni zvanični tokovi za infrastrukturu, prema zemljama primateljima (milioni američkih dolara konstanta 2020.)",CON_USD,323.455
2016,"Ukupni zvanični tokovi za infrastrukturu, prema zemljama primateljima (milioni američkih dolara konstanta 2020.)",CON_USD,350.0751
2017,"Ukupni zvanični tokovi za infrastrukturu, prema zemljama primateljima (milioni američkih dolara konstanta 2020.)",CON_USD,284.5322
2018,"Ukupni zvanični tokovi za infrastrukturu, prema zemljama primateljima (milioni američkih dolara konstanta 2020.)",CON_USD,283.2673
2019,"Ukupni zvanični tokovi za infrastrukturu, prema zemljama primateljima (milioni američkih dolara konstanta 2020.)",CON_USD,393.4609
2020,"Ukupni zvanični tokovi za infrastrukturu, prema zemljama primateljima (milioni američkih dolara konstanta 2020.)",CON_USD,546.5588
2021,"Ukupni zvanični tokovi za infrastrukturu, prema zemljama primateljima (milioni američkih dolara konstanta 2020.)",CON_USD,494.2503
