Year,UNIT_MEASURE,Tip,Value
a)2019 - 2020 Siječanj,Index,Ukupno,-2.0
b)2019 - 2020 Veljača,Index,Ukupno,-2.8
c)2019 - 2020 Ožujak,Index,Ukupno,-12.6
d)2019 - 2020 Travanj,Index,Ukupno,-29.5
e)2019 - 2020 Svibanj,Index,Ukupno,-24.5
f)2019 - 2020 Lipanj,Index,Ukupno,-18.2
g)2019 - 2020 Srpanj,Index,Ukupno,-10.1
h)2019 - 2020 Kolovoz,Index,Ukupno,-0.4
i)2019 - 2020 Rujan,Index,Ukupno,-1.3
a)2019 - 2020 Siječanj,Index,Intermedijarni proizvodi,-4.0
b)2019 - 2020 Veljača,Index,Intermedijarni proizvodi,-4.6
c)2019 - 2020 Ožujak,Index,Intermedijarni proizvodi,-14.3
d)2019 - 2020 Travanj,Index,Intermedijarni proizvodi,-26.7
e)2019 - 2020 Svibanj,Index,Intermedijarni proizvodi,-19.2
f)2019 - 2020 Lipanj,Index,Intermedijarni proizvodi,-20.1
g)2019 - 2020 Srpanj,Index,Intermedijarni proizvodi,-7.9
h)2019 - 2020 Kolovoz,Index,Intermedijarni proizvodi,1.2
i)2019 - 2020 Rujan,Index,Intermedijarni proizvodi,-4.9
a)2019 - 2020 Siječanj,Index,Energija,-43.6
b)2019 - 2020 Veljača,Index,Energija,-37.6
c)2019 - 2020 Ožujak,Index,Energija,-32.5
d)2019 - 2020 Travanj,Index,Energija,-49.8
e)2019 - 2020 Svibanj,Index,Energija,-52.5
f)2019 - 2020 Lipanj,Index,Energija,-53.0
g)2019 - 2020 Srpanj,Index,Energija,-57.7
h)2019 - 2020 Kolovoz,Index,Energija,-5.7
i)2019 - 2020 Rujan,Index,Energija,-13.5
a)2019 - 2020 Siječanj,Index,Kapitalni proizvodi,3.1
b)2019 - 2020 Veljača,Index,Kapitalni proizvodi,1.1
c)2019 - 2020 Ožujak,Index,Kapitalni proizvodi,-27.1
d)2019 - 2020 Travanj,Index,Kapitalni proizvodi,-41.1
e)2019 - 2020 Svibanj,Index,Kapitalni proizvodi,-39.2
f)2019 - 2020 Lipanj,Index,Kapitalni proizvodi,-37.6
g)2019 - 2020 Srpanj,Index,Kapitalni proizvodi,-3.3
h)2019 - 2020 Kolovoz,Index,Kapitalni proizvodi,15.9
i)2019 - 2020 Rujan,Index,Kapitalni proizvodi,10.8
a)2019 - 2020 Siječanj,Index,Trajni proizvodi za široku uporabu,-2.0
b)2019 - 2020 Veljača,Index,Trajni proizvodi za široku uporabu,2.1
c)2019 - 2020 Ožujak,Index,Trajni proizvodi za široku uporabu,-24.9
d)2019 - 2020 Travanj,Index,Trajni proizvodi za široku uporabu,-51.6
e)2019 - 2020 Svibanj,Index,Trajni proizvodi za široku uporabu,-30.2
f)2019 - 2020 Lipanj,Index,Trajni proizvodi za široku uporabu,3.8
g)2019 - 2020 Srpanj,Index,Trajni proizvodi za široku uporabu,3.8
h)2019 - 2020 Kolovoz,Index,Trajni proizvodi za široku uporabu,6.5
i)2019 - 2020 Rujan,Index,Trajni proizvodi za široku uporabu,14.9
a)2019 - 2020 Siječanj,Index,Netrajni proizvodi za široku uporabu,12.1
b)2019 - 2020 Veljača,Index,Netrajni proizvodi za široku uporabu,8.7
c)2019 - 2020 Ožujak,Index,Netrajni proizvodi za široku uporabu,6.5
d)2019 - 2020 Travanj,Index,Netrajni proizvodi za široku uporabu,-17.3
e)2019 - 2020 Svibanj,Index,Netrajni proizvodi za široku uporabu,-14.4
f)2019 - 2020 Lipanj,Index,Netrajni proizvodi za široku uporabu,1.9
g)2019 - 2020 Srpanj,Index,Netrajni proizvodi za široku uporabu,-2.8
h)2019 - 2020 Kolovoz,Index,Netrajni proizvodi za široku uporabu,-8.9
i)2019 - 2020 Rujan,Index,Netrajni proizvodi za široku uporabu,0.9
