Year,UNIT_MEASURE,Tip,Value
a)Siječanj,Index,Ukupna trgovina na malo 2020,133.7
b)Veljača,Index,Ukupna trgovina na malo 2020,137.5
c)Ožujak,Index,Ukupna trgovina na malo 2020,119.8
d)Travanj,Index,Ukupna trgovina na malo 2020,85.0
e)Svibanj,Index,Ukupna trgovina na malo 2020,111.7
f)Lipanj,Index,Ukupna trgovina na malo 2020,120.8
g)Srpanj,Index,Ukupna trgovina na malo 2020,114.0
h)Kolovoz,Index,Ukupna trgovina na malo 2020,11.7
i)Rujan,Index,Ukupna trgovina na malo 2020,121.5
j)Listopad,Index,Ukupna trgovina na malo 2020,120.3
k)Studeni,Index,Ukupna trgovina na malo 2020,121.5
l)Prosinac,Index,Ukupna trgovina na malo 2020,123.1
a)Siječanj,Index,Ukupna trgovina na malo 2021,128.7
b)Veljača,Index,Ukupna trgovina na malo 2021,133.6
c)Ožujak,Index,Ukupna trgovina na malo 2021,129.9
