Year,SERIES,UNIT_MEASURE,Године,Пол,Value
2000,Запослено становништво испод међународне линије сиромаштва,Проценат,15 година и више,Оба пола или без подјеле по полу,0.24
2001,Запослено становништво испод међународне линије сиромаштва,Проценат,15 година и више,Оба пола или без подјеле по полу,0.22
2002,Запослено становништво испод међународне линије сиромаштва,Проценат,15 година и више,Оба пола или без подјеле по полу,0.19
2003,Запослено становништво испод међународне линије сиромаштва,Проценат,15 година и више,Оба пола или без подјеле по полу,0.14
2004,Запослено становништво испод међународне линије сиромаштва,Проценат,15 година и више,Оба пола или без подјеле по полу,0.05
2005,Запослено становништво испод међународне линије сиромаштва,Проценат,15 година и више,Оба пола или без подјеле по полу,0.04
2006,Запослено становништво испод међународне линије сиромаштва,Проценат,15 година и више,Оба пола или без подјеле по полу,0.03
2007,Запослено становништво испод међународне линије сиромаштва,Проценат,15 година и више,Оба пола или без подјеле по полу,0.03
2008,Запослено становништво испод међународне линије сиромаштва,Проценат,15 година и више,Оба пола или без подјеле по полу,0.07
2009,Запослено становништво испод међународне линије сиромаштва,Проценат,15 година и више,Оба пола или без подјеле по полу,0.07
2010,Запослено становништво испод међународне линије сиромаштва,Проценат,15 година и више,Оба пола или без подјеле по полу,0.07
2012,Запослено становништво испод међународне линије сиромаштва,Проценат,15 година и више,Оба пола или без подјеле по полу,0.07
2013,Запослено становништво испод међународне линије сиромаштва,Проценат,15 година и више,Оба пола или без подјеле по полу,0.07
2014,Запослено становништво испод међународне линије сиромаштва,Проценат,15 година и више,Оба пола или без подјеле по полу,0.07
2015,Запослено становништво испод међународне линије сиромаштва,Проценат,15 година и више,Оба пола или без подјеле по полу,0.07
2016,Запослено становништво испод међународне линије сиромаштва,Проценат,15 година и више,Оба пола или без подјеле по полу,0.07
2017,Запослено становништво испод међународне линије сиромаштва,Проценат,15 година и више,Оба пола или без подјеле по полу,0.07
2018,Запослено становништво испод међународне линије сиромаштва,Проценат,15 година и више,Оба пола или без подјеле по полу,0.07
2019,Запослено становништво испод међународне линије сиромаштва,Проценат,15 година и више,Оба пола или без подјеле по полу,0.07
2020,Запослено становништво испод међународне линије сиромаштва,Проценат,15 година и више,Оба пола или без подјеле по полу,0.1
2021,Запослено становништво испод међународне линије сиромаштва,Проценат,15 година и више,Оба пола или без подјеле по полу,0.1
2022,Запослено становништво испод међународне линије сиромаштва,Проценат,15 година и више,Оба пола или без подјеле по полу,0.1
2000,Запослено становништво испод међународне линије сиромаштва,Проценат,15 година и више,Жене,0.32
2001,Запослено становништво испод међународне линије сиромаштва,Проценат,15 година и више,Жене,0.29
2002,Запослено становништво испод међународне линије сиромаштва,Проценат,15 година и више,Жене,0.25
2003,Запослено становништво испод међународне линије сиромаштва,Проценат,15 година и више,Жене,0.19
2004,Запослено становништво испод међународне линије сиромаштва,Проценат,15 година и више,Жене,0.07
2005,Запослено становништво испод међународне линије сиромаштва,Проценат,15 година и више,Жене,0.05
2006,Запослено становништво испод међународне линије сиромаштва,Проценат,15 година и више,Жене,0.04
2007,Запослено становништво испод међународне линије сиромаштва,Проценат,15 година и више,Жене,0.04
2008,Запослено становништво испод међународне линије сиромаштва,Проценат,15 година и више,Жене,0.08
2009,Запослено становништво испод међународне линије сиромаштва,Проценат,15 година и више,Жене,0.09
2010,Запослено становништво испод међународне линије сиромаштва,Проценат,15 година и више,Жене,0.08
2011,Запослено становништво испод међународне линије сиромаштва,Проценат,15 година и више,Жене,0.08
2012,Запослено становништво испод међународне линије сиромаштва,Проценат,15 година и више,Жене,0.08
2013,Запослено становништво испод међународне линије сиромаштва,Проценат,15 година и више,Жене,0.08
2014,Запослено становништво испод међународне линије сиромаштва,Проценат,15 година и више,Жене,0.08
2015,Запослено становништво испод међународне линије сиромаштва,Проценат,15 година и више,Жене,0.08
2016,Запослено становништво испод међународне линије сиромаштва,Проценат,15 година и више,Жене,0.08
2017,Запослено становништво испод међународне линије сиромаштва,Проценат,15 година и више,Жене,0.08
2018,Запослено становништво испод међународне линије сиромаштва,Проценат,15 година и више,Жене,0.08
2019,Запослено становништво испод међународне линије сиромаштва,Проценат,15 година и више,Жене,0.08
2000,Запослено становништво испод међународне линије сиромаштва,Проценат,15 година и више,Мушкарци,0.19
2001,Запослено становништво испод међународне линије сиромаштва,Проценат,15 година и више,Мушкарци,0.18
2002,Запослено становништво испод међународне линије сиромаштва,Проценат,15 година и више,Мушкарци,0.15
2003,Запослено становништво испод међународне линије сиромаштва,Проценат,15 година и више,Мушкарци,0.12
2004,Запослено становништво испод међународне линије сиромаштва,Проценат,15 година и више,Мушкарци,0.04
2005,Запослено становништво испод међународне линије сиромаштва,Проценат,15 година и више,Мушкарци,0.03
2006,Запослено становништво испод међународне линије сиромаштва,Проценат,15 година и више,Мушкарци,0.02
2007,Запослено становништво испод међународне линије сиромаштва,Проценат,15 година и више,Мушкарци,0.03
2008,Запослено становништво испод међународне линије сиромаштва,Проценат,15 година и више,Мушкарци,0.06
2009,Запослено становништво испод међународне линије сиромаштва,Проценат,15 година и више,Мушкарци,0.06
2010,Запослено становништво испод међународне линије сиромаштва,Проценат,15 година и више,Мушкарци,0.06
2011,Запослено становништво испод међународне линије сиромаштва,Проценат,15 година и више,Мушкарци,0.06
2012,Запослено становништво испод међународне линије сиромаштва,Проценат,15 година и више,Мушкарци,0.06
2013,Запослено становништво испод међународне линије сиромаштва,Проценат,15 година и више,Мушкарци,0.06
2014,Запослено становништво испод међународне линије сиромаштва,Проценат,15 година и више,Мушкарци,0.06
2015,Запослено становништво испод међународне линије сиромаштва,Проценат,15 година и више,Мушкарци,0.06
2016,Запослено становништво испод међународне линије сиромаштва,Проценат,15 година и више,Мушкарци,0.06
2017,Запослено становништво испод међународне линије сиромаштва,Проценат,15 година и више,Мушкарци,0.06
2018,Запослено становништво испод међународне линије сиромаштва,Проценат,15 година и више,Мушкарци,0.06
2019,Запослено становништво испод међународне линије сиромаштва,Проценат,15 година и више,Мушкарци,0.06
2000,Запослено становништво испод међународне линије сиромаштва,Проценат,15 до 24 године,Оба пола или без подјеле по полу,0.58
2001,Запослено становништво испод међународне линије сиромаштва,Проценат,15 до 24 године,Оба пола или без подјеле по полу,0.54
2002,Запослено становништво испод међународне линије сиромаштва,Проценат,15 до 24 године,Оба пола или без подјеле по полу,0.47
2003,Запослено становништво испод међународне линије сиромаштва,Проценат,15 до 24 године,Оба пола или без подјеле по полу,0.36
2004,Запослено становништво испод међународне линије сиромаштва,Проценат,15 до 24 године,Оба пола или без подјеле по полу,0.13
2005,Запослено становништво испод међународне линије сиромаштва,Проценат,15 до 24 године,Оба пола или без подјеле по полу,0.1
2006,Запослено становништво испод међународне линије сиромаштва,Проценат,15 до 24 године,Оба пола или без подјеле по полу,0.08
2007,Запослено становништво испод међународне линије сиромаштва,Проценат,15 до 24 године,Оба пола или без подјеле по полу,0.08
2008,Запослено становништво испод међународне линије сиромаштва,Проценат,15 до 24 године,Оба пола или без подјеле по полу,0.17
2009,Запослено становништво испод међународне линије сиромаштва,Проценат,15 до 24 године,Оба пола или без подјеле по полу,0.18
2010,Запослено становништво испод међународне линије сиромаштва,Проценат,15 до 24 године,Оба пола или без подјеле по полу,0.18
2011,Запослено становништво испод међународне линије сиромаштва,Проценат,15 до 24 године,Оба пола или без подјеле по полу,0.18
2012,Запослено становништво испод међународне линије сиромаштва,Проценат,15 до 24 године,Оба пола или без подјеле по полу,0.18
2013,Запослено становништво испод међународне линије сиромаштва,Проценат,15 до 24 године,Оба пола или без подјеле по полу,0.18
2014,Запослено становништво испод међународне линије сиромаштва,Проценат,15 до 24 године,Оба пола или без подјеле по полу,0.19
2015,Запослено становништво испод међународне линије сиромаштва,Проценат,15 до 24 године,Оба пола или без подјеле по полу,0.18
2016,Запослено становништво испод међународне линије сиромаштва,Проценат,15 до 24 године,Оба пола или без подјеле по полу,0.17
2017,Запослено становништво испод међународне линије сиромаштва,Проценат,15 до 24 године,Оба пола или без подјеле по полу,0.17
2018,Запослено становништво испод међународне линије сиромаштва,Проценат,15 до 24 године,Оба пола или без подјеле по полу,0.16
2019,Запослено становништво испод међународне линије сиромаштва,Проценат,15 до 24 године,Оба пола или без подјеле по полу,0.19
2000,Запослено становништво испод међународне линије сиромаштва,Проценат,15 до 24 године,Жене,1.41
2001,Запослено становништво испод међународне линије сиромаштва,Проценат,15 до 24 године,Жене,1.29
2002,Запослено становништво испод међународне линије сиромаштва,Проценат,15 до 24 године,Жене,1.14
2003,Запослено становништво испод међународне линије сиромаштва,Проценат,15 до 24 године,Жене,0.88
2004,Запослено становништво испод међународне линије сиромаштва,Проценат,15 до 24 године,Жене,0.32
2005,Запослено становништво испод међународне линије сиромаштва,Проценат,15 до 24 године,Жене,0.25
2006,Запослено становништво испод међународне линије сиромаштва,Проценат,15 до 24 године,Жене,0.19
2007,Запослено становништво испод међународне линије сиромаштва,Проценат,15 до 24 године,Жене,0.2
2008,Запослено становништво испод међународне линије сиромаштва,Проценат,15 до 24 године,Жене,0.42
2009,Запослено становништво испод међународне линије сиромаштва,Проценат,15 до 24 године,Жене,0.47
2010,Запослено становништво испод међународне линије сиромаштва,Проценат,15 до 24 године,Жене,0.45
2011,Запослено становништво испод међународне линије сиромаштва,Проценат,15 до 24 године,Жене,0.46
2012,Запослено становништво испод међународне линије сиромаштва,Проценат,15 до 24 године,Жене,0.46
2013,Запослено становништво испод међународне линије сиромаштва,Проценат,15 до 24 године,Жене,0.47
2014,Запослено становништво испод међународне линије сиромаштва,Проценат,15 до 24 године,Жене,0.45
2015,Запослено становништво испод међународне линије сиромаштва,Проценат,15 до 24 године,Жене,0.47
2016,Запослено становништво испод међународне линије сиромаштва,Проценат,15 до 24 године,Жене,0.45
2017,Запослено становништво испод међународне линије сиромаштва,Проценат,15 до 24 године,Жене,0.45
2018,Запослено становништво испод међународне линије сиромаштва,Проценат,15 до 24 године,Жене,0.45
2019,Запослено становништво испод међународне линије сиромаштва,Проценат,15 до 24 године,Жене,0.43
2000,Запослено становништво испод међународне линије сиромаштва,Проценат,15 до 24 године,Мушкарци,0.11
2001,Запослено становништво испод међународне линије сиромаштва,Проценат,15 до 24 године,Мушкарци,0.1
2002,Запослено становништво испод међународне линије сиромаштва,Проценат,15 до 24 године,Мушкарци,0.08
2003,Запослено становништво испод међународне линије сиромаштва,Проценат,15 до 24 године,Мушкарци,0.06
2004,Запослено становништво испод међународне линије сиромаштва,Проценат,15 до 24 године,Мушкарци,0.02
2005,Запослено становништво испод међународне линије сиромаштва,Проценат,15 до 24 године,Мушкарци,0.02
2006,Запослено становништво испод међународне линије сиромаштва,Проценат,15 до 24 године,Мушкарци,0.01
2007,Запослено становништво испод међународне линије сиромаштва,Проценат,15 до 24 године,Мушкарци,0.01
2008,Запослено становништво испод међународне линије сиромаштва,Проценат,15 до 24 године,Мушкарци,0.03
2009,Запослено становништво испод међународне линије сиромаштва,Проценат,15 до 24 године,Мушкарци,0.04
2010,Запослено становништво испод међународне линије сиромаштва,Проценат,15 до 24 године,Мушкарци,0.03
2011,Запослено становништво испод међународне линије сиромаштва,Проценат,15 до 24 године,Мушкарци,0.03
2012,Запослено становништво испод међународне линије сиромаштва,Проценат,15 до 24 године,Мушкарци,0.03
2013,Запослено становништво испод међународне линије сиромаштва,Проценат,15 до 24 године,Мушкарци,0.03
2014,Запослено становништво испод међународне линије сиромаштва,Проценат,15 до 24 године,Мушкарци,0.03
2015,Запослено становништво испод међународне линије сиромаштва,Проценат,15 до 24 године,Мушкарци,0.03
2016,Запослено становништво испод међународне линије сиромаштва,Проценат,15 до 24 године,Мушкарци,0.03
2017,Запослено становништво испод међународне линије сиромаштва,Проценат,15 до 24 године,Мушкарци,0.03
2018,Запослено становништво испод међународне линије сиромаштва,Проценат,15 до 24 године,Мушкарци,0.03
2019,Запослено становништво испод међународне линије сиромаштва,Проценат,15 до 24 године,Мушкарци,0.03
2000,Запослено становништво испод међународне линије сиромаштва,Проценат,25 година и више,Оба пола или без подјеле по полу,0.2
2001,Запослено становништво испод међународне линије сиромаштва,Проценат,25 година и више,Оба пола или без подјеле по полу,0.18
2002,Запослено становништво испод међународне линије сиромаштва,Проценат,25 година и више,Оба пола или без подјеле по полу,0.16
2003,Запослено становништво испод међународне линије сиромаштва,Проценат,25 година и више,Оба пола или без подјеле по полу,0.12
2004,Запослено становништво испод међународне линије сиромаштва,Проценат,25 година и више,Оба пола или без подјеле по полу,0.04
2005,Запослено становништво испод међународне линије сиромаштва,Проценат,25 година и више,Оба пола или без подјеле по полу,0.03
2006,Запослено становништво испод међународне линије сиромаштва,Проценат,25 година и више,Оба пола или без подјеле по полу,0.02
2007,Запослено становништво испод међународне линије сиромаштва,Проценат,25 година и више,Оба пола или без подјеле по полу,0.03
2008,Запослено становништво испод међународне линије сиромаштва,Проценат,25 година и више,Оба пола или без подјеле по полу,0.06
2009,Запослено становништво испод међународне линије сиромаштва,Проценат,25 година и више,Оба пола или без подјеле по полу,0.06
2010,Запослено становништво испод међународне линије сиромаштва,Проценат,25 година и више,Оба пола или без подјеле по полу,0.06
2011,Запослено становништво испод међународне линије сиромаштва,Проценат,25 година и више,Оба пола или без подјеле по полу,0.06
2012,Запослено становништво испод међународне линије сиромаштва,Проценат,25 година и више,Оба пола или без подјеле по полу,0.06
2013,Запослено становништво испод међународне линије сиромаштва,Проценат,25 година и више,Оба пола или без подјеле по полу,0.06
2014,Запослено становништво испод међународне линије сиромаштва,Проценат,25 година и више,Оба пола или без подјеле по полу,0.06
2015,Запослено становништво испод међународне линије сиромаштва,Проценат,25 година и више,Оба пола или без подјеле по полу,0.06
2016,Запослено становништво испод међународне линије сиромаштва,Проценат,25 година и више,Оба пола или без подјеле по полу,0.06
2017,Запослено становништво испод међународне линије сиромаштва,Проценат,25 година и више,Оба пола или без подјеле по полу,0.06
2018,Запослено становништво испод међународне линије сиромаштва,Проценат,25 година и више,Оба пола или без подјеле по полу,0.06
2019,Запослено становништво испод међународне линије сиромаштва,Проценат,25 година и више,Оба пола или без подјеле по полу,0.06
2000,Запослено становништво испод међународне линије сиромаштва,Проценат,25 година и више,Жене,0.19
2001,Запослено становништво испод међународне линије сиромаштва,Проценат,25 година и више,Жене,0.17
2002,Запослено становништво испод међународне линије сиромаштва,Проценат,25 година и више,Жене,0.15
2003,Запослено становништво испод међународне линије сиромаштва,Проценат,25 година и више,Жене,0.12
2004,Запослено становништво испод међународне линије сиромаштва,Проценат,25 година и више,Жене,0.04
2005,Запослено становништво испод међународне линије сиромаштва,Проценат,25 година и више,Жене,0.03
2006,Запослено становништво испод међународне линије сиромаштва,Проценат,25 година и више,Жене,0.03
2007,Запослено становништво испод међународне линије сиромаштва,Проценат,25 година и више,Жене,0.03
2008,Запослено становништво испод међународне линије сиромаштва,Проценат,25 година и више,Жене,0.05
2009,Запослено становништво испод међународне линије сиромаштва,Проценат,25 година и више,Жене,0.06
2010,Запослено становништво испод међународне линије сиромаштва,Проценат,25 година и више,Жене,0.06
2011,Запослено становништво испод међународне линије сиромаштва,Проценат,25 година и више,Жене,0.06
2012,Запослено становништво испод међународне линије сиромаштва,Проценат,25 година и више,Жене,0.06
2013,Запослено становништво испод међународне линије сиромаштва,Проценат,25 година и више,Жене,0.06
2014,Запослено становништво испод међународне линије сиромаштва,Проценат,25 година и више,Жене,0.06
2015,Запослено становништво испод међународне линије сиромаштва,Проценат,25 година и више,Жене,0.06
2016,Запослено становништво испод међународне линије сиромаштва,Проценат,25 година и више,Жене,0.06
2017,Запослено становништво испод међународне линије сиромаштва,Проценат,25 година и више,Жене,0.06
2018,Запослено становништво испод међународне линије сиромаштва,Проценат,25 година и више,Жене,0.06
2019,Запослено становништво испод међународне линије сиромаштва,Проценат,25 година и више,Жене,0.05
2000,Запослено становништво испод међународне линије сиромаштва,Проценат,25 година и више,Мушкарци,0.2
2001,Запослено становништво испод међународне линије сиромаштва,Проценат,25 година и више,Мушкарци,0.18
2002,Запослено становништво испод међународне линије сиромаштва,Проценат,25 година и више,Мушкарци,0.16
2003,Запослено становништво испод међународне линије сиромаштва,Проценат,25 година и више,Мушкарци,0.12
2004,Запослено становништво испод међународне линије сиромаштва,Проценат,25 година и више,Мушкарци,0.04
2005,Запослено становништво испод међународне линије сиромаштва,Проценат,25 година и више,Мушкарци,0.03
2006,Запослено становништво испод међународне линије сиромаштва,Проценат,25 година и више,Мушкарци,0.02
2007,Запослено становништво испод међународне линије сиромаштва,Проценат,25 година и више,Мушкарци,0.03
2008,Запослено становништво испод међународне линије сиромаштва,Проценат,25 година и више,Мушкарци,0.06
2009,Запослено становништво испод међународне линије сиромаштва,Проценат,25 година и више,Мушкарци,0.07
2010,Запослено становништво испод међународне линије сиромаштва,Проценат,25 година и више,Мушкарци,0.06
2011,Запослено становништво испод међународне линије сиромаштва,Проценат,25 година и више,Мушкарци,0.06
2012,Запослено становништво испод међународне линије сиромаштва,Проценат,25 година и више,Мушкарци,0.07
2013,Запослено становништво испод међународне линије сиромаштва,Проценат,25 година и више,Мушкарци,0.06
2014,Запослено становништво испод међународне линије сиромаштва,Проценат,25 година и више,Мушкарци,0.06
2015,Запослено становништво испод међународне линије сиромаштва,Проценат,25 година и више,Мушкарци,0.07
2016,Запослено становништво испод међународне линије сиромаштва,Проценат,25 година и више,Мушкарци,0.07
2017,Запослено становништво испод међународне линије сиромаштва,Проценат,25 година и више,Мушкарци,0.07
2018,Запослено становништво испод међународне линије сиромаштва,Проценат,25 година и више,Мушкарци,0.07
2019,Запослено становништво испод међународне линије сиромаштва,Проценат,25 година и више,Мушкарци,0.06
2007,Удио становништва које живи испод међународне линије сиромаштва,Проценат,млађи од 15 година,Оба пола или без подјеле по полу,0.04839
2011,Удио становништва које живи испод међународне линије сиромаштва,Проценат,млађи од 15 година,Оба пола или без подјеле по полу,0.13127
2007,Удио становништва које живи испод међународне линије сиромаштва,Проценат,15 do 64 godine,Оба пола или без подјеле по полу,0.06759
2011,Удио становништва које живи испод међународне линије сиромаштва,Проценат,15 do 64 godine,Оба пола или без подјеле по полу,0.07291
2007,Удио становништва које живи испод међународне линије сиромаштва,Проценат,65 година и више,Оба пола или без подјеле по полу,0.08233
2011,Удио становништва које живи испод међународне линије сиромаштва,Проценат,65 година и више,Оба пола или без подјеле по полу,0.02531
2001,Удио становништва које живи испод међународне линије сиромаштва,Проценат,Сви старосни распони или нема подјеле по годинама,Оба пола или без подјеле по полу,0.3
2004,Удио становништва које живи испод међународне линије сиромаштва,Проценат,Сви старосни распони или нема подјеле по годинама,Оба пола или без подјеле по полу,0.2
2007,Удио становништва које живи испод међународне линије сиромаштва,Проценат,Сви старосни распони или нема подјеле по годинама,Оба пола или без подјеле по полу,0.1
2011,Удио становништва које живи испод међународне линије сиромаштва,Проценат,Сви старосни распони или нема подјеле по годинама,Оба пола или без подјеле по полу,0.1
2007,Удио становништва које живи испод међународне линије сиромаштва,Проценат,Сви старосни распони или нема подјеле по годинама,Жене,0.04908
2011,Удио становништва које живи испод међународне линије сиромаштва,Проценат,Сви старосни распони или нема подјеле по годинама,Жене,0.08008
2007,Удио становништва које живи испод међународне линије сиромаштва,Проценат,Сви старосни распони или нема подјеле по годинама,Мушкарци,0.08465
2011,Удио становништва које живи испод међународне линије сиромаштва,Проценат,Сви старосни распони или нема подјеле по годинама,Мушкарци,0.06966
