Year,SERIES,UNIT_MEASURE,Value
2001,Удио људи који живе испод 50 посто средње вриједности прихода,PT,8
2004,Удио људи који живе испод 50 посто средње вриједности прихода,PT,12
2007,Удио људи који живе испод 50 посто средње вриједности прихода,PT,12
2011,Удио људи који живе испод 50 посто средње вриједности прихода,PT,12
