Year,SERIES,UNIT_MEASURE,Value
2004,SL_EMP_GTOTL,Проценат,43.1
2005,SL_EMP_GTOTL,Проценат,43.1
2006,SL_EMP_GTOTL,Проценат,42.9
2007,SL_EMP_GTOTL,Проценат,42.7
2008,SL_EMP_GTOTL,Проценат,42.7
2009,SL_EMP_GTOTL,Проценат,42.7
2010,SL_EMP_GTOTL,Проценат,42.4
2011,SL_EMP_GTOTL,Проценат,42.2
2012,SL_EMP_GTOTL,Проценат,42.7
2013,SL_EMP_GTOTL,Проценат,42.0
2014,SL_EMP_GTOTL,Проценат,41.7
2015,SL_EMP_GTOTL,Проценат,41.6
2016,SL_EMP_GTOTL,Проценат,41.6
2017,SL_EMP_GTOTL,Проценат,41.7
