Year,SERIES,COMPOSITE_BREAKDOWN,UNIT_MEASURE,Value
2021,"Земље са миграционим политикама за олакшавање уредне, безбjедне, редовне и одговорне миграције и мобилности људи, по домену политике (1 = Захтиjева даљи напредак; 2 = Дjелимично испуњава; 3 = Испуњава; 4 = У потпуности испуњава)",Укупно,NUMBER,2
2021,"Земље са миграционим политикама за олакшавање уредне, безбjедне, редовне и одговорне миграције и мобилности људи, по домену политике (1 = Захтиjева даљи напредак; 2 = Дjелимично испуњава; 3 = Испуњава; 4 = У потпуности испуњава)",Права миграната,NUMBER,3
2021,"Земље са миграционим политикама за олакшавање уредне, безбjедне, редовне и одговорне миграције и мобилности људи, по домену политике (1 = Захтиjева даљи напредак; 2 = Дjелимично испуњава; 3 = Испуњава; 4 = У потпуности испуњава)","Свеобухватне политике, политике засноване на доказима",NUMBER,2
2021,"Земље са миграционим политикама за олакшавање уредне, безбjедне, редовне и одговорне миграције и мобилности људи, по домену политике (1 = Захтиjева даљи напредак; 2 = Дjелимично испуњава; 3 = Испуњава; 4 = У потпуности испуњава)",Сарадња и партнерства,NUMBER,2
2021,"Земље са миграционим политикама за олакшавање уредне, безбjедне, редовне и одговорне миграције и мобилности људи, по домену политике (1 = Захтиjева даљи напредак; 2 = Дjелимично испуњава; 3 = Испуњава; 4 = У потпуности испуњава)",Социоекономско благостање,NUMBER,2
2021,"Земље са миграционим политикама за олакшавање уредне, безбjедне, редовне и одговорне миграције и мобилности људи, по домену политике (1 = Захтиjева даљи напредак; 2 = Дjелимично испуњава; 3 = Испуњава; 4 = У потпуности испуњава)",Димензије кризне мобилности,NUMBER,2
2021,"Земље са миграционим политикама за олакшавање уредне, безбjедне, редовне и одговорне миграције и мобилности људи, по домену политике (1 = Захтиjева даљи напредак; 2 = Дjелимично испуњава; 3 = Испуњава; 4 = У потпуности испуњава)","Сигурна, уредна и редовна миграција",NUMBER,4
