Year,SERIES,COMPOSITE_BREAKDOWN,UNIT_MEASURE,Value
2021,"Земље са миграционим политикама за олакшавање уредне, безбjедне, редовне и одговорне миграције и мобилности људи, по домену политике (1 = Захтиjева даљи напредак; 2 = Дjелимично испуњава; 3 = Испуњава; 4 = У потпуности испуњава)",ALLDOMAINS,Број,2
2021,"Земље са миграционим политикама за олакшавање уредне, безбjедне, редовне и одговорне миграције и мобилности људи, по домену политике (1 = Захтиjева даљи напредак; 2 = Дjелимично испуњава; 3 = Испуњава; 4 = У потпуности испуњава)",DOMAIN1,Број,3
2021,"Земље са миграционим политикама за олакшавање уредне, безбjедне, редовне и одговорне миграције и мобилности људи, по домену политике (1 = Захтиjева даљи напредак; 2 = Дjелимично испуњава; 3 = Испуњава; 4 = У потпуности испуњава)",DOMAIN2,Број,2
2021,"Земље са миграционим политикама за олакшавање уредне, безбjедне, редовне и одговорне миграције и мобилности људи, по домену политике (1 = Захтиjева даљи напредак; 2 = Дjелимично испуњава; 3 = Испуњава; 4 = У потпуности испуњава)",DOMAIN3,Број,2
2021,"Земље са миграционим политикама за олакшавање уредне, безбjедне, редовне и одговорне миграције и мобилности људи, по домену политике (1 = Захтиjева даљи напредак; 2 = Дjелимично испуњава; 3 = Испуњава; 4 = У потпуности испуњава)",DOMAIN4,Број,2
2021,"Земље са миграционим политикама за олакшавање уредне, безбjедне, редовне и одговорне миграције и мобилности људи, по домену политике (1 = Захтиjева даљи напредак; 2 = Дjелимично испуњава; 3 = Испуњава; 4 = У потпуности испуњава)",DOMAIN5,Број,2
2021,"Земље са миграционим политикама за олакшавање уредне, безбjедне, редовне и одговорне миграције и мобилности људи, по домену политике (1 = Захтиjева даљи напредак; 2 = Дjелимично испуњава; 3 = Испуњава; 4 = У потпуности испуњава)",DOMAIN6,Број,4
