Year,SERIES,UNIT_MEASURE,Value
2000,SM_POP_REFG_OR,Проценат,11864.697
2001,SM_POP_REFG_OR,Проценат,10643.422
2002,SM_POP_REFG_OR,Проценат,9756.868
2003,SM_POP_REFG_OR,Проценат,7385.473
2004,SM_POP_REFG_OR,Проценат,5730.343
2005,SM_POP_REFG_OR,Проценат,2836.737
2006,SM_POP_REFG_OR,Проценат,5042.354
2007,SM_POP_REFG_OR,Проценат,2037.642
2008,SM_POP_REFG_OR,Проценат,1942.162
2009,SM_POP_REFG_OR,Проценат,1839.408
2010,SM_POP_REFG_OR,Проценат,1671.684
2011,SM_POP_REFG_OR,Проценат,1574.624
2012,SM_POP_REFG_OR,Проценат,1416.954
2013,SM_POP_REFG_OR,Проценат,750.465
2014,SM_POP_REFG_OR,Проценат,624.517
2015,SM_POP_REFG_OR,Проценат,544.151
2016,SM_POP_REFG_OR,Проценат,534.417
2017,SM_POP_REFG_OR,Проценат,525.047
2018,SM_POP_REFG_OR,Проценат,507.53
2019,SM_POP_REFG_OR,Проценат,499.042
2020,SM_POP_REFG_OR,Проценат,473.996
