Year,SERIES,UNIT_MEASURE,Value
2014,Укупни смртни случајеви и нестанци забиљежени током миграције,Број,0
2015,Укупни смртни случајеви и нестанци забиљежени током миграције,Број,0
2016,Укупни смртни случајеви и нестанци забиљежени током миграције,Број,0
2017,Укупни смртни случајеви и нестанци забиљежени током миграције,Број,0
2018,Укупни смртни случајеви и нестанци забиљежени током миграције,Број,4
2019,Укупни смртни случајеви и нестанци забиљежени током миграције,Број,22
2020,Укупни смртни случајеви и нестанци забиљежени током миграције,Број,22
2021,Укупни смртни случајеви и нестанци забиљежени током миграције,Број,10
2022,Укупни смртни случајеви и нестанци забиљежени током миграције,Број,8
