Year,SERIES,UNIT_MEASURE,Value
2011,Трошкови дознака као пропорција дозначеног износа,Проценат,13.93
2015,Трошкови дознака као пропорција дозначеног износа,Проценат,7.28
2017,Трошкови дознака као пропорција дозначеног износа,Проценат,6.5
2018,Трошкови дознака као пропорција дозначеног износа,Проценат,6.9
2019,Трошкови дознака као пропорција дозначеног износа,Проценат,7.44
