Year,SERIES,UNIT_MEASURE,COMPOSITE_BREAKDOWN,Value
2020,Однос стопе потрошње земљишта и стопе раста популације,RO,Бања Лука,-0.0095
2020,Однос стопе потрошње земљишта и стопе раста популације,RO,Сарајевo,-0.3993
2020,Однос стопе потрошње земљишта и стопе раста популације,RO,Тузла,-0.0401
2020,Однос стопе потрошње земљишта и стопе раста популације,RO,Зеница,-0.0176
