Year,SERIES,UNIT_MEASURE,COMPOSITE_BREAKDOWN,Value
2020,Однос стопе потрошње земљишта и стопе раста популације,Однос,BA_BANJA_LUKA,-0.0095
2020,Однос стопе потрошње земљишта и стопе раста популације,Однос,BA_SARAJEVO,-0.3993
2020,Однос стопе потрошње земљишта и стопе раста популације,Однос,BA_TUZLA,-0.0401
2020,Однос стопе потрошње земљишта и стопе раста популације,Однос,BA_ZENICA,-0.0176
