Year,SERIES,UNIT_MEASURE,Сектор прехрамбеног отпада,Value
2019,AG_FOOD_WST,Тоне,Домаћинства,273269.2359
2019,AG_FOOD_WST,Тоне,Потрошња изван домаћинства,91266.29414
2019,AG_FOOD_WST,Тоне,Малопродаја,51628.39459
2019,AG_FOOD_WST_PC,Тоне,Домаћинства,82.78377
2019,AG_FOOD_WST_PC,Тоне,Потрошња изван домаћинства,27.64808
2019,AG_FOOD_WST_PC,Тоне,Малопродаја,15.64023
