Year,SERIES,UNIT_MEASURE,Value
2008,Примјена стандардних рачуноводствених алата за праћење економских аспеката и аспеката животне средине туризма (СЕЕА таблице),Број,0
2009,Примјена стандардних рачуноводствених алата за праћење економских аспеката и аспеката животне средине туризма (СЕЕА таблице),Број,0
2010,Примјена стандардних рачуноводствених алата за праћење економских аспеката и аспеката животне средине туризма (СЕЕА таблице),Број,0
2011,Примјена стандардних рачуноводствених алата за праћење економских аспеката и аспеката животне средине туризма (СЕЕА таблице),Број,0
2012,Примјена стандардних рачуноводствених алата за праћење економских аспеката и аспеката животне средине туризма (СЕЕА таблице),Број,0
2013,Примјена стандардних рачуноводствених алата за праћење економских аспеката и аспеката животне средине туризма (СЕЕА таблице),Број,0
2014,Примјена стандардних рачуноводствених алата за праћење економских аспеката и аспеката животне средине туризма (СЕЕА таблице),Број,0
2015,Примјена стандардних рачуноводствених алата за праћење економских аспеката и аспеката животне средине туризма (СЕЕА таблице),Број,0
2016,Примјена стандардних рачуноводствених алата за праћење економских аспеката и аспеката животне средине туризма (СЕЕА таблице),Број,0
2017,Примјена стандардних рачуноводствених алата за праћење економских аспеката и аспеката животне средине туризма (СЕЕА таблице),Број,0
2018,Примјена стандардних рачуноводствених алата за праћење економских аспеката и аспеката животне средине туризма (СЕЕА таблице),Број,0
2019,Примјена стандардних рачуноводствених алата за праћење економских аспеката и аспеката животне средине туризма (СЕЕА таблице),Број,0
2020,Примјена стандардних рачуноводствених алата за праћење економских аспеката и аспеката животне средине туризма (СЕЕА таблице),Број,0
2021,Примјена стандардних рачуноводствених алата за праћење економских аспеката и аспеката животне средине туризма (СЕЕА таблице),Број,0
2008,Примјена стандардних рачуноводствених алата за праћење економских аспеката и аспеката животне средине туризма (таблице сателитских рачуна туризма),Број,0
2009,Примјена стандардних рачуноводствених алата за праћење економских аспеката и аспеката животне средине туризма (таблице сателитских рачуна туризма),Број,0
2010,Примјена стандардних рачуноводствених алата за праћење економских аспеката и аспеката животне средине туризма (таблице сателитских рачуна туризма),Број,0
2011,Примјена стандардних рачуноводствених алата за праћење економских аспеката и аспеката животне средине туризма (таблице сателитских рачуна туризма),Број,0
2012,Примјена стандардних рачуноводствених алата за праћење економских аспеката и аспеката животне средине туризма (таблице сателитских рачуна туризма),Број,0
2013,Примјена стандардних рачуноводствених алата за праћење економских аспеката и аспеката животне средине туризма (таблице сателитских рачуна туризма),Број,0
2014,Примјена стандардних рачуноводствених алата за праћење економских аспеката и аспеката животне средине туризма (таблице сателитских рачуна туризма),Број,0
2015,Примјена стандардних рачуноводствених алата за праћење економских аспеката и аспеката животне средине туризма (таблице сателитских рачуна туризма),Број,0
2016,Примјена стандардних рачуноводствених алата за праћење економских аспеката и аспеката животне средине туризма (таблице сателитских рачуна туризма),Број,0
2017,Примјена стандардних рачуноводствених алата за праћење економских аспеката и аспеката животне средине туризма (таблице сателитских рачуна туризма),Број,0
2018,Примјена стандардних рачуноводствених алата за праћење економских аспеката и аспеката животне средине туризма (таблице сателитских рачуна туризма),Број,0
2019,Примјена стандардних рачуноводствених алата за праћење економских аспеката и аспеката животне средине туризма (таблице сателитских рачуна туризма),Број,0
2020,Примјена стандардних рачуноводствених алата за праћење економских аспеката и аспеката животне средине туризма (таблице сателитских рачуна туризма),Број,0
2021,Примјена стандардних рачуноводствених алата за праћење економских аспеката и аспеката животне средине туризма (таблице сателитских рачуна туризма),Број,0
2008,Примјена стандардних рачуноводствених алата за праћење економских и еколошких аспеката туризма (број табела),Број,0
2009,Примјена стандардних рачуноводствених алата за праћење економских и еколошких аспеката туризма (број табела),Број,0
2010,Примјена стандардних рачуноводствених алата за праћење економских и еколошких аспеката туризма (број табела),Број,0
2011,Примјена стандардних рачуноводствених алата за праћење економских и еколошких аспеката туризма (број табела),Број,0
2012,Примјена стандардних рачуноводствених алата за праћење економских и еколошких аспеката туризма (број табела),Број,0
2013,Примјена стандардних рачуноводствених алата за праћење економских и еколошких аспеката туризма (број табела),Број,0
2014,Примјена стандардних рачуноводствених алата за праћење економских и еколошких аспеката туризма (број табела),Број,0
2015,Примјена стандардних рачуноводствених алата за праћење економских и еколошких аспеката туризма (број табела),Број,0
2016,Примјена стандардних рачуноводствених алата за праћење економских и еколошких аспеката туризма (број табела),Број,0
2017,Примјена стандардних рачуноводствених алата за праћење економских и еколошких аспеката туризма (број табела),Број,0
2018,Примјена стандардних рачуноводствених алата за праћење економских и еколошких аспеката туризма (број табела),Број,0
2019,Примјена стандардних рачуноводствених алата за праћење економских и еколошких аспеката туризма (број табела),Број,0
2020,Примјена стандардних рачуноводствених алата за праћење економских и еколошких аспеката туризма (број табела),Број,0
2021,Примјена стандардних рачуноводствених алата за праћење економских и еколошких аспеката туризма (број табела),Број,0
