Year,SERIES,Биоклиматски појас,Покривеност земљишта,UNIT_MEASURE,Value
2000,Индекс планинског зеленог покривача,Планински,Вјештачке површине,Проценат,0.33
2005,Индекс планинског зеленог покривача,Планински,Вјештачке површине,Проценат,0.38
2010,Индекс планинског зеленог покривача,Планински,Вјештачке површине,Проценат,0.43
2015,Индекс планинског зеленог покривача,Планински,Вјештачке површине,Проценат,0.5
2018,Индекс планинског зеленог покривача,Планински,Вјештачке површине,Проценат,0.5
2000,Индекс планинског зеленог покривача,Планински,Усјеви,Проценат,18.81
2005,Индекс планинског зеленог покривача,Планински,Усјеви,Проценат,18.28
2010,Индекс планинског зеленог покривача,Планински,Усјеви,Проценат,17.12
2015,Индекс планинског зеленог покривача,Планински,Усјеви,Проценат,16.92
2018,Индекс планинског зеленог покривача,Планински,Усјеви,Проценат,17.08
2000,Индекс планинског зеленог покривача,Планински,Трајни снијег и глечери,Проценат,0.0
2005,Индекс планинског зеленог покривача,Планински,Трајни снијег и глечери,Проценат,0.0
2010,Индекс планинског зеленог покривача,Планински,Трајни снијег и глечери,Проценат,0.0
2015,Индекс планинског зеленог покривача,Планински,Трајни снијег и глечери,Проценат,0.0
2018,Индекс планинског зеленог покривача,Планински,Трајни снијег и глечери,Проценат,0.0
2000,Индекс планинског зеленог покривача,Планински,Травнате површине,Проценат,13.14
2005,Индекс планинског зеленог покривача,Планински,Травнате површине,Проценат,13.18
2010,Индекс планинског зеленог покривача,Планински,Травнате површине,Проценат,13.12
2015,Индекс планинског зеленог покривача,Планински,Травнате површине,Проценат,13.02
2018,Индекс планинског зеленог покривача,Планински,Травнате површине,Проценат,13.07
2000,Индекс планинског зеленог покривача,Планински,"Грмље и/или зељаста вегетација, водена или редовно плављена подручја",Проценат,0.08
2005,Индекс планинског зеленог покривача,Планински,"Грмље и/или зељаста вегетација, водена или редовно плављена подручја",Проценат,0.08
2010,Индекс планинског зеленог покривача,Планински,"Грмље и/или зељаста вегетација, водена или редовно плављена подручја",Проценат,0.08
2015,Индекс планинског зеленог покривача,Планински,"Грмље и/или зељаста вегетација, водена или редовно плављена подручја",Проценат,0.08
2018,Индекс планинског зеленог покривача,Планински,"Грмље и/или зељаста вегетација, водена или редовно плављена подручја",Проценат,0.08
2000,Индекс планинског зеленог покривача,Планински,Унутрашње водене површине,Проценат,0.34
2005,Индекс планинског зеленог покривача,Планински,Унутрашње водене површине,Проценат,0.34
2010,Индекс планинског зеленог покривача,Планински,Унутрашње водене површине,Проценат,0.33
2015,Индекс планинског зеленог покривача,Планински,Унутрашње водене површине,Проценат,0.33
2018,Индекс планинског зеленог покривача,Планински,Унутрашње водене површине,Проценат,0.33
2000,Индекс планинског зеленог покривача,Планински,Индекс зеленог покривача планине(MGCI),Проценат,99.23
2005,Индекс планинског зеленог покривача,Планински,Индекс зеленог покривача планине(MGCI),Проценат,99.18
2010,Индекс планинског зеленог покривача,Планински,Индекс зеленог покривача планине(MGCI),Проценат,99.13
2015,Индекс планинског зеленог покривача,Планински,Индекс зеленог покривача планине(MGCI),Проценат,99.06
2018,Индекс планинског зеленог покривача,Планински,Индекс зеленог покривача планине(MGCI),Проценат,99.05
2000,Индекс планинског зеленог покривача,Планински,Површине прекривене жбуњем,Проценат,1.09
2005,Индекс планинског зеленог покривача,Планински,Површине прекривене жбуњем,Проценат,1.08
2010,Индекс планинског зеленог покривача,Планински,Површине прекривене жбуњем,Проценат,1.08
2015,Индекс планинског зеленог покривача,Планински,Површине прекривене жбуњем,Проценат,1.08
2018,Индекс планинског зеленог покривача,Планински,Површине прекривене жбуњем,Проценат,1.09
2000,Индекс планинског зеленог покривача,Планински,Површине са ријетком вегетацијом,Проценат,0.07
2005,Индекс планинског зеленог покривача,Планински,Површине са ријетком вегетацијом,Проценат,0.07
2010,Индекс планинског зеленог покривача,Планински,Површине са ријетком вегетацијом,Проценат,0.08
2015,Индекс планинског зеленог покривача,Планински,Површине са ријетком вегетацијом,Проценат,0.08
2018,Индекс планинског зеленог покривача,Планински,Површине са ријетком вегетацијом,Проценат,0.08
2000,Индекс планинског зеленог покривача,Планински,Неплодна земља,Проценат,0.03
2005,Индекс планинског зеленог покривача,Планински,Неплодна земља,Проценат,0.03
2010,Индекс планинског зеленог покривача,Планински,Неплодна земља,Проценат,0.03
2015,Индекс планинског зеленог покривача,Планински,Неплодна земља,Проценат,0.03
2018,Индекс планинског зеленог покривача,Планински,Неплодна земља,Проценат,0.03
2000,Индекс планинског зеленог покривача,Планински,Подручја покривена дрвећем,Проценат,66.11
2005,Индекс планинског зеленог покривача,Планински,Подручја покривена дрвећем,Проценат,66.56
2010,Индекс планинског зеленог покривача,Планински,Подручја покривена дрвећем,Проценат,67.72
2015,Индекс планинског зеленог покривача,Планински,Подручја покривена дрвећем,Проценат,67.97
2018,Индекс планинског зеленог покривача,Планински,Подручја покривена дрвећем,Проценат,67.73
2000,Индекс планинског зеленог покривача,Преостало планинско подручје,Вјештачке површине,Проценат,0.0
2005,Индекс планинског зеленог покривача,Преостало планинско подручје,Вјештачке површине,Проценат,0.0
2010,Индекс планинског зеленог покривача,Преостало планинско подручје,Вјештачке површине,Проценат,0.0
2015,Индекс планинског зеленог покривача,Преостало планинско подручје,Вјештачке површине,Проценат,0.0
2018,Индекс планинског зеленог покривача,Преостало планинско подручје,Вјештачке површине,Проценат,0.0
2000,Индекс планинског зеленог покривача,Преостало планинско подручје,Усјеви,Проценат,30.07
2005,Индекс планинског зеленог покривача,Преостало планинско подручје,Усјеви,Проценат,26.41
2010,Индекс планинског зеленог покривача,Преостало планинско подручје,Усјеви,Проценат,26.98
2015,Индекс планинског зеленог покривача,Преостало планинско подручје,Усјеви,Проценат,23.89
2018,Индекс планинског зеленог покривача,Преостало планинско подручје,Усјеви,Проценат,24.14
2000,Индекс планинског зеленог покривача,Преостало планинско подручје,Трајни снијег и глечери,Проценат,0.0
2005,Индекс планинског зеленог покривача,Преостало планинско подручје,Трајни снијег и глечери,Проценат,0.0
2010,Индекс планинског зеленог покривача,Преостало планинско подручје,Трајни снијег и глечери,Проценат,0.0
2015,Индекс планинског зеленог покривача,Преостало планинско подручје,Трајни снијег и глечери,Проценат,0.0
2018,Индекс планинског зеленог покривача,Преостало планинско подручје,Трајни снијег и глечери,Проценат,0.0
2000,Индекс планинског зеленог покривача,Преостало планинско подручје,Травнате површине,Проценат,3.78
2005,Индекс планинског зеленог покривача,Преостало планинско подручје,Травнате површине,Проценат,3.78
2010,Индекс планинског зеленог покривача,Преостало планинско подручје,Травнате површине,Проценат,3.78
2015,Индекс планинског зеленог покривача,Преостало планинско подручје,Травнате површине,Проценат,3.78
2018,Индекс планинског зеленог покривача,Преостало планинско подручје,Травнате површине,Проценат,3.78
2000,Индекс планинског зеленог покривача,Преостало планинско подручје,"Грмље и/или зељаста вегетација, водена или редовно плављена подручја",Проценат,0.0
2005,Индекс планинског зеленог покривача,Преостало планинско подручје,"Грмље и/или зељаста вегетација, водена или редовно плављена подручја",Проценат,0.0
2010,Индекс планинског зеленог покривача,Преостало планинско подручје,"Грмље и/или зељаста вегетација, водена или редовно плављена подручја",Проценат,0.0
2015,Индекс планинског зеленог покривача,Преостало планинско подручје,"Грмље и/или зељаста вегетација, водена или редовно плављена подручја",Проценат,0.0
2018,Индекс планинског зеленог покривача,Преостало планинско подручје,"Грмље и/или зељаста вегетација, водена или редовно плављена подручја",Проценат,0.0
2000,Индекс планинског зеленог покривача,Преостало планинско подручје,Унутрашње водене површине,Проценат,0.0
2005,Индекс планинског зеленог покривача,Преостало планинско подручје,Унутрашње водене површине,Проценат,0.0
2010,Индекс планинског зеленог покривача,Преостало планинско подручје,Унутрашње водене површине,Проценат,0.0
2015,Индекс планинског зеленог покривача,Преостало планинско подручје,Унутрашње водене површине,Проценат,0.0
2018,Индекс планинског зеленог покривача,Преостало планинско подручје,Унутрашње водене површине,Проценат,0.0
2000,Индекс планинског зеленог покривача,Преостало планинско подручје,Индекс зеленог покривача планине(MGCI),Проценат,99.15
2005,Индекс планинског зеленог покривача,Преостало планинско подручје,Индекс зеленог покривача планине(MGCI),Проценат,99.15
2010,Индекс планинског зеленог покривача,Преостало планинско подручје,Индекс зеленог покривача планине(MGCI),Проценат,99.15
2015,Индекс планинског зеленог покривача,Преостало планинско подручје,Индекс зеленог покривача планине(MGCI),Проценат,99.15
2018,Индекс планинског зеленог покривача,Преостало планинско подручје,Индекс зеленог покривача планине(MGCI),Проценат,99.15
2000,Индекс планинског зеленог покривача,Преостало планинско подручје,Површине прекривене жбуњем,Проценат,42.91
2005,Индекс планинског зеленог покривача,Преостало планинско подручје,Површине прекривене жбуњем,Проценат,42.91
2010,Индекс планинског зеленог покривача,Преостало планинско подручје,Површине прекривене жбуњем,Проценат,43.48
2015,Индекс планинског зеленог покривача,Преостало планинско подручје,Површине прекривене жбуњем,Проценат,43.48
2018,Индекс планинског зеленог покривача,Преостало планинско подручје,Површине прекривене жбуњем,Проценат,43.48
2000,Индекс планинског зеленог покривача,Преостало планинско подручје,Површине са ријетком вегетацијом,Проценат,0.85
2005,Индекс планинског зеленог покривача,Преостало планинско подручје,Површине са ријетком вегетацијом,Проценат,0.85
2010,Индекс планинског зеленог покривача,Преостало планинско подручје,Површине са ријетком вегетацијом,Проценат,0.85
2015,Индекс планинског зеленог покривача,Преостало планинско подручје,Површине са ријетком вегетацијом,Проценат,0.85
2018,Индекс планинског зеленог покривача,Преостало планинско подручје,Површине са ријетком вегетацијом,Проценат,0.85
2000,Индекс планинског зеленог покривача,Преостало планинско подручје,Неплодна земља,Проценат,0.0
2005,Индекс планинског зеленог покривача,Преостало планинско подручје,Неплодна земља,Проценат,0.0
2010,Индекс планинског зеленог покривача,Преостало планинско подручје,Неплодна земља,Проценат,0.0
2015,Индекс планинског зеленог покривача,Преостало планинско подручје,Неплодна земља,Проценат,0.0
2018,Индекс планинског зеленог покривача,Преостало планинско подручје,Неплодна земља,Проценат,0.0
2000,Индекс планинског зеленог покривача,Преостало планинско подручје,Подручја покривена дрвећем,Проценат,22.39
2005,Индекс планинског зеленог покривача,Преостало планинско подручје,Подручја покривена дрвећем,Проценат,26.05
2010,Индекс планинског зеленог покривача,Преостало планинско подручје,Подручја покривена дрвећем,Проценат,24.91
2015,Индекс планинског зеленог покривача,Преостало планинско подручје,Подручја покривена дрвећем,Проценат,28.04
2018,Индекс планинског зеленог покривача,Преостало планинско подручје,Подручја покривена дрвећем,Проценат,27.75
2000,Индекс планинског зеленог покривача,Укупно,Вјештачке површине,Проценат,0.33
2005,Индекс планинског зеленог покривача,Укупно,Вјештачке површине,Проценат,0.38
2010,Индекс планинског зеленог покривача,Укупно,Вјештачке површине,Проценат,0.43
2015,Индекс планинског зеленог покривача,Укупно,Вјештачке површине,Проценат,0.5
2018,Индекс планинског зеленог покривача,Укупно,Вјештачке површине,Проценат,0.5
2000,Индекс планинског зеленог покривача,Укупно,Усјеви,Проценат,18.82
2005,Индекс планинског зеленог покривача,Укупно,Усјеви,Проценат,18.28
2010,Индекс планинског зеленог покривача,Укупно,Усјеви,Проценат,17.13
2015,Индекс планинског зеленог покривача,Укупно,Усјеви,Проценат,16.92
2018,Индекс планинског зеленог покривача,Укупно,Усјеви,Проценат,17.08
2000,Индекс планинског зеленог покривача,Укупно,Трајни снијег и глечери,Проценат,0.0
2005,Индекс планинског зеленог покривача,Укупно,Трајни снијег и глечери,Проценат,0.0
2010,Индекс планинског зеленог покривача,Укупно,Трајни снијег и глечери,Проценат,0.0
2015,Индекс планинског зеленог покривача,Укупно,Трајни снијег и глечери,Проценат,0.0
2018,Индекс планинског зеленог покривача,Укупно,Трајни снијег и глечери,Проценат,0.0
2000,Индекс планинског зеленог покривача,Укупно,Травнате површине,Проценат,13.14
2005,Индекс планинског зеленог покривача,Укупно,Травнате површине,Проценат,13.18
2010,Индекс планинског зеленог покривача,Укупно,Травнате површине,Проценат,13.12
2015,Индекс планинског зеленог покривача,Укупно,Травнате површине,Проценат,13.01
2018,Индекс планинског зеленог покривача,Укупно,Травнате површине,Проценат,13.06
2000,Индекс планинског зеленог покривача,Укупно,"Грмље и/или зељаста вегетација, водена или редовно плављена подручја",Проценат,0.08
2005,Индекс планинског зеленог покривача,Укупно,"Грмље и/или зељаста вегетација, водена или редовно плављена подручја",Проценат,0.08
2010,Индекс планинског зеленог покривача,Укупно,"Грмље и/или зељаста вегетација, водена или редовно плављена подручја",Проценат,0.08
2015,Индекс планинског зеленог покривача,Укупно,"Грмље и/или зељаста вегетација, водена или редовно плављена подручја",Проценат,0.08
2018,Индекс планинског зеленог покривача,Укупно,"Грмље и/или зељаста вегетација, водена или редовно плављена подручја",Проценат,0.08
2000,Индекс планинског зеленог покривача,Укупно,Унутрашње водене површине,Проценат,0.34
2005,Индекс планинског зеленог покривача,Укупно,Унутрашње водене површине,Проценат,0.34
2010,Индекс планинског зеленог покривача,Укупно,Унутрашње водене површине,Проценат,0.33
2015,Индекс планинског зеленог покривача,Укупно,Унутрашње водене површине,Проценат,0.33
2018,Индекс планинског зеленог покривача,Укупно,Унутрашње водене површине,Проценат,0.33
2000,Индекс планинског зеленог покривача,Укупно,Индекс зеленог покривача планине(MGCI),Проценат,99.23
2005,Индекс планинског зеленог покривача,Укупно,Индекс зеленог покривача планине(MGCI),Проценат,99.18
2010,Индекс планинског зеленог покривача,Укупно,Индекс зеленог покривача планине(MGCI),Проценат,99.13
2015,Индекс планинског зеленог покривача,Укупно,Индекс зеленог покривача планине(MGCI),Проценат,99.06
2018,Индекс планинског зеленог покривача,Укупно,Индекс зеленог покривача планине(MGCI),Проценат,99.05
2000,Индекс планинског зеленог покривача,Укупно,Површине прекривене жбуњем,Проценат,1.12
2005,Индекс планинског зеленог покривача,Укупно,Површине прекривене жбуњем,Проценат,1.11
2010,Индекс планинског зеленог покривача,Укупно,Површине прекривене жбуњем,Проценат,1.11
2015,Индекс планинског зеленог покривача,Укупно,Површине прекривене жбуњем,Проценат,1.11
2018,Индекс планинског зеленог покривача,Укупно,Површине прекривене жбуњем,Проценат,1.11
2000,Индекс планинског зеленог покривача,Укупно,Површине са ријетком вегетацијом,Проценат,0.7
2005,Индекс планинског зеленог покривача,Укупно,Површине са ријетком вегетацијом,Проценат,0.7
2010,Индекс планинског зеленог покривача,Укупно,Површине са ријетком вегетацијом,Проценат,0.8
2015,Индекс планинског зеленог покривача,Укупно,Површине са ријетком вегетацијом,Проценат,0.8
2018,Индекс планинског зеленог покривача,Укупно,Површине са ријетком вегетацијом,Проценат,0.8
2000,Индекс планинског зеленог покривача,Укупно,Неплодна земља,Проценат,0.03
2005,Индекс планинског зеленог покривача,Укупно,Неплодна земља,Проценат,0.03
2010,Индекс планинског зеленог покривача,Укупно,Неплодна земља,Проценат,0.03
2015,Индекс планинског зеленог покривача,Укупно,Неплодна земља,Проценат,0.03
2018,Индекс планинског зеленог покривача,Укупно,Неплодна земља,Проценат,0.03
2000,Индекс планинског зеленог покривача,Укупно,Подручја покривена дрвећем,Проценат,66.08
2005,Индекс планинског зеленог покривача,Укупно,Подручја покривена дрвећем,Проценат,66.53
2010,Индекс планинског зеленог покривача,Укупно,Подручја покривена дрвећем,Проценат,67.69
2015,Индекс планинског зеленог покривача,Укупно,Подручја покривена дрвећем,Проценат,67.94
2018,Индекс планинског зеленог покривача,Укупно,Подручја покривена дрвећем,Проценат,67.71
2005,Индекс планинског зеленог покривача (квадратних километара),Планински,Вјештачке површине,Квадратних километара,144.0
2010,Индекс планинског зеленог покривача (квадратних километара),Планински,Вјештачке површине,Квадратних километара,163.86
2015,Индекс планинског зеленог покривача (квадратних километара),Планински,Вјештачке површине,Квадратних километара,188.28
2018,Индекс планинског зеленог покривача (квадратних километара),Планински,Вјештачке површине,Квадратних километара,191.99
2005,Индекс планинског зеленог покривача (квадратних километара),Планински,Усјеви,Квадратних километара,6950.25
2010,Индекс планинског зеленог покривача (квадратних километара),Планински,Усјеви,Квадратних километара,6511.69
2015,Индекс планинског зеленог покривача (квадратних километара),Планински,Усјеви,Квадратних километара,6432.99
2018,Индекс планинског зеленог покривача (квадратних километара),Планински,Усјеви,Квадратних километара,6494.72
2005,Индекс планинског зеленог покривача (квадратних километара),Планински,Трајни снијег и глечери,Квадратних километара,0.0
2010,Индекс планинског зеленог покривача (квадратних километара),Планински,Трајни снијег и глечери,Квадратних километара,0.0
2015,Индекс планинског зеленог покривача (квадратних километара),Планински,Трајни снијег и глечери,Квадратних километара,0.0
2018,Индекс планинског зеленог покривача (квадратних километара),Планински,Трајни снијег и глечери,Квадратних километара,0.0
2005,Индекс планинског зеленог покривача (квадратних километара),Планински,Травнате површине,Квадратних километара,5013.66
2010,Индекс планинског зеленог покривача (квадратних километара),Планински,Травнате површине,Квадратних километара,4990.11
2015,Индекс планинског зеленог покривача (квадратних километара),Планински,Травнате површине,Квадратних километара,4950.42
2018,Индекс планинског зеленог покривача (квадратних километара),Планински,Травнате површине,Квадратних километара,4969.21
2005,Индекс планинског зеленог покривача (квадратних километара),Планински,"Грмље и/или зељаста вегетација, водена или редовно плављена подручја",Квадратних километара,31.34
2010,Индекс планинског зеленог покривача (квадратних километара),Планински,"Грмље и/или зељаста вегетација, водена или редовно плављена подручја",Квадратних километара,30.79
2015,Индекс планинског зеленог покривача (квадратних километара),Планински,"Грмље и/или зељаста вегетација, водена или редовно плављена подручја",Квадратних километара,30.24
2018,Индекс планинског зеленог покривача (квадратних километара),Планински,"Грмље и/или зељаста вегетација, водена или редовно плављена подручја",Квадратних километара,30.31
2005,Индекс планинског зеленог покривача (квадратних километара),Планински,Унутрашње водене површине,Квадратних километара,127.84
2010,Индекс планинског зеленог покривача (квадратних километара),Планински,Унутрашње водене површине,Квадратних километара,127.08
2015,Индекс планинског зеленог покривача (квадратних километара),Планински,Унутрашње водене површине,Квадратних километара,127.08
2018,Индекс планинског зеленог покривача (квадратних километара),Планински,Унутрашње водене површине,Квадратних километара,127.08
2005,Индекс планинског зеленог покривача (квадратних километара),Планински,Индекс зеленог покривача планине(MGCI),Квадратних километара,37718.79
2010,Индекс планинског зеленог покривача (квадратних километара),Планински,Индекс зеленог покривача планине(MGCI),Квадратних километара,37696.82
2015,Индекс планинског зеленог покривача (квадратних километара),Планински,Индекс зеленог покривача планине(MGCI),Квадратних километара,37671.22
2018,Индекс планинског зеленог покривача (квадратних километара),Планински,Индекс зеленог покривача планине(MGCI),Квадратних километара,37666.77
2005,Индекс планинског зеленог покривача (квадратних километара),Планински,Површине прекривене жбуњем,Квадратних километара,412.07
2010,Индекс планинског зеленог покривача (квадратних километара),Планински,Површине прекривене жбуњем,Квадратних километара,410.18
2015,Индекс планинског зеленог покривача (квадратних километара),Планински,Површине прекривене жбуњем,Квадратних километара,408.85
2018,Индекс планинског зеленог покривача (квадратних километара),Планински,Површине прекривене жбуњем,Квадратних километара,413.61
2005,Индекс планинског зеленог покривача (квадратних километара),Планински,Површине са ријетком вегетацијом,Квадратних километара,27.06
2010,Индекс планинског зеленог покривача (квадратних километара),Планински,Површине са ријетком вегетацијом,Квадратних километара,30.21
2015,Индекс планинског зеленог покривача (квадратних километара),Планински,Површине са ријетком вегетацијом,Квадратних километара,30.48
2018,Индекс планинског зеленог покривача (квадратних километара),Планински,Површине са ријетком вегетацијом,Квадратних километара,30.62
2005,Индекс планинског зеленог покривача (квадратних километара),Планински,Неплодна земља,Квадратних километара,11.82
2010,Индекс планинског зеленог покривача (квадратних километара),Планински,Неплодна земља,Квадратних километара,11.55
2015,Индекс планинског зеленог покривача (квадратних километара),Планински,Неплодна земља,Квадратних километара,12.45
2018,Индекс планинског зеленог покривача (квадратних километара),Планински,Неплодна земља,Квадратних километара,13.05
2005,Индекс планинског зеленог покривача (квадратних километара),Планински,Подручја покривена дрвећем,Квадратних километара,25311.47
2010,Индекс планинског зеленог покривача (квадратних километара),Планински,Подручја покривена дрвећем,Квадратних километара,25754.05
2015,Индекс планинског зеленог покривача (квадратних километара),Планински,Подручја покривена дрвећем,Квадратних километара,25848.72
2018,Индекс планинског зеленог покривача (квадратних километара),Планински,Подручја покривена дрвећем,Квадратних километара,25758.93
2005,Индекс планинског зеленог покривача (квадратних километара),Преостало планинско подручје,Вјештачке површине,Квадратних километара,0.0
2010,Индекс планинског зеленог покривача (квадратних километара),Преостало планинско подручје,Вјештачке површине,Квадратних километара,0.0
2015,Индекс планинског зеленог покривача (квадратних километара),Преостало планинско подручје,Вјештачке површине,Квадратних километара,0.0
2018,Индекс планинског зеленог покривача (квадратних километара),Преостало планинско подручје,Вјештачке површине,Квадратних километара,0.0
2005,Индекс планинског зеленог покривача (квадратних километара),Преостало планинско подручје,Усјеви,Квадратних километара,6.5
2010,Индекс планинског зеленог покривача (квадратних километара),Преостало планинско подручје,Усјеви,Квадратних километара,6.64
2015,Индекс планинског зеленог покривача (квадратних километара),Преостало планинско подручје,Усјеви,Квадратних километара,5.88
2018,Индекс планинског зеленог покривача (квадратних километара),Преостало планинско подручје,Усјеви,Квадратних километара,5.94
2005,Индекс планинског зеленог покривача (квадратних километара),Преостало планинско подручје,Трајни снијег и глечери,Квадратних километара,0.0
2010,Индекс планинског зеленог покривача (квадратних километара),Преостало планинско подручје,Трајни снијег и глечери,Квадратних километара,0.0
2015,Индекс планинског зеленог покривача (квадратних километара),Преостало планинско подручје,Трајни снијег и глечери,Квадратних километара,0.0
2018,Индекс планинског зеленог покривача (квадратних километара),Преостало планинско подручје,Трајни снијег и глечери,Квадратних километара,0.0
2005,Индекс планинског зеленог покривача (квадратних километара),Преостало планинско подручје,Травнате површине,Квадратних километара,0.93
2010,Индекс планинског зеленог покривача (квадратних километара),Преостало планинско подручје,Травнате површине,Квадратних километара,0.93
2015,Индекс планинског зеленог покривача (квадратних километара),Преостало планинско подручје,Травнате површине,Квадратних километара,0.93
2018,Индекс планинског зеленог покривача (квадратних километара),Преостало планинско подручје,Травнате површине,Квадратних километара,0.93
2005,Индекс планинског зеленог покривача (квадратних километара),Преостало планинско подручје,"Грмље и/или зељаста вегетација, водена или редовно плављена подручја",Квадратних километара,0.0
2010,Индекс планинског зеленог покривача (квадратних километара),Преостало планинско подручје,"Грмље и/или зељаста вегетација, водена или редовно плављена подручја",Квадратних километара,0.0
2015,Индекс планинског зеленог покривача (квадратних километара),Преостало планинско подручје,"Грмље и/или зељаста вегетација, водена или редовно плављена подручја",Квадратних километара,0.0
2018,Индекс планинског зеленог покривача (квадратних километара),Преостало планинско подручје,"Грмље и/или зељаста вегетација, водена или редовно плављена подручја",Квадратних километара,0.0
2005,Индекс планинског зеленог покривача (квадратних километара),Преостало планинско подручје,Унутрашње водене површине,Квадратних километара,0.0
2010,Индекс планинског зеленог покривача (квадратних километара),Преостало планинско подручје,Унутрашње водене површине,Квадратних километара,0.0
2015,Индекс планинског зеленог покривача (квадратних километара),Преостало планинско подручје,Унутрашње водене површине,Квадратних километара,0.0
2018,Индекс планинског зеленог покривача (квадратних километара),Преостало планинско подручје,Унутрашње водене површине,Квадратних километара,0.0
2005,Индекс планинског зеленог покривача (квадратних километара),Преостало планинско подручје,Индекс зеленог покривача планине(MGCI),Квадратних километара,24.4
2010,Индекс планинског зеленог покривача (квадратних километара),Преостало планинско подручје,Индекс зеленог покривача планине(MGCI),Квадратних километара,24.4
2015,Индекс планинског зеленог покривача (квадратних километара),Преостало планинско подручје,Индекс зеленог покривача планине(MGCI),Квадратних километара,24.4
2018,Индекс планинског зеленог покривача (квадратних километара),Преостало планинско подручје,Индекс зеленог покривача планине(MGCI),Квадратних километара,24.4
2005,Индекс планинског зеленог покривача (квадратних километара),Преостало планинско подручје,Површине прекривене жбуњем,Квадратних километара,10.56
2010,Индекс планинског зеленог покривача (квадратних километара),Преостало планинско подручје,Површине прекривене жбуњем,Квадратних километара,10.7
2015,Индекс планинског зеленог покривача (квадратних километара),Преостало планинско подручје,Површине прекривене жбуњем,Квадратних километара,10.7
2018,Индекс планинског зеленог покривача (квадратних километара),Преостало планинско подручје,Површине прекривене жбуњем,Квадратних километара,10.7
2005,Индекс планинског зеленог покривача (квадратних километара),Преостало планинско подручје,Површине са ријетком вегетацијом,Квадратних километара,0.21
2010,Индекс планинског зеленог покривача (квадратних километара),Преостало планинско подручје,Површине са ријетком вегетацијом,Квадратних километара,0.21
2015,Индекс планинског зеленог покривача (квадратних километара),Преостало планинско подручје,Површине са ријетком вегетацијом,Квадратних километара,0.21
2018,Индекс планинског зеленог покривача (квадратних километара),Преостало планинско подручје,Површине са ријетком вегетацијом,Квадратних километара,0.21
2005,Индекс планинског зеленог покривача (квадратних километара),Преостало планинско подручје,Неплодна земља,Квадратних километара,0.0
2010,Индекс планинског зеленог покривача (квадратних километара),Преостало планинско подручје,Неплодна земља,Квадратних километара,0.0
2015,Индекс планинског зеленог покривача (квадратних километара),Преостало планинско подручје,Неплодна земља,Квадратних километара,0.0
2018,Индекс планинског зеленог покривача (квадратних километара),Преостало планинско подручје,Неплодна земља,Квадратних километара,0.0
2005,Индекс планинског зеленог покривача (квадратних километара),Преостало планинско подручје,Подручја покривена дрвећем,Квадратних километара,6.41
2010,Индекс планинског зеленог покривача (квадратних километара),Преостало планинско подручје,Подручја покривена дрвећем,Квадратних километара,6.13
2015,Индекс планинског зеленог покривача (квадратних километара),Преостало планинско подручје,Подручја покривена дрвећем,Квадратних километара,6.9
2018,Индекс планинског зеленог покривача (квадратних километара),Преостало планинско подручје,Подручја покривена дрвећем,Квадратних километара,6.83
2005,Индекс планинског зеленог покривача (квадратних километара),Укупно,Вјештачке површине,Квадратних километара,144.0
2010,Индекс планинског зеленог покривача (квадратних километара),Укупно,Вјештачке површине,Квадратних километара,163.86
2015,Индекс планинског зеленог покривача (квадратних километара),Укупно,Вјештачке површине,Квадратних километара,188.28
2018,Индекс планинског зеленог покривача (квадратних километара),Укупно,Вјештачке површине,Квадратних километара,191.99
2005,Индекс планинског зеленог покривача (квадратних километара),Укупно,Усјеви,Квадратних километара,6956.75
2010,Индекс планинског зеленог покривача (квадратних километара),Укупно,Усјеви,Квадратних километара,6518.33
2015,Индекс планинског зеленог покривача (квадратних километара),Укупно,Усјеви,Квадратних километара,6438.86
2018,Индекс планинског зеленог покривача (квадратних километара),Укупно,Усјеви,Квадратних километара,6500.67
2005,Индекс планинског зеленог покривача (квадратних километара),Укупно,Трајни снијег и глечери,Квадратних километара,0.0
2010,Индекс планинског зеленог покривача (квадратних километара),Укупно,Трајни снијег и глечери,Квадратних километара,0.0
2015,Индекс планинског зеленог покривача (квадратних километара),Укупно,Трајни снијег и глечери,Квадратних километара,0.0
2018,Индекс планинског зеленог покривача (квадратних километара),Укупно,Трајни снијег и глечери,Квадратних километара,0.0
2005,Индекс планинског зеленог покривача (квадратних километара),Укупно,Травнате површине,Квадратних километара,5014.59
2010,Индекс планинског зеленог покривача (квадратних километара),Укупно,Травнате површине,Квадратних километара,4991.04
2015,Индекс планинског зеленог покривача (квадратних километара),Укупно,Травнате површине,Квадратних километара,4951.36
2018,Индекс планинског зеленог покривача (квадратних километара),Укупно,Травнате површине,Квадратних километара,4970.14
2005,Индекс планинског зеленог покривача (квадратних километара),Укупно,"Грмље и/или зељаста вегетација, водена или редовно плављена подручја",Квадратних километара,31.34
2010,Индекс планинског зеленог покривача (квадратних километара),Укупно,"Грмље и/или зељаста вегетација, водена или редовно плављена подручја",Квадратних километара,30.79
2015,Индекс планинског зеленог покривача (квадратних километара),Укупно,"Грмље и/или зељаста вегетација, водена или редовно плављена подручја",Квадратних километара,30.24
2018,Индекс планинског зеленог покривача (квадратних километара),Укупно,"Грмље и/или зељаста вегетација, водена или редовно плављена подручја",Квадратних километара,30.31
2005,Индекс планинског зеленог покривача (квадратних километара),Укупно,Унутрашње водене површине,Квадратних километара,127.84
2010,Индекс планинског зеленог покривача (квадратних километара),Укупно,Унутрашње водене површине,Квадратних километара,127.08
2015,Индекс планинског зеленог покривача (квадратних километара),Укупно,Унутрашње водене површине,Квадратних километара,127.08
2018,Индекс планинског зеленог покривача (квадратних километара),Укупно,Унутрашње водене површине,Квадратних километара,127.08
2005,Индекс планинског зеленог покривача (квадратних километара),Укупно,Индекс зеленог покривача планине(MGCI),Квадратних километара,37743.19
2010,Индекс планинског зеленог покривача (квадратних километара),Укупно,Индекс зеленог покривача планине(MGCI),Квадратних километара,37721.22
2015,Индекс планинског зеленог покривача (квадратних километара),Укупно,Индекс зеленог покривача планине(MGCI),Квадратних километара,37695.62
2018,Индекс планинског зеленог покривача (квадратних километара),Укупно,Индекс зеленог покривача планине(MGCI),Квадратних километара,37691.18
2005,Индекс планинског зеленог покривача (квадратних километара),Укупно,Површине прекривене жбуњем,Квадратних километара,422.63
2010,Индекс планинског зеленог покривача (квадратних километара),Укупно,Површине прекривене жбуњем,Квадратних километара,420.88
2015,Индекс планинског зеленог покривача (квадратних километара),Укупно,Површине прекривене жбуњем,Квадратних километара,419.55
2018,Индекс планинског зеленог покривача (квадратних километара),Укупно,Површине прекривене жбуњем,Квадратних километара,424.3
2005,Индекс планинског зеленог покривача (квадратних километара),Укупно,Површине са ријетком вегетацијом,Квадратних километара,27.27
2010,Индекс планинског зеленог покривача (квадратних километара),Укупно,Површине са ријетком вегетацијом,Квадратних километара,30.41
2015,Индекс планинског зеленог покривача (квадратних километара),Укупно,Површине са ријетком вегетацијом,Квадратних километара,30.69
2018,Индекс планинског зеленог покривача (квадратних километара),Укупно,Површине са ријетком вегетацијом,Квадратних километара,30.83
2005,Индекс планинског зеленог покривача (квадратних километара),Укупно,Неплодна земља,Квадратних километара,11.82
2010,Индекс планинског зеленог покривача (квадратних километара),Укупно,Неплодна земља,Квадратних километара,11.55
2015,Индекс планинског зеленог покривача (квадратних километара),Укупно,Неплодна земља,Квадратних километара,12.45
2018,Индекс планинског зеленог покривача (квадратних километара),Укупно,Неплодна земља,Квадратних километара,13.05
2005,Индекс планинског зеленог покривача (квадратних километара),Укупно,Подручја покривена дрвећем,Квадратних километара,25317.89
2010,Индекс планинског зеленог покривача (квадратних километара),Укупно,Подручја покривена дрвећем,Квадратних километара,25760.18
2015,Индекс планинског зеленог покривача (квадратних километара),Укупно,Подручја покривена дрвећем,Квадратних километара,25855.61
2018,Индекс планинског зеленог покривача (квадратних километара),Укупно,Подручја покривена дрвећем,Квадратних километара,25765.75
2005,Планинско подручје (квадратни километри),Планински,,Квадратних километара,38029.51
2010,Планинско подручје (квадратни километри),Планински,,Квадратних километара,38029.51
2015,Планинско подручје (квадратни километри),Планински,,Квадратних километара,38029.51
2018,Планинско подручје (квадратни километри),Планински,,Квадратних километара,38029.51
2005,Планинско подручје (квадратни километри),Преостало планинско подручје,,Квадратних километара,24.61
2010,Планинско подручје (квадратни километри),Преостало планинско подручје,,Квадратних километара,24.61
2015,Планинско подручје (квадратни километри),Преостало планинско подручје,,Квадратних километара,24.61
2018,Планинско подручје (квадратни километри),Преостало планинско подручје,,Квадратних километара,24.61
2005,Планинско подручје (квадратни километри),Укупно,,Квадратних километара,38054.12
2010,Планинско подручје (квадратни километри),Укупно,,Квадратних километара,38054.12
2015,Планинско подручје (квадратни километри),Укупно,,Квадратних километара,38054.12
2018,Планинско подручје (квадратни километри),Укупно,,Квадратних километара,38054.12
2015,ER_MTN_DGRDP,Планински,,Проценат,0.76
2018,ER_MTN_DGRDP,Планински,,Проценат,0.31
2015,ER_MTN_DGRDP,Преостало планинско подручје,,Проценат,1.14
2018,ER_MTN_DGRDP,Преостало планинско подручје,,Проценат,0.28
2015,ER_MTN_DGRDP,Укупно,,Проценат,0.76
2018,ER_MTN_DGRDP,Укупно,,Проценат,0.31
2015,ER_MTN_DGRDA,Планински,,Квадратних километара,288.99
2018,ER_MTN_DGRDA,Планински,,Квадратних километара,117.31
2015,ER_MTN_DGRDA,Преостало планинско подручје,,Квадратних километара,0.28
2018,ER_MTN_DGRDA,Преостало планинско подручје,,Квадратних километара,0.07
2015,ER_MTN_DGRDA,Укупно,,Квадратних километара,289.27
2018,ER_MTN_DGRDA,Укупно,,Квадратних километара,117.38
