Year,SERIES,UNIT_MEASURE,Value
2000,Индекс црвене листе,IX,0.8994
2001,Индекс црвене листе,IX,0.8992
2002,Индекс црвене листе,IX,0.8992
2003,Индекс црвене листе,IX,0.8992
2004,Индекс црвене листе,IX,0.89917
2005,Индекс црвене листе,IX,0.8992
2006,Индекс црвене листе,IX,0.8992
2007,Индекс црвене листе,IX,0.89927
2008,Индекс црвене листе,IX,0.89931
2009,Индекс црвене листе,IX,0.89934
2010,Индекс црвене листе,IX,0.89936
2011,Индекс црвене листе,IX,0.89941
2012,Индекс црвене листе,IX,0.89945
2013,Индекс црвене листе,IX,0.89948
2014,Индекс црвене листе,IX,0.89951
2015,Индекс црвене листе,IX,0.8995
2016,Индекс црвене листе,IX,0.8996
2017,Индекс црвене листе,IX,0.8996
2018,Индекс црвене листе,IX,0.8996
2019,Индекс црвене листе,IX,0.8997
2020,Индекс црвене листе,IX,0.8997
2021,Индекс црвене листе,IX,0.8997
