Year,SERIES,UNIT_MEASURE,Value
2016,ER_IAS_NATBUD,Логичка или бинарна мјера,0
2020,ER_IAS_NATBUD,Логичка или бинарна мјера,0
2010,ER_IAS_LEGIS,Логичка или бинарна мјера,0
2016,ER_IAS_LEGIS,Логичка или бинарна мјера,1
2020,ER_IAS_LEGIS,Логичка или бинарна мјера,1
2016,ER_IAS_NBSAP,Логичка или бинарна мјера,1
2020,ER_IAS_NBSAP,Логичка или бинарна мјера,1
2016,ER_IAS_GLOFUN,Логичка или бинарна мјера,0
2020,ER_IAS_GLOFUN,Логичка или бинарна мјера,0
