Year,SERIES,UNIT_MEASURE,Пол,Value
2010,"Стопа распрострањености подмићивања, према полу (%)",Проценат,Оба пола или без подјеле по полу,20.7
2010,"Стопа распрострањености подмићивања, према полу (%)",Проценат,Жене,18.2
2010,"Стопа распрострањености подмићивања, према полу (%)",Проценат,Мушкарци,23.2
2015,"Стопа распрострањености подмићивања, према полу (%)",Проценат,Оба пола или без подјеле по полу,24.2
