Year,SERIES,UNIT_MEASURE,Пол,Године,OCCUPATION,Value
2020,Пропорције позиција у јавној служби у поређењу са националном расподеjлом (однос),Однос,Жене,,ADMINPRO,0.99
2020,Пропорције позиција у јавној служби у поређењу са националном расподеjлом (однос),Однос,Жене,,ASSOCPRO,0.91
2020,Пропорције позиција у јавној служби у поређењу са националном расподеjлом (однос),Однос,Жене,,GENERAL,1.19
2020,Пропорције позиција у јавној служби у поређењу са националном расподеjлом (однос),Однос,Жене,,OTHERMAN,0.8
2020,Пропорције позиција у јавној служби у поређењу са националном расподеjлом (однос),Однос,Жене,,SENIORMAN,0.29
