Year,SERIES,Године,COMPOSITE_BREAKDOWN,Пол,Занимање,UNIT_MEASURE,Value
2020,Пропорције позиција у јавној служби у поређењу са националном расподеjлом (однос),Сви старосни распони или нема подјеле по годинама,,Жене,Административни стручњаци,Однос,0.99
2020,Пропорције позиција у јавној служби у поређењу са националном расподеjлом (однос),Сви старосни распони или нема подјеле по годинама,,Жене,Стручњаци за пословне и административне послове,Однос,0.91
2020,Пропорције позиција у јавној служби у поређењу са националном расподеjлом (однос),Сви старосни распони или нема подјеле по годинама,,Жене,Општи службеници и секретарице,Однос,1.19
2020,Пропорције позиција у јавној служби у поређењу са националном расподеjлом (однос),Сви старосни распони или нема подјеле по годинама,,Жене,Остали менаџери: генерални директори и извршни директори и менаџери за пословне услуге и администрацију,Однос,0.8
2020,Пропорције позиција у јавној служби у поређењу са националном расподеjлом (однос),Сви старосни распони или нема подјеле по годинама,,Жене,Виши руководиоци: виши државни службеници,Однос,0.29
2020,Пропорције позиција у јавној служби у поређењу са националном расподеjлом (однос),млађи од 35 година,,Оба пола или без подјеле по полу,"Укупан број запослених у јавним службама на националном нивоу (укључујући полицију, образовање, здравство, административно особље на рецепцији и све остало особље јавних служби)",Однос,0.44
2020,Пропорције позиција у јавној служби у поређењу са националном расподеjлом (однос),Сви старосни распони или нема подјеле по годинама,,Жене,"Укупан број запослених у јавним службама на националном нивоу (укључујући полицију, образовање, здравство, административно особље на рецепцији и све остало особље јавних служби)",Однос,1.11
2021,SG_DMK_JDC,млађи од 45 година,,Оба пола или без подјеле по полу,Судије,Однос,0.49
2021,SG_DMK_JDC,Сви старосни распони или нема подјеле по годинама,,Жене,Судије,Однос,1.27
2021,SG_DMK_JDC_CNS,Сви старосни распони или нема подјеле по годинама,,Жене,Судије,Однос,1.17
2021,SG_DMK_JDC_HGR,Сви старосни распони или нема подјеле по годинама,,Жене,Судије,Однос,1.38
2021,SG_DMK_JDC_LWR,Сви старосни распони или нема подјеле по годинама,,Жене,Судије,Однос,1.26
2021,"Број предсједавајућих сталних одбора, према старосној доби и фокусу одбора, заједнички одбори",Непознато,Људска права,Мушкарци,,Број,1.0
2021,"Број предсједавајућих сталних одбора, према старости и полу, у доњем дому или једнодомном парламенту",46 година и више,Финансије,Мушкарци,,Број,1.0
2021,"Број предсједавајућих сталних одбора, према старости и полу, у доњем дому или једнодомном парламенту",46 година и више,Спољни poslovi,Мушкарци,,Број,1.0
2021,"Број предсједавајућих сталних одбора, према старости и полу, у доњем дому или једнодомном парламенту",46 година и више,Равноправност полова,Мушкарци,,Број,1.0
