Year,SERIES,Године,COMPOSITE_BREAKDOWN,Пол,Занимање,UNIT_MEASURE,Value
2020,Пропорције позиција у јавној служби у поређењу са националном дистрибуцијом (однос),Сви старосни распони или нема подјеле по годинама,,Жене,Административни стручњаци,Однос,0.99
2020,Пропорције позиција у јавној служби у поређењу са националном дистрибуцијом (однос),Сви старосни распони или нема подјеле по годинама,,Жене,Стручњаци за пословне и административне послове,Однос,0.91
2020,Пропорције позиција у јавној служби у поређењу са националном дистрибуцијом (однос),Сви старосни распони или нема подјеле по годинама,,Жене,Општи службеници и секретарице,Однос,1.19
2020,Пропорције позиција у јавној служби у поређењу са националном дистрибуцијом (однос),Сви старосни распони или нема подјеле по годинама,,Жене,Остали менаџери: генерални директори и извршни директори и менаџери за пословне услуге и администрацију,Однос,0.8
2020,Пропорције позиција у јавној служби у поређењу са националном дистрибуцијом (однос),Сви старосни распони или нема подјеле по годинама,,Жене,Виши руководиоци: виши државни службеници,Однос,0.29
2020,Пропорције позиција у јавној служби у поређењу са националном дистрибуцијом (однос),млађи од 35 година,,Оба пола или без подјеле по полу,"Укупан број запослених у јавним службама на националном нивоу (укључујући полицију, образовање, здравство, административно особље на рецепцији и све остало особље јавних служби)",Однос,0.44
2020,Пропорције позиција у јавној служби у поређењу са националном дистрибуцијом (однос),Сви старосни распони или нема подјеле по годинама,,Жене,"Укупан број запослених у јавним службама на националном нивоу (укључујући полицију, образовање, здравство, административно особље на рецепцији и све остало особље јавних служби)",Однос,1.11
2021,Пропорције позиција у правосуђу у поређењу са националном дистрибуцијом (однос),млађи од 45 година,,Оба пола или без подјеле по полу,Судије,Однос,0.49
2021,Пропорције позиција у правосуђу у поређењу са националном дистрибуцијом (однос),Сви старосни распони или нема подјеле по годинама,,Жене,Судије,Однос,1.27
2021,"Пропорције позиција у правосуђу у односу на националне расподјеле, Уставни суд (однос)",Сви старосни распони или нема подјеле по годинама,,Жене,Судије,Однос,1.17
2021,"Пропорције позиција у правосуђу у поређењу са националном дистрибуцијом, виши судови (однос)",Сви старосни распони или нема подјеле по годинама,,Жене,Судије,Однос,1.38
2021,"Пропорције позиција у правосуђу у поређењу са националном дистрибуцијом, нижи судови (однос)",Сви старосни распони или нема подјеле по годинама,,Жене,Судије,Однос,1.26
2021,"Број предсједавајућих сталних одбора, према старосној доби и фокусу одбора, заједнички одбори",Непознато,Људска права,Мушкарци,,Број,1.0
2021,"Број предсједавајућих сталних одбора, према старости и полу, у доњем дому или једнодомном парламенту",46 година и више,Финансије,Мушкарци,,Број,1.0
2021,"Број предсједавајућих сталних одбора, према старости и полу, у доњем дому или једнодомном парламенту",46 година и више,Спољни poslovi,Мушкарци,,Број,1.0
2021,"Број предсједавајућих сталних одбора, према старости и полу, у доњем дому или једнодомном парламенту",46 година и више,Равноправност полова,Мушкарци,,Број,1.0
2021,"Број предсједавајућих сталних одбора, према старости и полу, горњи дом",Непознато,Одбрана,Мушкарци,,Број,1.0
2021,"Број предсједавајућих сталних одбора, према старости и полу, горњи дом",Није доступно,Финансије,Није доступно,,Број,0.0
2021,"Број предсједавајућих сталних одбора, према старости и полу, горњи дом",Није доступно,Спољни poslovi,Није доступно,,Број,0.0
2021,"Број предсједавајућих сталних одбора, према старости и полу, горњи дом",Није доступно,Равноправност полова,Није доступно,,Број,0.0
2021,"Пропорција женских чланове парламената (Однос удјела жена у парламенту у удјелу жена у националном становништву са старосном подобношћу као доња граница), у доњем дому или једнодомном парламенту""",,,,,Однос,0.50835
2021,"Пропорција за женске чланове парламената (Однос удјела жена у парламенту у удјелу жена у националном становништву са старосном подобношћу као доња граница), у горњем дому""",,,,,Однос,0.38819
2021,"Број говорника у парламенту, према старости и полу, у доњем дому или једнодомном парламенту",46 година и више,,Жене,,Број,1.0
2021,"Број говорника у парламенту, према старости и полу, у доњем дому или једнодомном парламенту",46 година и више,,Мушкарци,,Број,1.0
2021,"Број говорника у парламенту, према старости и полу, у горњем дому",46 година и више,,Мушкарци,,Број,3.0
2021,"Број младих у парламенту (старости 45 или мање година), Доњи дом или једнодомном",млађи од 45 година,,,,Број,8.0
2021,"Број младих у парламенту (сстарости 45 или мање годин), Горњи дом",млађи од 45 година,,,,Број,1.0
2021,"Удио младих у парламенту (старости 45 или мање година), Доњи дом или једнодомном",млађи од 45 година,,,,Проценат,19.05
2021,"Удио младих у парламенту (старости 45 или мање година), Горњи дом",млађи од 45 година,,,,Проценат,6.67
