Year,SERIES,UNIT_MEASURE,Врста производа,Value
2000,"Просјечна царинска тарифа коју примјењују развијене земље, преференцијални статус, по врсти производа (%)",Проценат,Пољопривредни производи,7.58327
2005,"Просјечна царинска тарифа коју примјењују развијене земље, преференцијални статус, по врсти производа (%)",Проценат,Пољопривредни производи,3.75971
2010,"Просјечна царинска тарифа коју примјењују развијене земље, преференцијални статус, по врсти производа (%)",Проценат,Пољопривредни производи,3.66338
2011,"Просјечна царинска тарифа коју примјењују развијене земље, преференцијални статус, по врсти производа (%)",Проценат,Пољопривредни производи,3.6789
2012,"Просјечна царинска тарифа коју примјењују развијене земље, преференцијални статус, по врсти производа (%)",Проценат,Пољопривредни производи,3.58165
2013,"Просјечна царинска тарифа коју примјењују развијене земље, преференцијални статус, по врсти производа (%)",Проценат,Пољопривредни производи,3.59409
2014,"Просјечна царинска тарифа коју примјењују развијене земље, преференцијални статус, по врсти производа (%)",Проценат,Пољопривредни производи,3.5962
2015,"Просјечна царинска тарифа коју примјењују развијене земље, преференцијални статус, по врсти производа (%)",Проценат,Пољопривредни производи,3.57186
2016,"Просјечна царинска тарифа коју примјењују развијене земље, преференцијални статус, по врсти производа (%)",Проценат,Пољопривредни производи,3.66464
2017,"Просјечна царинска тарифа коју примјењују развијене земље, преференцијални статус, по врсти производа (%)",Проценат,Пољопривредни производи,3.4999
2018,"Просјечна царинска тарифа коју примјењују развијене земље, преференцијални статус, по врсти производа (%)",Проценат,Пољопривредни производи,3.50998
2019,"Просјечна царинска тарифа коју примјењују развијене земље, преференцијални статус, по врсти производа (%)",Проценат,Пољопривредни производи,3.78051
2020,"Просјечна царинска тарифа коју примјењују развијене земље, преференцијални статус, по врсти производа (%)",Проценат,Пољопривредни производи,3.80186
2021,"Просјечна царинска тарифа коју примјењују развијене земље, преференцијални статус, по врсти производа (%)",Проценат,Пољопривредни производи,3.7802
2000,"Просјечна царинска тарифа коју примјењују развијене земље, преференцијални статус, по врсти производа (%)",Проценат,Без подјеле,2.58553
2005,"Просјечна царинска тарифа коју примјењују развијене земље, преференцијални статус, по врсти производа (%)",Проценат,Без подјеле,1.71702
2010,"Просјечна царинска тарифа коју примјењују развијене земље, преференцијални статус, по врсти производа (%)",Проценат,Без подјеле,1.40029
2011,"Просјечна царинска тарифа коју примјењују развијене земље, преференцијални статус, по врсти производа (%)",Проценат,Без подјеле,1.43398
2012,"Просјечна царинска тарифа коју примјењују развијене земље, преференцијални статус, по врсти производа (%)",Проценат,Без подјеле,1.59527
2013,"Просјечна царинска тарифа коју примјењују развијене земље, преференцијални статус, по врсти производа (%)",Проценат,Без подјеле,1.44312
2014,"Просјечна царинска тарифа коју примјењују развијене земље, преференцијални статус, по врсти производа (%)",Проценат,Без подјеле,1.60359
2015,"Просјечна царинска тарифа коју примјењују развијене земље, преференцијални статус, по врсти производа (%)",Проценат,Без подјеле,1.42527
2016,"Просјечна царинска тарифа коју примјењују развијене земље, преференцијални статус, по врсти производа (%)",Проценат,Без подјеле,1.46392
2017,"Просјечна царинска тарифа коју примјењују развијене земље, преференцијални статус, по врсти производа (%)",Проценат,Без подјеле,1.61584
2018,"Просјечна царинска тарифа коју примјењују развијене земље, преференцијални статус, по врсти производа (%)",Проценат,Без подјеле,1.47558
2019,"Просјечна царинска тарифа коју примјењују развијене земље, преференцијални статус, по врсти производа (%)",Проценат,Без подјеле,1.44463
2020,"Просјечна царинска тарифа коју примјењују развијене земље, преференцијални статус, по врсти производа (%)",Проценат,Без подјеле,1.44555
2020,"Просјечна царинска тарифа коју примјењују развијене земље, преференцијални статус, по врсти производа (%)",Проценат,Без подјеле,1.44555
2000,"Просјечна царинска тарифа коју примјењују развијене земље, преференцијални статус, по врсти производа (%)",Проценат,Оружје,1.80511
2005,"Просјечна царинска тарифа коју примјењују развијене земље, преференцијални статус, по врсти производа (%)",Проценат,Оружје,0.31856
2010,"Просјечна царинска тарифа коју примјењују развијене земље, преференцијални статус, по врсти производа (%)",Проценат,Оружје,0.31812
2011,"Просјечна царинска тарифа коју примјењују развијене земље, преференцијални статус, по врсти производа (%)",Проценат,Оружје,0.31825
2012,"Просјечна царинска тарифа коју примјењују развијене земље, преференцијални статус, по врсти производа (%)",Проценат,Оружје,0.316
2013,"Просјечна царинска тарифа коју примјењују развијене земље, преференцијални статус, по врсти производа (%)",Проценат,Оружје,0.316
2014,"Просјечна царинска тарифа коју примјењују развијене земље, преференцијални статус, по врсти производа (%)",Проценат,Оружје,0.316
2015,"Просјечна царинска тарифа коју примјењују развијене земље, преференцијални статус, по врсти производа (%)",Проценат,Оружје,0.316
2016,"Просјечна царинска тарифа коју примјењују развијене земље, преференцијални статус, по врсти производа (%)",Проценат,Оружје,0.7555
2017,"Просјечна царинска тарифа коју примјењују развијене земље, преференцијални статус, по врсти производа (%)",Проценат,Оружје,0.7555
2018,"Просјечна царинска тарифа коју примјењују развијене земље, преференцијални статус, по врсти производа (%)",Проценат,Оружје,0.7555
2019,"Просјечна царинска тарифа коју примјењују развијене земље, преференцијални статус, по врсти производа (%)",Проценат,Оружје,0.7555
2020,"Просјечна царинска тарифа коју примјењују развијене земље, преференцијални статус, по врсти производа (%)",Проценат,Оружје,0.7555
2021,"Просјечна царинска тарифа коју примјењују развијене земље, преференцијални статус, по врсти производа (%)",Проценат,Оружје,0.7555
2000,"Просјечна царинска тарифа коју примјењују развијене земље, преференцијални статус, по врсти производа (%)",Проценат,Одјећа,12.35432
2005,"Просјечна царинска тарифа коју примјењују развијене земље, преференцијални статус, по врсти производа (%)",Проценат,Одјећа,8.19231
2010,"Просјечна царинска тарифа коју примјењују развијене земље, преференцијални статус, по врсти производа (%)",Проценат,Одјећа,8.26443
2011,"Просјечна царинска тарифа коју примјењују развијене земље, преференцијални статус, по врсти производа (%)",Проценат,Одјећа,8.26605
2012,"Просјечна царинска тарифа коју примјењују развијене земље, преференцијални статус, по врсти производа (%)",Проценат,Одјећа,8.26036
2013,"Просјечна царинска тарифа коју примјењују развијене земље, преференцијални статус, по врсти производа (%)",Проценат,Одјећа,8.27398
2014,"Просјечна царинска тарифа коју примјењују развијене земље, преференцијални статус, по врсти производа (%)",Проценат,Одјећа,8.27606
2015,"Просјечна царинска тарифа коју примјењују развијене земље, преференцијални статус, по врсти производа (%)",Проценат,Одјећа,8.10163
2016,"Просјечна царинска тарифа коју примјењују развијене земље, преференцијални статус, по врсти производа (%)",Проценат,Одјећа,8.10583
2017,"Просјечна царинска тарифа коју примјењују развијене земље, преференцијални статус, по врсти производа (%)",Проценат,Одјећа,7.95361
2018,"Просјечна царинска тарифа коју примјењују развијене земље, преференцијални статус, по врсти производа (%)",Проценат,Одјећа,8.11439
2019,"Просјечна царинска тарифа коју примјењују развијене земље, преференцијални статус, по врсти производа (%)",Проценат,Одјећа,8.11669
2020,"Просјечна царинска тарифа коју примјењују развијене земље, преференцијални статус, по врсти производа (%)",Проценат,Одјећа,8.11662
2021,"Просјечна царинска тарифа коју примјењују развијене земље, преференцијални статус, по врсти производа (%)",Проценат,Одјећа,8.11662
2000,"Просјечна царинска тарифа коју примјењују развијене земље, преференцијални статус, по врсти производа (%)",Проценат,Индустријски производи,1.91509
2005,"Просјечна царинска тарифа коју примјењују развијене земље, преференцијални статус, по врсти производа (%)",Проценат,Индустријски производи,1.20067
2010,"Просјечна царинска тарифа коју примјењују развијене земље, преференцијални статус, по врсти производа (%)",Проценат,Индустријски производи,0.8532
2011,"Просјечна царинска тарифа коју примјењују развијене земље, преференцијални статус, по врсти производа (%)",Проценат,Индустријски производи,0.88748
2012,"Просјечна царинска тарифа коју примјењују развијене земље, преференцијални статус, по врсти производа (%)",Проценат,Индустријски производи,1.05698
2013,"Просјечна царинска тарифа коју примјењују развијене земље, преференцијални статус, по врсти производа (%)",Проценат,Индустријски производи,0.9001
2014,"Просјечна царинска тарифа коју примјењују развијене земље, преференцијални статус, по врсти производа (%)",Проценат,Индустријски производи,1.06389
2015,"Просјечна царинска тарифа коју примјењују развијене земље, преференцијални статус, по врсти производа (%)",Проценат,Индустријски производи,0.89603
2016,"Просјечна царинска тарифа коју примјењују развијене земље, преференцијални статус, по врсти производа (%)",Проценат,Индустријски производи,0.92757
2017,"Просјечна царинска тарифа коју примјењују развијене земље, преференцијални статус, по врсти производа (%)",Проценат,Индустријски производи,1.05308
2018,"Просјечна царинска тарифа коју примјењују развијене земље, преференцијални статус, по врсти производа (%)",Проценат,Индустријски производи,0.90838
2019,"Просјечна царинска тарифа коју примјењују развијене земље, преференцијални статус, по врсти производа (%)",Проценат,Индустријски производи,0.89864
2020,"Просјечна царинска тарифа коју примјењују развијене земље, преференцијални статус, по врсти производа (%)",Проценат,Индустријски производи,0.89923
2021,"Просјечна царинска тарифа коју примјењују развијене земље, преференцијални статус, по врсти производа (%)",Проценат,Индустријски производи,0.8991
2000,"Просјечна царинска тарифа коју примјењују развијене земље, преференцијални статус, по врсти производа (%)",Проценат,Нафта или уље,0.24362
2005,"Просјечна царинска тарифа коју примјењују развијене земље, преференцијални статус, по врсти производа (%)",Проценат,Нафта или уље,0.1243
2010,"Просјечна царинска тарифа коју примјењују развијене земље, преференцијални статус, по врсти производа (%)",Проценат,Нафта или уље,0.0
2011,"Просјечна царинска тарифа коју примјењују развијене земље, преференцијални статус, по врсти производа (%)",Проценат,Нафта или уље,0.0
2012,"Просјечна царинска тарифа коју примјењују развијене земље, преференцијални статус, по врсти производа (%)",Проценат,Нафта или уље,0.0
2013,"Просјечна царинска тарифа коју примјењују развијене земље, преференцијални статус, по врсти производа (%)",Проценат,Нафта или уље,0.0
2014,"Просјечна царинска тарифа коју примјењују развијене земље, преференцијални статус, по врсти производа (%)",Проценат,Нафта или уље,0.0
2015,"Просјечна царинска тарифа коју примјењују развијене земље, преференцијални статус, по врсти производа (%)",Проценат,Нафта или уље,0.0
2016,"Просјечна царинска тарифа коју примјењују развијене земље, преференцијални статус, по врсти производа (%)",Проценат,Нафта или уље,0.0
2017,"Просјечна царинска тарифа коју примјењују развијене земље, преференцијални статус, по врсти производа (%)",Проценат,Нафта или уље,0.0
2018,"Просјечна царинска тарифа коју примјењују развијене земље, преференцијални статус, по врсти производа (%)",Проценат,Нафта или уље,0.0
2019,"Просјечна царинска тарифа коју примјењују развијене земље, преференцијални статус, по врсти производа (%)",Проценат,Нафта или уље,0.0
2020,"Просјечна царинска тарифа коју примјењују развијене земље, преференцијални статус, по врсти производа (%)",Проценат,Нафта или уље,0.0
2021,"Просјечна царинска тарифа коју примјењују развијене земље, преференцијални статус, по врсти производа (%)",Проценат,Нафта или уље,0.0
2000,"Просјечна царинска тарифа коју примјењују развијене земље, преференцијални статус, по врсти производа (%)",Проценат,Текстил,7.09295
2005,"Просјечна царинска тарифа коју примјењују развијене земље, преференцијални статус, по врсти производа (%)",Проценат,Текстил,5.50945
2010,"Просјечна царинска тарифа коју примјењују развијене земље, преференцијални статус, по врсти производа (%)",Проценат,Текстил,5.55547
2011,"Просјечна царинска тарифа коју примјењују развијене земље, преференцијални статус, по врсти производа (%)",Проценат,Текстил,5.59108
2012,"Просјечна царинска тарифа коју примјењују развијене земље, преференцијални статус, по врсти производа (%)",Проценат,Текстил,5.07189
2013,"Просјечна царинска тарифа коју примјењују развијене земље, преференцијални статус, по врсти производа (%)",Проценат,Текстил,5.16589
2014,"Просјечна царинска тарифа коју примјењују развијене земље, преференцијални статус, по врсти производа (%)",Проценат,Текстил,5.09556
2015,"Просјечна царинска тарифа коју примјењују развијене земље, преференцијални статус, по врсти производа (%)",Проценат,Текстил,5.0097
2016,"Просјечна царинска тарифа коју примјењују развијене земље, преференцијални статус, по врсти производа (%)",Проценат,Текстил,5.07233
2017,"Просјечна царинска тарифа коју примјењују развијене земље, преференцијални статус, по врсти производа (%)",Проценат,Текстил,5.011
2018,"Просјечна царинска тарифа коју примјењују развијене земље, преференцијални статус, по врсти производа (%)",Проценат,Текстил,5.04916
2019,"Просјечна царинска тарифа коју примјењују развијене земље, преференцијални статус, по врсти производа (%)",Проценат,Текстил,5.08577
2020,"Просјечна царинска тарифа коју примјењују развијене земље, преференцијални статус, по врсти производа (%)",Проценат,Текстил,5.05247
2021,"Просјечна царинска тарифа коју примјењују развијене земље, преференцијални статус, по врсти производа (%)",Проценат,Текстил,5.0532
2000,"Просјечна царинска тарифа коју примјењују развијене земље, статус најповлашћеније државе, према врсти производа (%)",Проценат,Пољопривредни производи,8.32327
2005,"Просјечна царинска тарифа коју примјењују развијене земље, статус најповлашћеније државе, према врсти производа (%)",Проценат,Пољопривредни производи,5.31583
2010,"Просјечна царинска тарифа коју примјењују развијене земље, статус најповлашћеније државе, према врсти производа (%)",Проценат,Пољопривредни производи,5.30725
2011,"Просјечна царинска тарифа коју примјењују развијене земље, статус најповлашћеније државе, према врсти производа (%)",Проценат,Пољопривредни производи,5.29839
2012,"Просјечна царинска тарифа коју примјењују развијене земље, статус најповлашћеније државе, према врсти производа (%)",Проценат,Пољопривредни производи,5.22189
2013,"Просјечна царинска тарифа коју примјењују развијене земље, статус најповлашћеније државе, према врсти производа (%)",Проценат,Пољопривредни производи,5.25902
2014,"Просјечна царинска тарифа коју примјењују развијене земље, статус најповлашћеније државе, према врсти производа (%)",Проценат,Пољопривредни производи,5.2616
2015,"Просјечна царинска тарифа коју примјењују развијене земље, статус најповлашћеније државе, према врсти производа (%)",Проценат,Пољопривредни производи,5.25815
2016,"Просјечна царинска тарифа коју примјењују развијене земље, статус најповлашћеније државе, према врсти производа (%)",Проценат,Пољопривредни производи,5.26362
2017,"Просјечна царинска тарифа коју примјењују развијене земље, статус најповлашћеније државе, према врсти производа (%)",Проценат,Пољопривредни производи,5.03696
2018,"Просјечна царинска тарифа коју примјењују развијене земље, статус најповлашћеније државе, према врсти производа (%)",Проценат,Пољопривредни производи,5.07876
2019,"Просјечна царинска тарифа коју примјењују развијене земље, статус најповлашћеније државе, према врсти производа (%)",Проценат,Пољопривредни производи,5.35939
2020,"Просјечна царинска тарифа коју примјењују развијене земље, статус најповлашћеније државе, према врсти производа (%)",Проценат,Пољопривредни производи,5.36044
2021,"Просјечна царинска тарифа коју примјењују развијене земље, статус најповлашћеније државе, према врсти производа (%)",Проценат,Пољопривредни производи,5.358
2000,"Просјечна царинска тарифа коју примјењују развијене земље, статус најповлашћеније државе, према врсти производа (%)",Проценат,Без подјеле,3.31452
2005,"Просјечна царинска тарифа коју примјењују развијене земље, статус најповлашћеније државе, према врсти производа (%)",Проценат,Без подјеле,3.13294
2010,"Просјечна царинска тарифа коју примјењују развијене земље, статус најповлашћеније државе, према врсти производа (%)",Проценат,Без подјеле,2.75689
2011,"Просјечна царинска тарифа коју примјењују развијене земље, статус најповлашћеније државе, према врсти производа (%)",Проценат,Без подјеле,2.74796
2012,"Просјечна царинска тарифа коју примјењују развијене земље, статус најповлашћеније државе, према врсти производа (%)",Проценат,Без подјеле,2.9245
2013,"Просјечна царинска тарифа коју примјењују развијене земље, статус најповлашћеније државе, према врсти производа (%)",Проценат,Без подјеле,2.7716
2014,"Просјечна царинска тарифа коју примјењују развијене земље, статус најповлашћеније државе, према врсти производа (%)",Проценат,Без подјеле,2.93213
2015,"Просјечна царинска тарифа коју примјењују развијене земље, статус најповлашћеније државе, према врсти производа (%)",Проценат,Без подјеле,2.83208
2016,"Просјечна царинска тарифа коју примјењују развијене земље, статус најповлашћеније државе, према врсти производа (%)",Проценат,Без подјеле,2.82001
2017,"Просјечна царинска тарифа коју примјењују развијене земље, статус најповлашћеније државе, према врсти производа (%)",Проценат,Без подјеле,2.92848
2018,"Просјечна царинска тарифа коју примјењују развијене земље, статус најповлашћеније државе, према врсти производа (%)",Проценат,Без подјеле,2.85201
2019,"Просјечна царинска тарифа коју примјењују развијене земље, статус најповлашћеније државе, према врсти производа (%)",Проценат,Без подјеле,2.79936
2020,"Просјечна царинска тарифа коју примјењују развијене земље, статус најповлашћеније државе, према врсти производа (%)",Проценат,Без подјеле,2.79424
2021,"Просјечна царинска тарифа коју примјењују развијене земље, статус најповлашћеније државе, према врсти производа (%)",Проценат,Без подјеле,2.7958
2000,"Просјечна царинска тарифа коју примјењују развијене земље, статус најповлашћеније државе, према врсти производа (%)",Проценат,Оружје,1.89483
2005,"Просјечна царинска тарифа коју примјењују развијене земље, статус најповлашћеније државе, према врсти производа (%)",Проценат,Оружје,1.88883
2010,"Просјечна царинска тарифа коју примјењују развијене земље, статус најповлашћеније државе, према врсти производа (%)",Проценат,Оружје,1.93747
2011,"Просјечна царинска тарифа коју примјењују развијене земље, статус најповлашћеније државе, према врсти производа (%)",Проценат,Оружје,1.92516
2012,"Просјечна царинска тарифа коју примјењују развијене земље, статус најповлашћеније државе, према врсти производа (%)",Проценат,Оружје,1.92125
2013,"Просјечна царинска тарифа коју примјењују развијене земље, статус најповлашћеније државе, према врсти производа (%)",Проценат,Оружје,1.92125
2014,"Просјечна царинска тарифа коју примјењују развијене земље, статус најповлашћеније државе, према врсти производа (%)",Проценат,Оружје,1.92169
2015,"Просјечна царинска тарифа коју примјењују развијене земље, статус најповлашћеније државе, према врсти производа (%)",Проценат,Оружје,1.9217
2016,"Просјечна царинска тарифа коју примјењују развијене земље, статус најповлашћеније државе, према врсти производа (%)",Проценат,Оружје,1.92246
2017,"Просјечна царинска тарифа коју примјењују развијене земље, статус најповлашћеније државе, према врсти производа (%)",Проценат,Оружје,1.91978
2018,"Просјечна царинска тарифа коју примјењују развијене земље, статус најповлашћеније државе, према врсти производа (%)",Проценат,Оружје,1.92163
2019,"Просјечна царинска тарифа коју примјењују развијене земље, статус најповлашћеније државе, према врсти производа (%)",Проценат,Оружје,1.92163
2020,"Просјечна царинска тарифа коју примјењују развијене земље, статус најповлашћеније државе, према врсти производа (%)",Проценат,Оружје,1.92163
2021,"Просјечна царинска тарифа коју примјењују развијене земље, статус најповлашћеније државе, према врсти производа (%)",Проценат,Оружје,1.92163
2000,"Просјечна царинска тарифа коју примјењују развијене земље, статус најповлашћеније државе, према врсти производа (%)",Проценат,Одјећа,13.09122
2005,"Просјечна царинска тарифа коју примјењују развијене земље, статус најповлашћеније државе, према врсти производа (%)",Проценат,Одјећа,12.00739
2010,"Просјечна царинска тарифа коју примјењују развијене земље, статус најповлашћеније државе, према врсти производа (%)",Проценат,Одјећа,12.07104
2011,"Просјечна царинска тарифа коју примјењују развијене земље, статус најповлашћеније државе, према врсти производа (%)",Проценат,Одјећа,12.02332
2012,"Просјечна царинска тарифа коју примјењују развијене земље, статус најповлашћеније државе, према врсти производа (%)",Проценат,Одјећа,12.01758
2013,"Просјечна царинска тарифа коју примјењују развијене земље, статус најповлашћеније државе, према врсти производа (%)",Проценат,Одјећа,12.02856
2014,"Просјечна царинска тарифа коју примјењују развијене земље, статус најповлашћеније државе, према врсти производа (%)",Проценат,Одјећа,12.02713
2015,"Просјечна царинска тарифа коју примјењују развијене земље, статус најповлашћеније државе, према врсти производа (%)",Проценат,Одјећа,11.94963
2016,"Просјечна царинска тарифа коју примјењују развијене земље, статус најповлашћеније државе, према врсти производа (%)",Проценат,Одјећа,11.94564
2017,"Просјечна царинска тарифа коју примјењују развијене земље, статус најповлашћеније државе, према врсти производа (%)",Проценат,Одјећа,11.79269
2018,"Просјечна царинска тарифа коју примјењују развијене земље, статус најповлашћеније државе, према врсти производа (%)",Проценат,Одјећа,11.95809
2019,"Просјечна царинска тарифа коју примјењују развијене земље, статус најповлашћеније државе, према врсти производа (%)",Проценат,Одјећа,11.96038
2020,"Просјечна царинска тарифа коју примјењују развијене земље, статус најповлашћеније државе, према врсти производа (%)",Проценат,Одјећа,11.94887
2021,"Просјечна царинска тарифа коју примјењују развијене земље, статус најповлашћеније државе, према врсти производа (%)",Проценат,Одјећа,11.9603
2000,"Просјечна царинска тарифа коју примјењују развијене земље, статус најповлашћеније државе, према врсти производа (%)",Проценат,Индустријски производи,2.61536
2005,"Просјечна царинска тарифа коју примјењују развијене земље, статус најповлашћеније државе, према врсти производа (%)",Проценат,Индустријски производи,2.46985
2010,"Просјечна царинска тарифа коју примјењују развијене земље, статус најповлашћеније државе, према врсти производа (%)",Проценат,Индустријски производи,2.05345
2011,"Просјечна царинска тарифа коју примјењују развијене земље, статус најповлашћеније државе, према врсти производа (%)",Проценат,Индустријски производи,2.04646
2012,"Просјечна царинска тарифа коју примјењују развијене земље, статус најповлашћеније државе, према врсти производа (%)",Проценат,Индустријски производи,2.23445
2013,"Просјечна царинска тарифа коју примјењују развијене земље, статус најповлашћеније државе, према врсти производа (%)",Проценат,Индустријски производи,2.07578
2014,"Просјечна царинска тарифа коју примјењују развијене земље, статус најповлашћеније државе, према врсти производа (%)",Проценат,Индустријски производи,2.23988
2015,"Просјечна царинска тарифа коју примјењују развијене земље, статус најповлашћеније државе, према врсти производа (%)",Проценат,Индустријски производи,2.14283
2016,"Просјечна царинска тарифа коју примјењују развијене земље, статус најповлашћеније државе, према врсти производа (%)",Проценат,Индустријски производи,2.13123
2017,"Просјечна царинска тарифа коју примјењују развијене земље, статус најповлашћеније државе, према врсти производа (%)",Проценат,Индустријски производи,2.22498
2018,"Просјечна царинска тарифа коју примјењују развијене земље, статус најповлашћеније државе, према врсти производа (%)",Проценат,Индустријски производи,2.14806
2019,"Просјечна царинска тарифа коју примјењују развијене земље, статус најповлашћеније државе, према врсти производа (%)",Проценат,Индустријски производи,2.12195
2020,"Просјечна царинска тарифа коју примјењују развијене земље, статус најповлашћеније државе, према врсти производа (%)",Проценат,Индустријски производи,2.11845
2021,"Просјечна царинска тарифа коју примјењују развијене земље, статус најповлашћеније државе, према врсти производа (%)",Проценат,Индустријски производи,2.1194
2000,"Просјечна царинска тарифа коју примјењују развијене земље, статус најповлашћеније државе, према врсти производа (%)",Проценат,Нафта или уље,0.24362
2005,"Просјечна царинска тарифа коју примјењују развијене земље, статус најповлашћеније државе, према врсти производа (%)",Проценат,Нафта или уље,0.1243
2010,"Просјечна царинска тарифа коју примјењују развијене земље, статус најповлашћеније државе, према врсти производа (%)",Проценат,Нафта или уље,0.0
2011,"Просјечна царинска тарифа коју примјењују развијене земље, статус најповлашћеније државе, према врсти производа (%)",Проценат,Нафта или уље,0.0
2012,"Просјечна царинска тарифа коју примјењују развијене земље, статус најповлашћеније државе, према врсти производа (%)",Проценат,Нафта или уље,0.0
2013,"Просјечна царинска тарифа коју примјењују развијене земље, статус најповлашћеније државе, према врсти производа (%)",Проценат,Нафта или уље,0.0
2014,"Просјечна царинска тарифа коју примјењују развијене земље, статус најповлашћеније државе, према врсти производа (%)",Проценат,Нафта или уље,0.0
2015,"Просјечна царинска тарифа коју примјењују развијене земље, статус најповлашћеније државе, према врсти производа (%)",Проценат,Нафта или уље,0.0
2016,"Просјечна царинска тарифа коју примјењују развијене земље, статус најповлашћеније државе, према врсти производа (%)",Проценат,Нафта или уље,0.0
2017,"Просјечна царинска тарифа коју примјењују развијене земље, статус најповлашћеније државе, према врсти производа (%)",Проценат,Нафта или уље,0.0
2018,"Просјечна царинска тарифа коју примјењују развијене земље, статус најповлашћеније државе, према врсти производа (%)",Проценат,Нафта или уље,0.0
2019,"Просјечна царинска тарифа коју примјењују развијене земље, статус најповлашћеније државе, према врсти производа (%)",Проценат,Нафта или уље,0.0
2020,"Просјечна царинска тарифа коју примјењују развијене земље, статус најповлашћеније државе, према врсти производа (%)",Проценат,Нафта или уље,0.0
2021,"Просјечна царинска тарифа коју примјењују развијене земље, статус најповлашћеније државе, према врсти производа (%)",Проценат,Нафта или уље,0.0
2000,"Просјечна царинска тарифа коју примјењују развијене земље, статус најповлашћеније државе, према врсти производа (%)",Проценат,Текстил,7.77645
2005,"Просјечна царинска тарифа коју примјењују развијене земље, статус најповлашћеније државе, према врсти производа (%)",Проценат,Текстил,7.44452
2010,"Просјечна царинска тарифа коју примјењују развијене земље, статус најповлашћеније државе, према врсти производа (%)",Проценат,Текстил,7.45629
2011,"Просјечна царинска тарифа коју примјењују развијене земље, статус најповлашћеније државе, према врсти производа (%)",Проценат,Текстил,7.43306
2012,"Просјечна царинска тарифа коју примјењују развијене земље, статус најповлашћеније државе, према врсти производа (%)",Проценат,Текстил,6.90249
2013,"Просјечна царинска тарифа коју примјењују развијене земље, статус најповлашћеније државе, према врсти производа (%)",Проценат,Текстил,6.99648
2014,"Просјечна царинска тарифа коју примјењују развијене земље, статус најповлашћеније државе, према врсти производа (%)",Проценат,Текстил,6.92713
2015,"Просјечна царинска тарифа коју примјењују развијене земље, статус најповлашћеније државе, према врсти производа (%)",Проценат,Текстил,6.8678
2016,"Просјечна царинска тарифа коју примјењују развијене земље, статус најповлашћеније државе, према врсти производа (%)",Проценат,Текстил,6.87484
2017,"Просјечна царинска тарифа коју примјењују развијене земље, статус најповлашћеније државе, према врсти производа (%)",Проценат,Текстил,6.80223
2018,"Просјечна царинска тарифа коју примјењују развијене земље, статус најповлашћеније државе, према врсти производа (%)",Проценат,Текстил,6.81609
2019,"Просјечна царинска тарифа коју примјењују развијене земље, статус најповлашћеније државе, према врсти производа (%)",Проценат,Текстил,6.85479
2020,"Просјечна царинска тарифа коју примјењују развијене земље, статус најповлашћеније државе, према врсти производа (%)",Проценат,Текстил,6.79889
2021,"Просјечна царинска тарифа коју примјењују развијене земље, статус најповлашћеније државе, према врсти производа (%)",Проценат,Текстил,6.8003
