Year,SERIES,UNIT_MEASURE,Value
2015,Вриједност у доларима свих ресурса доступних за јачање статистичких капацитета у земљама у развоју,CU_USD,1503906
2016,Вриједност у доларима свих ресурса доступних за јачање статистичких капацитета у земљама у развоју,CU_USD,1705836
2017,Вриједност у доларима свих ресурса доступних за јачање статистичких капацитета у земљама у развоју,CU_USD,2394915
2018,Вриједност у доларима свих ресурса доступних за јачање статистичких капацитета у земљама у развоју,CU_USD,1090551
2019,Вриједност у доларима свих ресурса доступних за јачање статистичких капацитета у земљама у развоју,CU_USD,2545063
2020,Вриједност у доларима свих ресурса доступних за јачање статистичких капацитета у земљама у развоју,CU_USD,1109141
