Year,SERIES,UNIT_MEASURE,Value
2013,Земље које су спровеле најмање један попис становништва и домаћинстава у посљедњих 10 година (1 = ДА; 0 = НЕ),Број,1
2015,Земља са матичним књигама рођених које су попуњене најмање 90 посто (1 = ДА; 0 = НЕ),Број,1
2016,Земља са матичним књигама рођених које су попуњене најмање 90 посто (1 = ДА; 0 = НЕ),Број,1
2017,Земља са матичним књигама рођених које су попуњене најмање 90 посто (1 = ДА; 0 = НЕ),Број,1
2018,Земља са матичним књигама рођених које су попуњене најмање 90 посто (1 = ДА; 0 = НЕ),Број,1
2019,Земља са матичним књигама рођених које су попуњене најмање 90 посто (1 = ДА; 0 = НЕ),Број,1
2020,Земља са матичним књигама рођених које су попуњене најмање 90 посто (1 = ДА; 0 = НЕ),Број,1
2015,Земље са књигом умрлих које су попуњене најмање 75 посто (1 = ДА; 0 = НЕ),Број,1
2016,Земље са књигом умрлих које су попуњене најмање 75 посто (1 = ДА; 0 = НЕ),Број,1
2017,Земље са књигом умрлих које су попуњене најмање 75 посто (1 = ДА; 0 = НЕ),Број,1
2018,Земље са књигом умрлих које су попуњене најмање 75 посто (1 = ДА; 0 = НЕ),Број,1
2019,Земље са књигом умрлих које су попуњене најмање 75 посто (1 = ДА; 0 = НЕ),Број,1
2020,Земље са књигом умрлих које су попуњене најмање 75 посто (1 = ДА; 0 = НЕ),Број,1
