Year,SERIES,UNIT_MEASURE,Врста производа,Value
2005,"Свјетски пондерисани тарифни просјек, статус најповлашћеније државе, према врсти производа (%)",Проценат,Пољопривредни производи,15.79221
2010,"Свјетски пондерисани тарифни просјек, статус најповлашћеније државе, према врсти производа (%)",Проценат,Пољопривредни производи,16.30277
2015,"Свјетски пондерисани тарифни просјек, статус најповлашћеније државе, према врсти производа (%)",Проценат,Пољопривредни производи,15.82199
2016,"Свјетски пондерисани тарифни просјек, статус најповлашћеније државе, према врсти производа (%)",Проценат,Пољопривредни производи,15.3037
2017,"Свјетски пондерисани тарифни просјек, статус најповлашћеније државе, према врсти производа (%)",Проценат,Пољопривредни производи,15.00477
2018,"Свјетски пондерисани тарифни просјек, статус најповлашћеније државе, према врсти производа (%)",Проценат,Пољопривредни производи,15.10976
2019,"Свјетски пондерисани тарифни просјек, статус најповлашћеније државе, према врсти производа (%)",Проценат,Пољопривредни производи,16.01302
2020,"Свјетски пондерисани тарифни просјек, статус најповлашћеније државе, према врсти производа (%)",Проценат,Пољопривредни производи,15.70981
2021,"Свјетски пондерисани тарифни просјек, статус најповлашћеније државе, према врсти производа (%)",Проценат,Пољопривредни производи,16.51239
2005,"Свјетски пондерисани тарифни просјек, статус најповлашћеније државе, према врсти производа (%)",Проценат,Без подјеле,7.91315
2010,"Свјетски пондерисани тарифни просјек, статус најповлашћеније државе, према врсти производа (%)",Проценат,Без подјеле,7.54494
2015,"Свјетски пондерисани тарифни просјек, статус најповлашћеније државе, према врсти производа (%)",Проценат,Без подјеле,7.88609
2016,"Свјетски пондерисани тарифни просјек, статус најповлашћеније државе, према врсти производа (%)",Проценат,Без подјеле,7.67387
2017,"Свјетски пондерисани тарифни просјек, статус најповлашћеније државе, према врсти производа (%)",Проценат,Без подјеле,7.75035
2018,"Свјетски пондерисани тарифни просјек, статус најповлашћеније државе, према врсти производа (%)",Проценат,Без подјеле,8.00909
2019,"Свјетски пондерисани тарифни просјек, статус најповлашћеније државе, према врсти производа (%)",Проценат,Без подјеле,7.73552
2020,"Свјетски пондерисани тарифни просјек, статус најповлашћеније државе, према врсти производа (%)",Проценат,Без подјеле,8.41333
2021,"Свјетски пондерисани тарифни просјек, статус најповлашћеније државе, према врсти производа (%)",Проценат,Без подјеле,7.97562
2005,"Свјетски пондерисани тарифни просјек, статус најповлашћеније државе, према врсти производа (%)",Проценат,Оружје,14.28337
2019,"Свјетски пондерисани тарифни просјек, статус најповлашћеније државе, према врсти производа (%)",Проценат,Оружје,9.8403
2020,"Свјетски пондерисани тарифни просјек, статус најповлашћеније државе, према врсти производа (%)",Проценат,Оружје,11.63443
2021,"Свјетски пондерисани тарифни просјек, статус најповлашћеније државе, према врсти производа (%)",Проценат,Оружје,11.76048
2005,"Свјетски пондерисани тарифни просјек, статус најповлашћеније државе, према врсти производа (%)",Проценат,Одјећа,15.0
2010,"Свјетски пондерисани тарифни просјек, статус најповлашћеније државе, према врсти производа (%)",Проценат,Одјећа,15.0
2015,"Свјетски пондерисани тарифни просјек, статус најповлашћеније државе, према врсти производа (%)",Проценат,Одјећа,15.0
2016,"Свјетски пондерисани тарифни просјек, статус најповлашћеније државе, према врсти производа (%)",Проценат,Одјећа,15.0
2017,"Свјетски пондерисани тарифни просјек, статус најповлашћеније државе, према врсти производа (%)",Проценат,Одјећа,15.0
2018,"Свјетски пондерисани тарифни просјек, статус најповлашћеније државе, према врсти производа (%)",Проценат,Одјећа,15.0
2019,"Свјетски пондерисани тарифни просјек, статус најповлашћеније државе, према врсти производа (%)",Проценат,Одјећа,15.0
2020,"Свјетски пондерисани тарифни просјек, статус најповлашћеније државе, према врсти производа (%)",Проценат,Одјећа,15.0
2021,"Свјетски пондерисани тарифни просјек, статус најповлашћеније државе, према врсти производа (%)",Проценат,Одјећа,15.0
2005,"Свјетски пондерисани тарифни просјек, статус најповлашћеније државе, према врсти производа (%)",Проценат,Индустријски производи,6.0594
2010,"Свјетски пондерисани тарифни просјек, статус најповлашћеније државе, према врсти производа (%)",Проценат,Индустријски производи,5.6095
2015,"Свјетски пондерисани тарифни просјек, статус најповлашћеније државе, према врсти производа (%)",Проценат,Индустријски производи,5.9615
2016,"Свјетски пондерисани тарифни просјек, статус најповлашћеније државе, према врсти производа (%)",Проценат,Индустријски производи,5.7965
2017,"Свјетски пондерисани тарифни просјек, статус најповлашћеније државе, према врсти производа (%)",Проценат,Индустријски производи,6.0263
2018,"Свјетски пондерисани тарифни просјек, статус најповлашћеније државе, према врсти производа (%)",Проценат,Индустријски производи,6.027
2019,"Свјетски пондерисани тарифни просјек, статус најповлашћеније државе, према врсти производа (%)",Проценат,Индустријски производи,5.641
2020,"Свјетски пондерисани тарифни просјек, статус најповлашћеније државе, према врсти производа (%)",Проценат,Индустријски производи,6.3567
2021,"Свјетски пондерисани тарифни просјек, статус најповлашћеније државе, према врсти производа (%)",Проценат,Индустријски производи,5.8073
2005,"Свјетски пондерисани тарифни просјек, статус најповлашћеније државе, према врсти производа (%)",Проценат,Нафта или уље,0.0
2010,"Свјетски пондерисани тарифни просјек, статус најповлашћеније државе, према врсти производа (%)",Проценат,Нафта или уље,0.0
2015,"Свјетски пондерисани тарифни просјек, статус најповлашћеније државе, према врсти производа (%)",Проценат,Нафта или уље,0.0
2016,"Свјетски пондерисани тарифни просјек, статус најповлашћеније државе, према врсти производа (%)",Проценат,Нафта или уље,0.0
2017,"Свјетски пондерисани тарифни просјек, статус најповлашћеније државе, према врсти производа (%)",Проценат,Нафта или уље,0.0
2018,"Свјетски пондерисани тарифни просјек, статус најповлашћеније државе, према врсти производа (%)",Проценат,Нафта или уље,0.0
2019,"Свјетски пондерисани тарифни просјек, статус најповлашћеније државе, према врсти производа (%)",Проценат,Нафта или уље,0.0
2020,"Свјетски пондерисани тарифни просјек, статус најповлашћеније државе, према врсти производа (%)",Проценат,Нафта или уље,0.0
2021,"Свјетски пондерисани тарифни просјек, статус најповлашћеније државе, према врсти производа (%)",Проценат,Нафта или уље,0.0
2005,"Свјетски пондерисани тарифни просјек, статус најповлашћеније државе, према врсти производа (%)",Проценат,Текстил,10.1987
2010,"Свјетски пондерисани тарифни просјек, статус најповлашћеније државе, према врсти производа (%)",Проценат,Текстил,9.5043
2015,"Свјетски пондерисани тарифни просјек, статус најповлашћеније државе, према врсти производа (%)",Проценат,Текстил,9.2258
2016,"Свјетски пондерисани тарифни просјек, статус најповлашћеније државе, према врсти производа (%)",Проценат,Текстил,9.217
2017,"Свјетски пондерисани тарифни просјек, статус најповлашћеније државе, према врсти производа (%)",Проценат,Текстил,9.2486
2018,"Свјетски пондерисани тарифни просјек, статус најповлашћеније државе, према врсти производа (%)",Проценат,Текстил,9.2486
2019,"Свјетски пондерисани тарифни просјек, статус најповлашћеније државе, према врсти производа (%)",Проценат,Текстил,9.5292
2020,"Свјетски пондерисани тарифни просјек, статус најповлашћеније државе, према врсти производа (%)",Проценат,Текстил,9.5745
2021,"Свјетски пондерисани тарифни просјек, статус најповлашћеније државе, према врсти производа (%)",Проценат,Текстил,9.6882
2005,"Свјетски пондерисани тарифни просјек, преференцијални статус, према врсти производа (%)",Проценат,Пољопривредни производи,6.0797
2010,"Свјетски пондерисани тарифни просјек, преференцијални статус, према врсти производа (%)",Проценат,Пољопривредни производи,3.4821
2015,"Свјетски пондерисани тарифни просјек, преференцијални статус, према врсти производа (%)",Проценат,Пољопривредни производи,2.1827
2016,"Свјетски пондерисани тарифни просјек, преференцијални статус, према врсти производа (%)",Проценат,Пољопривредни производи,2.1422
2017,"Свјетски пондерисани тарифни просјек, преференцијални статус, према врсти производа (%)",Проценат,Пољопривредни производи,2.3214
2018,"Свјетски пондерисани тарифни просјек, преференцијални статус, према врсти производа (%)",Проценат,Пољопривредни производи,2.4105
2019,"Свјетски пондерисани тарифни просјек, преференцијални статус, према врсти производа (%)",Проценат,Пољопривредни производи,2.2068
2020,"Свјетски пондерисани тарифни просјек, преференцијални статус, према врсти производа (%)",Проценат,Пољопривредни производи,2.1796
2021,"Свјетски пондерисани тарифни просјек, преференцијални статус, према врсти производа (%)",Проценат,Пољопривредни производи,2.2691
2005,"Свјетски пондерисани тарифни просјек, преференцијални статус, према врсти производа (%)",Проценат,_T,2.3314
2010,"Свјетски пондерисани тарифни просјек, преференцијални статус, према врсти производа (%)",Проценат,_T,1.7838
2015,"Свјетски пондерисани тарифни просјек, преференцијални статус, према врсти производа (%)",Проценат,_T,1.323
2016,"Свјетски пондерисани тарифни просјек, преференцијални статус, према врсти производа (%)",Проценат,_T,1.3079
2017,"Свјетски пондерисани тарифни просјек, преференцијални статус, према врсти производа (%)",Проценат,_T,1.3212
2018,"Свјетски пондерисани тарифни просјек, преференцијални статус, према врсти производа (%)",Проценат,_T,1.3784
2019,"Свјетски пондерисани тарифни просјек, преференцијални статус, према врсти производа (%)",Проценат,_T,1.4047
2020,"Свјетски пондерисани тарифни просјек, преференцијални статус, према врсти производа (%)",Проценат,_T,1.4634
2021,"Свјетски пондерисани тарифни просјек, преференцијални статус, према врсти производа (%)",Проценат,_T,1.7175
2005,"Свјетски пондерисани тарифни просјек, преференцијални статус, према врсти производа (%)",Проценат,Оружје,4.9468
2019,"Свјетски пондерисани тарифни просјек, преференцијални статус, према врсти производа (%)",Проценат,Оружје,0.6097
2020,"Свјетски пондерисани тарифни просјек, преференцијални статус, према врсти производа (%)",Проценат,Оружје,1.7941
2021,"Свјетски пондерисани тарифни просјек, преференцијални статус, према врсти производа (%)",Проценат,Оружје,2.0527
2005,"Свјетски пондерисани тарифни просјек, преференцијални статус, према врсти производа (%)",Проценат,Одјећа,6.7385
2010,"Свјетски пондерисани тарифни просјек, преференцијални статус, према врсти производа (%)",Проценат,Одјећа,7.945
2015,"Свјетски пондерисани тарифни просјек, преференцијални статус, према врсти производа (%)",Проценат,Одјећа,6.9181
2016,"Свјетски пондерисани тарифни просјек, преференцијални статус, према врсти производа (%)",Проценат,Одјећа,6.9181
2017,"Свјетски пондерисани тарифни просјек, преференцијални статус, према врсти производа (%)",Проценат,Одјећа,7.0286
2018,"Свјетски пондерисани тарифни просјек, преференцијални статус, према врсти производа (%)",Проценат,Одјећа,7.0286
2019,"Свјетски пондерисани тарифни просјек, преференцијални статус, према врсти производа (%)",Проценат,Одјећа,6.4306
2020,"Свјетски пондерисани тарифни просјек, преференцијални статус, према врсти производа (%)",Проценат,Одјећа,5.9718
2021,"Свјетски пондерисани тарифни просјек, преференцијални статус, према врсти производа (%)",Проценат,Одјећа,7.0816
2005,"Свјетски пондерисани тарифни просјек, преференцијални статус, према врсти производа (%)",Проценат,Индустријски производи,1.4504
2010,"Свјетски пондерисани тарифни просјек, преференцијални статус, према врсти производа (%)",Проценат,Индустријски производи,1.2943
2015,"Свјетски пондерисани тарифни просјек, преференцијални статус, према врсти производа (%)",Проценат,Индустријски производи,0.9845
2016,"Свјетски пондерисани тарифни просјек, преференцијални статус, према врсти производа (%)",Проценат,Индустријски производи,0.9755
2017,"Свјетски пондерисани тарифни просјек, преференцијални статус, према врсти производа (%)",Проценат,Индустријски производи,0.9357
2018,"Свјетски пондерисани тарифни просјек, преференцијални статус, према врсти производа (%)",Проценат,Индустријски производи,0.9357
2019,"Свјетски пондерисани тарифни просјек, преференцијални статус, према врсти производа (%)",Проценат,Индустријски производи,1.0344
2020,"Свјетски пондерисани тарифни просјек, преференцијални статус, према врсти производа (%)",Проценат,Индустријски производи,1.0781
2021,"Свјетски пондерисани тарифни просјек, преференцијални статус, према врсти производа (%)",Проценат,Индустријски производи,1.3546
2005,"Свјетски пондерисани тарифни просјек, преференцијални статус, према врсти производа (%)",Проценат,Нафта или уље,0.0
2010,"Свјетски пондерисани тарифни просјек, преференцијални статус, према врсти производа (%)",Проценат,Нафта или уље,0.0
2015,"Свјетски пондерисани тарифни просјек, преференцијални статус, према врсти производа (%)",Проценат,Нафта или уље,0.0
2016,"Свјетски пондерисани тарифни просјек, преференцијални статус, према врсти производа (%)",Проценат,Нафта или уље,0.0
2017,"Свјетски пондерисани тарифни просјек, преференцијални статус, према врсти производа (%)",Проценат,Нафта или уље,0.0
2018,"Свјетски пондерисани тарифни просјек, преференцијални статус, према врсти производа (%)",Проценат,Нафта или уље,0.0
2019,"Свјетски пондерисани тарифни просјек, преференцијални статус, према врсти производа (%)",Проценат,Нафта или уље,0.0
2020,"Свјетски пондерисани тарифни просјек, преференцијални статус, према врсти производа (%)",Проценат,Нафта или уље,0.0
2021,"Свјетски пондерисани тарифни просјек, преференцијални статус, према врсти производа (%)",Проценат,Нафта или уље,0.0
2005,"Свјетски пондерисани тарифни просјек, преференцијални статус, према врсти производа (%)",Проценат,Текстил,2.4615
2010,"Свјетски пондерисани тарифни просјек, преференцијални статус, према врсти производа (%)",Проценат,Текстил,2.5779
2015,"Свјетски пондерисани тарифни просјек, преференцијални статус, према врсти производа (%)",Проценат,Текстил,1.7332
2016,"Свјетски пондерисани тарифни просјек, преференцијални статус, према врсти производа (%)",Проценат,Текстил,1.7074
2017,"Свјетски пондерисани тарифни просјек, преференцијални статус, према врсти производа (%)",Проценат,Текстил,1.7783
2018,"Свјетски пондерисани тарифни просјек, преференцијални статус, према врсти производа (%)",Проценат,Текстил,1.7783
2019,"Свјетски пондерисани тарифни просјек, преференцијални статус, према врсти производа (%)",Проценат,Текстил,2.0361
2020,"Свјетски пондерисани тарифни просјек, преференцијални статус, према врсти производа (%)",Проценат,Текстил,2.2915
2021,"Свјетски пондерисани тарифни просјек, преференцијални статус, према врсти производа (%)",Проценат,Текстил,2.9717
