Year,SERIES,UNIT_MEASURE,Value
2000,GF_FRN_FDI,Амерички долар,146.07558
2001,GF_FRN_FDI,Амерички долар,118.86707
2002,GF_FRN_FDI,Амерички долар,265.17369
2003,GF_FRN_FDI,Амерички долар,381.05307
2004,GF_FRN_FDI,Амерички долар,511.18617
2005,GF_FRN_FDI,Амерички долар,351.18582
2006,GF_FRN_FDI,Амерички долар,554.69003
2007,GF_FRN_FDI,Амерички долар,1819.24423
2008,GF_FRN_FDI,Амерички долар,1001.64769
2009,GF_FRN_FDI,Амерички долар,249.9485
2010,GF_FRN_FDI,Амерички долар,406.08909
2011,GF_FRN_FDI,Амерички долар,496.52508
2012,GF_FRN_FDI,Амерички долар,394.87324
2013,GF_FRN_FDI,Амерички долар,276.36197
2014,GF_FRN_FDI,Амерички долар,550.1991
2015,GF_FRN_FDI,Амерички долар,361.14013
2016,GF_FRN_FDI,Амерички долар,349.75913
2017,GF_FRN_FDI,Амерички долар,449.85132
2018,GF_FRN_FDI,Амерички долар,472.80012
2019,GF_FRN_FDI,Амерички долар,528.35286
