Year,SERIES,UNIT_MEASURE,COMPOSITE_BREAKDOWN,Value
2010,Број претплатника фиксног широкопојасног приступа интернету на 100 становника,На 100 становника,10 Mbit/s или више,0.13
2011,Број претплатника фиксног широкопојасног приступа интернету на 100 становника,На 100 становника,10 Mbit/s или више,0.2
2012,Број претплатника фиксног широкопојасног приступа интернету на 100 становника,На 100 становника,10 Mbit/s или више,0.22
2013,Број претплатника фиксног широкопојасног приступа интернету на 100 становника,На 100 становника,10 Mbit/s или више,2.03
2014,Број претплатника фиксног широкопојасног приступа интернету на 100 становника,На 100 становника,10 Mbit/s или више,2.7
2015,Број претплатника фиксног широкопојасног приступа интернету на 100 становника,На 100 становника,10 Mbit/s или више,3.58
2016,Број претплатника фиксног широкопојасног приступа интернету на 100 становника,На 100 становника,10 Mbit/s или више,5.78
2017,Број претплатника фиксног широкопојасног приступа интернету на 100 становника,На 100 становника,10 Mbit/s или више,9.05
2018,Број претплатника фиксног широкопојасног приступа интернету на 100 становника,На 100 становника,10 Mbit/s или више,9.76
2019,Број претплатника фиксног широкопојасног приступа интернету на 100 становника,На 100 становника,10 Mbit/s или више,12.15
2010,Број претплатника фиксног широкопојасног приступа интернету на 100 становника,На 100 становника,256 kbit/s дo мање oд 2 Mbit/s,7.21
2011,Број претплатника фиксног широкопојасног приступа интернету на 100 становника,На 100 становника,256 kbit/s дo мање oд 2 Mbit/s,3.59
2012,Број претплатника фиксног широкопојасног приступа интернету на 100 становника,На 100 становника,256 kbit/s дo мање oд 2 Mbit/s,2.79
2013,Број претплатника фиксног широкопојасног приступа интернету на 100 становника,На 100 становника,256 kbit/s дo мање oд 2 Mbit/s,2.37
2014,Број претплатника фиксног широкопојасног приступа интернету на 100 становника,На 100 становника,256 kbit/s дo мање oд 2 Mbit/s,1.36
2015,Број претплатника фиксног широкопојасног приступа интернету на 100 становника,На 100 становника,256 kbit/s дo мање oд 2 Mbit/s,0.94
2016,Број претплатника фиксног широкопојасног приступа интернету на 100 становника,На 100 становника,256 kbit/s дo мање oд 2 Mbit/s,0.94
2017,Број претплатника фиксног широкопојасног приступа интернету на 100 становника,На 100 становника,256 kbit/s дo мање oд 2 Mbit/s,0.82
2018,Број претплатника фиксног широкопојасног приступа интернету на 100 становника,На 100 становника,256 kbit/s дo мање oд 2 Mbit/s,0.84
2019,Број претплатника фиксног широкопојасног приступа интернету на 100 становника,На 100 становника,256 kbit/s дo мање oд 2 Mbit/s,0.99
2010,Број претплатника фиксног широкопојасног приступа интернету на 100 становника,На 100 становника,2 Mbit/s дo мање oд 10 Mbit/s,3.21
2011,Број претплатника фиксног широкопојасног приступа интернету на 100 становника,На 100 становника,2 Mbit/s дo мање oд 10 Mbit/s,6.16
2012,Број претплатника фиксног широкопојасног приступа интернету на 100 становника,На 100 становника,2 Mbit/s дo мање oд 10 Mbit/s,8.28
2013,Број претплатника фиксног широкопојасног приступа интернету на 100 становника,На 100 становника,2 Mbit/s дo мање oд 10 Mbit/s,8.31
2014,Број претплатника фиксног широкопојасног приступа интернету на 100 становника,На 100 становника,2 Mbit/s дo мање oд 10 Mbit/s,11.52
2015,Број претплатника фиксног широкопојасног приступа интернету на 100 становника,На 100 становника,2 Mbit/s дo мање oд 10 Mbit/s,14.0
2016,Број претплатника фиксног широкопојасног приступа интернету на 100 становника,На 100 становника,2 Mbit/s дo мање oд 10 Mbit/s,12.85
2017,Број претплатника фиксног широкопојасног приступа интернету на 100 становника,На 100 становника,2 Mbit/s дo мање oд 10 Mbit/s,9.93
2018,Број претплатника фиксног широкопојасног приступа интернету на 100 становника,На 100 становника,2 Mbit/s дo мање oд 10 Mbit/s,10.27
2019,Број претплатника фиксног широкопојасног приступа интернету на 100 становника,На 100 становника,2 Mbit/s дo мање oд 10 Mbit/s,9.46
2000,Број претплатника фиксног широкопојасног приступа интернету на 100 становника,На 100 становника,_T,0.0
2001,Број претплатника фиксног широкопојасног приступа интернету на 100 становника,На 100 становника,_T,0.0
2002,Број претплатника фиксног широкопојасног приступа интернету на 100 становника,На 100 становника,_T,0.01
2003,Број претплатника фиксног широкопојасног приступа интернету на 100 становника,На 100 становника,_T,0.04
2004,Број претплатника фиксног широкопојасног приступа интернету на 100 становника,На 100 становника,_T,0.18
2005,Број претплатника фиксног широкопојасног приступа интернету на 100 становника,На 100 становника,_T,0.36
2006,Број претплатника фиксног широкопојасног приступа интернету на 100 становника,На 100 становника,_T,1.06
2007,Број претплатника фиксног широкопојасног приступа интернету на 100 становника,На 100 становника,_T,2.25
2008,Број претплатника фиксног широкопојасног приступа интернету на 100 становника,На 100 становника,_T,5.02
2009,Број претплатника фиксног широкопојасног приступа интернету на 100 становника,На 100 становника,_T,7.82
2010,Број претплатника фиксног широкопојасног приступа интернету на 100 становника,На 100 становника,_T,10.55
2011,Број претплатника фиксног широкопојасног приступа интернету на 100 становника,На 100 становника,_T,11.75
2012,Број претплатника фиксног широкопојасног приступа интернету на 100 становника,На 100 становника,_T,13.02
2013,Број претплатника фиксног широкопојасног приступа интернету на 100 становника,На 100 становника,_T,14.57
2014,Број претплатника фиксног широкопојасног приступа интернету на 100 становника,На 100 становника,_T,15.58
2015,Број претплатника фиксног широкопојасног приступа интернету на 100 становника,На 100 становника,_T,18.52
2016,Број претплатника фиксног широкопојасног приступа интернету на 100 становника,На 100 становника,_T,19.56
2017,Број претплатника фиксног широкопојасног приступа интернету на 100 становника,На 100 становника,_T,19.81
2018,Број претплатника фиксног широкопојасног приступа интернету на 100 становника,На 100 становника,_T,20.87
2019,Број претплатника фиксног широкопојасног приступа интернету на 100 становника,На 100 становника,_T,22.6
2010,Број претплатника фиксног широкопојасног приступа интернету (број),Број,10 Mbit/s или више,5000.0
2011,Број претплатника фиксног широкопојасног приступа интернету (број),Број,10 Mbit/s или више,7298.0
2012,Број претплатника фиксног широкопојасног приступа интернету (број),Број,10 Mbit/s или више,8054.0
2013,Број претплатника фиксног широкопојасног приступа интернету (број),Број,10 Mbit/s или више,71925.0
2014,Број претплатника фиксног широкопојасног приступа интернету (број),Број,10 Mbit/s или више,93970.0
2015,Број претплатника фиксног широкопојасног приступа интернету (број),Број,10 Mbit/s или више,122666.0
2016,Број претплатника фиксног широкопојасног приступа интернету (број),Број,10 Mbit/s или више,195585.0
2017,Број претплатника фиксног широкопојасног приступа интернету (број),Број,10 Mbit/s или више,333455.0
2018,Број претплатника фиксног широкопојасног приступа интернету (број),Број,10 Mbit/s или више,339725.0
2019,Број претплатника фиксног широкопојасног приступа интернету (број),Број,10 Mbit/s или више,400988.0
2010,Број претплатника фиксног широкопојасног приступа интернету (број),Број,256 kbit/s дo мање oд 2 Mbit/s,267092.0
2011,Број претплатника фиксног широкопојасног приступа интернету (број),Број,256 kbit/s дo мање oд 2 Mbit/s,131531.0
2012,Број претплатника фиксног широкопојасног приступа интернету (број),Број,256 kbit/s дo мање oд 2 Mbit/s,100404.0
2013,Број претплатника фиксног широкопојасног приступа интернету (број),Број,256 kbit/s дo мање oд 2 Mbit/s,83870.0
2014,Број претплатника фиксног широкопојасног приступа интернету (број),Број,256 kbit/s дo мање oд 2 Mbit/s,47212.0
2015,Број претплатника фиксног широкопојасног приступа интернету (број),Број,256 kbit/s дo мање oд 2 Mbit/s,32114.0
2016,Број претплатника фиксног широкопојасног приступа интернету (број),Број,256 kbit/s дo мање oд 2 Mbit/s,31839.0
2017,Број претплатника фиксног широкопојасног приступа интернету (број),Број,256 kbit/s дo мање oд 2 Mbit/s,27612.0
2018,Број претплатника фиксног широкопојасног приступа интернету (број),Број,256 kbit/s дo мање oд 2 Mbit/s,30381.0
2019,Број претплатника фиксног широкопојасног приступа интернету (број),Број,256 kbit/s дo мање oд 2 Mbit/s,32654.0
2010,Број претплатника фиксног широкопојасног приступа интернету (број),Број,2 Mbit/s дo мање oд 10 Mbit/s,118810.0
2011,Број претплатника фиксног широкопојасног приступа интернету (број),Број,2 Mbit/s дo мање oд 10 Mbit/s,225685.0
2012,Број претплатника фиксног широкопојасног приступа интернету (број),Број,2 Mbit/s дo мање oд 10 Mbit/s,298318.0
2013,Број претплатника фиксног широкопојасног приступа интернету (број),Број,2 Mbit/s дo мање oд 10 Mbit/s,294484.0
2014,Број претплатника фиксног широкопојасног приступа интернету (број),Број,2 Mbit/s дo мање oд 10 Mbit/s,401223.0
2015,Број претплатника фиксног широкопојасног приступа интернету (број),Број,2 Mbit/s дo мање oд 10 Mbit/s,480208.0
2016,Број претплатника фиксног широкопојасног приступа интернету (број),Број,2 Mbit/s дo мање oд 10 Mbit/s,435044.0
2017,Број претплатника фиксног широкопојасног приступа интернету (број),Број,2 Mbit/s дo мање oд 10 Mbit/s,339280.0
2018,Број претплатника фиксног широкопојасног приступа интернету (број),Број,2 Mbit/s дo мање oд 10 Mbit/s,346260.0
2019,Број претплатника фиксног широкопојасног приступа интернету (број),Број,2 Mbit/s дo мање oд 10 Mbit/s,312245.0
2000,Број претплатника фиксног широкопојасног приступа интернету (број),Број,_T,27.0
2001,Број претплатника фиксног широкопојасног приступа интернету (број),Број,_T,68.0
2002,Број претплатника фиксног широкопојасног приступа интернету (број),Број,_T,213.0
2003,Број претплатника фиксног широкопојасног приступа интернету (број),Број,_T,1500.0
2004,Број претплатника фиксног широкопојасног приступа интернету (број),Број,_T,6637.0
2005,Број претплатника фиксног широкопојасног приступа интернету (број),Број,_T,13702.0
2006,Број претплатника фиксног широкопојасног приступа интернету (број),Број,_T,40000.0
2007,Број претплатника фиксног широкопојасног приступа интернету (број),Број,_T,84691.0
2008,Број претплатника фиксног широкопојасног приступа интернету (број),Број,_T,188460.0
2009,Број претплатника фиксног широкопојасног приступа интернету (број),Број,_T,292113.0
2010,Број претплатника фиксног широкопојасног приступа интернету (број),Број,_T,390902.0
2011,Број претплатника фиксног широкопојасног приступа интернету (број),Број,_T,430247.0
2012,Број претплатника фиксног широкопојасног приступа интернету (број),Број,_T,469397.0
2013,Број претплатника фиксног широкопојасног приступа интернету (број),Број,_T,516104.0
2014,Број претплатника фиксног широкопојасног приступа интернету (број),Број,_T,542405.0
2015,Број претплатника фиксног широкопојасног приступа интернету (број),Број,_T,634987.0
2016,Број претплатника фиксног широкопојасног приступа интернету (број),Број,_T,662468.0
2017,Број претплатника фиксног широкопојасног приступа интернету (број),Број,_T,700347.0
2018,Број претплатника фиксног широкопојасног приступа интернету (број),Број,_T,716366.0
2019,Број претплатника фиксног широкопојасног приступа интернету (број),Број,_T,745887.0
