Year,SERIES,UNIT_MEASURE,Пол,Value
2005,Удио појединаца који користе интернет (%),Проценат,Оба пола или без подјеле по полу,21.33
2006,Удио појединаца који користе интернет (%),Проценат,Оба пола или без подјеле по полу,25.12
2007,Удио појединаца који користе интернет (%),Проценат,Оба пола или без подјеле по полу,27.92
2008,Удио појединаца који користе интернет (%),Проценат,Оба пола или без подјеле по полу,34.66
2009,Удио појединаца који користе интернет (%),Проценат,Оба пола или без подјеле по полу,37.74
2010,Удио појединаца који користе интернет (%),Проценат,Оба пола или без подјеле по полу,42.75
2011,Удио појединаца који користе интернет (%),Проценат,Оба пола или без подјеле по полу,43.89
2012,Удио појединаца који користе интернет (%),Проценат,Оба пола или без подјеле по полу,45.06
2013,Удио појединаца који користе интернет (%),Проценат,Оба пола или без подјеле по полу,48.52
2014,Удио појединаца који користе интернет (%),Проценат,Оба пола или без подјеле по полу,49.92
2015,Удио појединаца који користе интернет (%),Проценат,Оба пола или без подјеле по полу,52.6
2016,Удио појединаца који користе интернет (%),Проценат,Оба пола или без подјеле по полу,60.26
2016,Удио појединаца који користе интернет (%),Проценат,Жене,57.31
2016,Удио појединаца који користе интернет (%),Проценат,Мушкарци,63.59
2017,Удио појединаца који користе интернет (%),Проценат,Оба пола или без подјеле по полу,64.89
2017,Удио појединаца који користе интернет (%),Проценат,Жене,62.49
2017,Удио појединаца који користе интернет (%),Проценат,Мушкарци,67.58
2018,Удио појединаца који користе интернет (%),Проценат,Оба пола или без подјеле по полу,70.12
2018,Удио појединаца који користе интернет (%),Проценат,Жене,68.34
2018,Удио појединаца који користе интернет (%),Проценат,Мушкарци,72.4
2019,Удио појединаца који користе интернет (%),Проценат,Оба пола или без подјеле по полу,69.95
2019,Удио појединаца који користе интернет (%),Проценат,Жене,67.45
2019,Удио појединаца који користе интернет (%),Проценат,Мушкарци,72.82
2020,Удио појединаца који користе интернет (%),Проценат,Оба пола или без подјеле по полу,73.21
2020,Удио појединаца који користе интернет (%),Проценат,Жене,69.31
2020,Удио појединаца који користе интернет (%),Проценат,Мушкарци,77.82
2021,Удио појединаца који користе интернет (%),Проценат,Оба пола или без подјеле по полу,75.68
2021,Удио појединаца који користе интернет (%),Проценат,Жене,72.66
2021,Удио појединаца који користе интернет (%),Проценат,Мушкарци,79.18
