Year,SERIES,UNIT_MEASURE,Године,Value
2000,Дјеца са умјереном или озбиљном прекомјерном тјелесном тежином (број),THOUSANDS,Испод 5 година,40.3
2001,Дјеца са умјереном или озбиљном прекомјерном тјелесном тежином (број),THOUSANDS,Испод 5 година,42.9
2002,Дјеца са умјереном или озбиљном прекомјерном тјелесном тежином (број),THOUSANDS,Испод 5 година,43.8
2003,Дјеца са умјереном или озбиљном прекомјерном тјелесном тежином (број),THOUSANDS,Испод 5 година,43.9
2004,Дјеца са умјереном или озбиљном прекомјерном тјелесном тежином (број),THOUSANDS,Испод 5 година,43.7
2005,Дјеца са умјереном или озбиљном прекомјерном тјелесном тежином (број),THOUSANDS,Испод 5 година,43.6
2006,Дјеца са умјереном или озбиљном прекомјерном тјелесном тежином (број),THOUSANDS,Испод 5 година,43.2
2007,Дјеца са умјереном или озбиљном прекомјерном тјелесном тежином (број),THOUSANDS,Испод 5 година,42.4
2008,Дјеца са умјереном или озбиљном прекомјерном тјелесном тежином (број),THOUSANDS,Испод 5 година,41.3
2009,Дјеца са умјереном или озбиљном прекомјерном тјелесном тежином (број),THOUSANDS,Испод 5 година,39.9
2010,Дјеца са умјереном или озбиљном прекомјерном тјелесном тежином (број),THOUSANDS,Испод 5 година,38.0
2011,Дјеца са умјереном или озбиљном прекомјерном тјелесном тежином (број),THOUSANDS,Испод 5 година,35.9
2012,Дјеца са умјереном или озбиљном прекомјерном тјелесном тежином (број),THOUSANDS,Испод 5 година,33.6
2013,Дјеца са умјереном или озбиљном прекомјерном тјелесном тежином (број),THOUSANDS,Испод 5 година,31.0
2014,Дјеца са умјереном или озбиљном прекомјерном тјелесном тежином (број),THOUSANDS,Испод 5 година,28.2
2015,Дјеца са умјереном или озбиљном прекомјерном тјелесном тежином (број),THOUSANDS,Испод 5 година,25.4
2016,Дјеца са умјереном или озбиљном прекомјерном тјелесном тежином (број),THOUSANDS,Испод 5 година,22.8
2017,Дјеца са умјереном или озбиљном прекомјерном тјелесном тежином (број),THOUSANDS,Испод 5 година,20.6
2018,Дјеца са умјереном или озбиљном прекомјерном тјелесном тежином (број),THOUSANDS,Испод 5 година,18.6
2019,Дјеца са умјереном или озбиљном прекомјерном тјелесном тежином (број),THOUSANDS,Испод 5 година,17.1
2020,Дјеца са умјереном или озбиљном прекомјерном тјелесном тежином (број),THOUSANDS,Испод 5 година,15.0
2021,Дјеца са умјереном или озбиљном прекомјерном тјелесном тежином (број),THOUSANDS,Испод 5 година,14.9
2022,Дјеца са умјереном или озбиљном прекомјерном тјелесном тежином (број),THOUSANDS,Испод 5 година,14.0
2000,Удио дјеце са умјереном или озбиљном прекомјерном тјелесном тежином,PT,Испод 5 година,17.3
2001,Удио дјеце са умјереном или озбиљном прекомјерном тјелесном тежином,PT,Испод 5 година,18.7
2002,Удио дјеце са умјереном или озбиљном прекомјерном тјелесном тежином,PT,Испод 5 година,19.8
2003,Удио дјеце са умјереном или озбиљном прекомјерном тјелесном тежином,PT,Испод 5 година,20.8
2004,Удио дјеце са умјереном или озбиљном прекомјерном тјелесном тежином,PT,Испод 5 година,21.5
2005,Удио дјеце са умјереном или озбиљном прекомјерном тјелесном тежином,PT,Испод 5 година,22.0
2006,Удио дјеце са умјереном или озбиљном прекомјерном тјелесном тежином,PT,Испод 5 година,22.3
2007,Удио дјеце са умјереном или озбиљном прекомјерном тјелесном тежином,PT,Испод 5 година,22.2
2008,Удио дјеце са умјереном или озбиљном прекомјерном тјелесном тежином,PT,Испод 5 година,21.9
2009,Удио дјеце са умјереном или озбиљном прекомјерном тјелесном тежином,PT,Испод 5 година,21.3
2010,Удио дјеце са умјереном или озбиљном прекомјерном тјелесном тежином,PT,Испод 5 година,20.6
2011,Удио дјеце са умјереном или озбиљном прекомјерном тјелесном тежином,PT,Испод 5 година,19.7
2012,Удио дјеце са умјереном или озбиљном прекомјерном тјелесном тежином,PT,Испод 5 година,18.7
2013,Удио дјеце са умјереном или озбиљном прекомјерном тјелесном тежином,PT,Испод 5 година,17.5
2014,Удио дјеце са умјереном или озбиљном прекомјерном тјелесном тежином,PT,Испод 5 година,16.2
2015,Удио дјеце са умјереном или озбиљном прекомјерном тјелесном тежином,PT,Испод 5 година,14.9
2016,Удио дјеце са умјереном или озбиљном прекомјерном тјелесном тежином,PT,Испод 5 година,13.7
2017,Удио дјеце са умјереном или озбиљном прекомјерном тјелесном тежином,PT,Испод 5 година,12.6
2018,Удио дјеце са умјереном или озбиљном прекомјерном тјелесном тежином,PT,Испод 5 година,11.6
2019,Удио дјеце са умјереном или озбиљном прекомјерном тјелесном тежином,PT,Испод 5 година,10.7
2020,Удио дјеце са умјереном или озбиљном прекомјерном тјелесном тежином,PT,Испод 5 година,10.1
2021,Удио дјеце са умјереном или озбиљном прекомјерном тјелесном тежином,PT,Испод 5 година,9.7
2022,Удио дјеце са умјереном или озбиљном прекомјерном тјелесном тежином,PT,Испод 5 година,9.4
2000,Удио дјеце која су умјерено или озбиљно исцрпљена,PT,Испод 5 година,7.4
2006,Удио дјеце која су умјерено или озбиљно исцрпљена,PT,Испод 5 година,4.0
2012,Удио дјеце која су умјерено или озбиљно исцрпљена,PT,Испод 5 година,2.3
