Year,SERIES,UNIT_MEASURE,Године,Пол,COMPOSITE_BREAKDOWN,Value
2000,SH_DTH_NCOM,Проценат,30 до тачно 70 година,Оба пола или без подјеле по полу,,22.0
2005,SH_DTH_NCOM,Проценат,30 до тачно 70 година,Оба пола или без подјеле по полу,,21.7
2010,SH_DTH_NCOM,Проценат,30 до тачно 70 година,Оба пола или без подјеле по полу,,20.1
2015,SH_DTH_NCOM,Проценат,30 до тачно 70 година,Оба пола или без подјеле по полу,,19.2
2019,SH_DTH_NCOM,Проценат,30 до тачно 70 година,Оба пола или без подјеле по полу,,18.7
2000,SH_DTH_NCOM,Проценат,30 до тачно 70 година,Жене,,17.0
2005,SH_DTH_NCOM,Проценат,30 до тачно 70 година,Жене,,16.2
2010,SH_DTH_NCOM,Проценат,30 до тачно 70 година,Жене,,15.2
2015,SH_DTH_NCOM,Проценат,30 до тачно 70 година,Жене,,14.1
2019,SH_DTH_NCOM,Проценат,30 до тачно 70 година,Жене,,13.6
2000,SH_DTH_NCOM,Проценат,30 до тачно 70 година,Мушкарци,,27.4
2005,SH_DTH_NCOM,Проценат,30 до тачно 70 година,Мушкарци,,27.5
2010,SH_DTH_NCOM,Проценат,30 до тачно 70 година,Мушкарци,,25.3
2015,SH_DTH_NCOM,Проценат,30 до тачно 70 година,Мушкарци,,24.6
2019,SH_DTH_NCOM,Проценат,30 до тачно 70 година,Мушкарци,,24.0
2000,SH_DTH_NCD,Број,,Оба пола или без подјеле по полу,Рак,5888.0
2005,SH_DTH_NCD,Број,,Оба пола или без подјеле по полу,Рак,7304.0
2010,SH_DTH_NCD,Број,,Оба пола или без подјеле по полу,Рак,8032.0
2015,SH_DTH_NCD,Број,,Оба пола или без подјеле по полу,Рак,8056.0
2019,SH_DTH_NCD,Број,,Оба пола или без подјеле по полу,Рак,8407.0
2000,SH_DTH_NCD,Број,,Жене,Рак,2339.0
2005,SH_DTH_NCD,Број,,Жене,Рак,2942.0
2010,SH_DTH_NCD,Број,,Жене,Рак,3305.0
2015,SH_DTH_NCD,Број,,Жене,Рак,3270.0
2019,SH_DTH_NCD,Број,,Жене,Рак,3395.0
2000,SH_DTH_NCD,Број,,Оба пола или без подјеле по полу,Кардиоваскуларне болести,14670.0
2005,SH_DTH_NCD,Број,,Оба пола или без подјеле по полу,Кардиоваскуларне болести,18090.0
2010,SH_DTH_NCD,Број,,Оба пола или без подјеле по полу,Кардиоваскуларне болести,19392.0
2015,SH_DTH_NCD,Број,,Оба пола или без подјеле по полу,Кардиоваскуларне болести,18648.0
2019,SH_DTH_NCD,Број,,Оба пола или без подјеле по полу,Кардиоваскуларне болести,19651.0
2000,SH_DTH_NCD,Број,,Жене,Кардиоваскуларне болести,7924.0
2005,SH_DTH_NCD,Број,,Жене,Кардиоваскуларне болести,9964.0
2010,SH_DTH_NCD,Број,,Жене,Кардиоваскуларне болести,10966.0
2015,SH_DTH_NCD,Број,,Жене,Кардиоваскуларне болести,10181.0
2019,SH_DTH_NCD,Број,,Жене,Кардиоваскуларне болести,10665.0
2000,SH_DTH_NCD,Број,,Оба пола или без подјеле по полу,Дијабетес,975.0
2005,SH_DTH_NCD,Број,,Оба пола или без подјеле по полу,Дијабетес,1941.0
2010,SH_DTH_NCD,Број,,Оба пола или без подјеле по полу,Дијабетес,2480.0
2015,SH_DTH_NCD,Број,,Оба пола или без подјеле по полу,Дијабетес,2476.0
2019,SH_DTH_NCD,Број,,Оба пола или без подјеле по полу,Дијабетес,2582.0
2000,SH_DTH_NCD,Број,,Жене,Дијабетес,625.0
2005,SH_DTH_NCD,Број,,Жене,Дијабетес,1181.0
2010,SH_DTH_NCD,Број,,Жене,Дијабетес,1509.0
2015,SH_DTH_NCD,Број,,Жене,Дијабетес,1445.0
2019,SH_DTH_NCD,Број,,Жене,Дијабетес,1504.0
2000,SH_DTH_NCD,Број,,Оба пола или без подјеле по полу,Хронична респираторна болест,1140.0
2005,SH_DTH_NCD,Број,,Оба пола или без подјеле по полу,Хронична респираторна болест,1362.0
2010,SH_DTH_NCD,Број,,Оба пола или без подјеле по полу,Хронична респираторна болест,1389.0
2015,SH_DTH_NCD,Број,,Оба пола или без подјеле по полу,Хронична респираторна болест,1249.0
2019,SH_DTH_NCD,Број,,Оба пола или без подјеле по полу,Хронична респираторна болест,1262.0
2000,SH_DTH_NCD,Број,,Мушкарци,Рак,3549.0
2005,SH_DTH_NCD,Број,,Мушкарци,Рак,4362.0
2010,SH_DTH_NCD,Број,,Мушкарци,Рак,4726.0
2015,SH_DTH_NCD,Број,,Мушкарци,Рак,4785.0
2019,SH_DTH_NCD,Број,,Мушкарци,Рак,5012.0
2000,SH_DTH_NCD,Број,,Мушкарци,Кардиоваскуларне болести,6746.0
2005,SH_DTH_NCD,Број,,Мушкарци,Кардиоваскуларне болести,8126.0
2010,SH_DTH_NCD,Број,,Мушкарци,Кардиоваскуларне болести,8426.0
2015,SH_DTH_NCD,Број,,Мушкарци,Кардиоваскуларне болести,8468.0
2019,SH_DTH_NCD,Број,,Мушкарци,Кардиоваскуларне болести,8986.0
2000,SH_DTH_NCD,Број,,Мушкарци,Дијабетес,350.0
2005,SH_DTH_NCD,Број,,Мушкарци,Дијабетес,761.0
2010,SH_DTH_NCD,Број,,Мушкарци,Дијабетес,971.0
2015,SH_DTH_NCD,Број,,Мушкарци,Дијабетес,1031.0
2019,SH_DTH_NCD,Број,,Мушкарци,Дијабетес,1078.0
2000,SH_DTH_NCD,Број,,Жене,Хронична респираторна болест,483.0
2005,SH_DTH_NCD,Број,,Жене,Хронична респираторна болест,554.0
2010,SH_DTH_NCD,Број,,Жене,Хронична респираторна болест,564.0
2015,SH_DTH_NCD,Број,,Жене,Хронична респираторна болест,474.0
2019,SH_DTH_NCD,Број,,Жене,Хронична респираторна болест,477.0
2000,SH_DTH_NCD,Број,,Мушкарци,Хронична респираторна болест,656.0
2005,SH_DTH_NCD,Број,,Мушкарци,Хронична респираторна болест,808.0
2010,SH_DTH_NCD,Број,,Мушкарци,Хронична респираторна болест,824.0
2015,SH_DTH_NCD,Број,,Мушкарци,Хронична респираторна болест,776.0
2019,SH_DTH_NCD,Број,,Мушкарци,Хронична респираторна болест,785.0
