Year,SERIES,UNIT_MEASURE,Године,Пол,COMPOSITE_BREAKDOWN,Value
2000,SH_DTH_NCOM,Проценат,30 до тачно 70 година,Оба пола или без подјеле по полу,,24.4
2005,SH_DTH_NCOM,Проценат,30 до тачно 70 година,Оба пола или без подјеле по полу,,22.8
2010,SH_DTH_NCOM,Проценат,30 до тачно 70 година,Оба пола или без подјеле по полу,,20.9
2015,SH_DTH_NCOM,Проценат,30 до тачно 70 година,Оба пола или без подјеле по полу,,18.2
2016,SH_DTH_NCOM,Проценат,30 до тачно 70 година,Оба пола или без подјеле по полу,,17.8
2000,SH_DTH_NCOM,Проценат,30 до тачно 70 година,Жене,,18.8
2005,SH_DTH_NCOM,Проценат,30 до тачно 70 година,Жене,,17.2
2010,SH_DTH_NCOM,Проценат,30 до тачно 70 година,Жене,,15.7
2015,SH_DTH_NCOM,Проценат,30 до тачно 70 година,Жене,,13.2
2016,SH_DTH_NCOM,Проценат,30 до тачно 70 година,Жене,,12.9
2000,SH_DTH_NCOM,Проценат,30 до тачно 70 година,Мушкарци,,30.5
2005,SH_DTH_NCOM,Проценат,30 до тачно 70 година,Мушкарци,,28.8
2010,SH_DTH_NCOM,Проценат,30 до тачно 70 година,Мушкарци,,26.6
2015,SH_DTH_NCOM,Проценат,30 до тачно 70 година,Мушкарци,,23.6
2016,SH_DTH_NCOM,Проценат,30 до тачно 70 година,Мушкарци,,23.1
2000,SH_DTH_NCD,Број,,Оба пола или без подјеле по полу,Рак,4952.0
2005,SH_DTH_NCD,Број,,Оба пола или без подјеле по полу,Рак,5983.0
2010,SH_DTH_NCD,Број,,Оба пола или без подјеле по полу,Рак,6617.0
2015,SH_DTH_NCD,Број,,Оба пола или без подјеле по полу,Рак,7212.0
2016,SH_DTH_NCD,Број,,Оба пола или без подјеле по полу,Рак,7262.0
2000,SH_DTH_NCD,Број,,Жене,Рак,2035.0
2005,SH_DTH_NCD,Број,,Жене,Рак,2490.0
2010,SH_DTH_NCD,Број,,Жене,Рак,2726.0
2015,SH_DTH_NCD,Број,,Жене,Рак,2955.0
2016,SH_DTH_NCD,Број,,Жене,Рак,2955.0
2000,SH_DTH_NCD,Број,,Оба пола или без подјеле по полу,Кардиоваскуларне болести,17774.0
2005,SH_DTH_NCD,Број,,Оба пола или без подјеле по полу,Кардиоваскуларне болести,19965.0
2010,SH_DTH_NCD,Број,,Оба пола или без подјеле по полу,Кардиоваскуларне болести,20095.0
2015,SH_DTH_NCD,Број,,Оба пола или без подјеле по полу,Кардиоваскуларне болести,20044.0
2016,SH_DTH_NCD,Број,,Оба пола или без подјеле по полу,Кардиоваскуларне болести,20279.0
2000,SH_DTH_NCD,Број,,Жене,Кардиоваскуларне болести,9160.0
2005,SH_DTH_NCD,Број,,Жене,Кардиоваскуларне болести,10313.0
2010,SH_DTH_NCD,Број,,Жене,Кардиоваскуларне болести,10777.0
2015,SH_DTH_NCD,Број,,Жене,Кардиоваскуларне болести,10809.0
2016,SH_DTH_NCD,Број,,Жене,Кардиоваскуларне болести,10982.0
2000,SH_DTH_NCD,Број,,Оба пола или без подјеле по полу,Дијабетес,1021.0
2005,SH_DTH_NCD,Број,,Оба пола или без подјеле по полу,Дијабетес,2025.0
2010,SH_DTH_NCD,Број,,Оба пола или без подјеле по полу,Дијабетес,2522.0
2015,SH_DTH_NCD,Број,,Оба пола или без подјеле по полу,Дијабетес,2567.0
2016,SH_DTH_NCD,Број,,Оба пола или без подјеле по полу,Дијабетес,2552.0
2000,SH_DTH_NCD,Број,,Жене,Дијабетес,657.0
2005,SH_DTH_NCD,Број,,Жене,Дијабетес,1234.0
2010,SH_DTH_NCD,Број,,Жене,Дијабетес,1518.0
2015,SH_DTH_NCD,Број,,Жене,Дијабетес,1522.0
2016,SH_DTH_NCD,Број,,Жене,Дијабетес,1511.0
2000,SH_DTH_NCD,Број,,Оба пола или без подјеле по полу,Хронична респираторна болест,1298.0
2005,SH_DTH_NCD,Број,,Оба пола или без подјеле по полу,Хронична респираторна болест,1474.0
2010,SH_DTH_NCD,Број,,Оба пола или без подјеле по полу,Хронична респираторна болест,1475.0
2015,SH_DTH_NCD,Број,,Оба пола или без подјеле по полу,Хронична респираторна болест,1447.0
2016,SH_DTH_NCD,Број,,Оба пола или без подјеле по полу,Хронична респираторна болест,1448.0
2000,SH_DTH_NCD,Број,,Мушкарци,Рак,2917.0
2005,SH_DTH_NCD,Број,,Мушкарци,Рак,3493.0
2010,SH_DTH_NCD,Број,,Мушкарци,Рак,3891.0
2015,SH_DTH_NCD,Број,,Мушкарци,Рак,4257.0
2016,SH_DTH_NCD,Број,,Мушкарци,Рак,4307.0
2000,SH_DTH_NCD,Број,,Мушкарци,Кардиоваскуларне болести,8614.0
2005,SH_DTH_NCD,Број,,Мушкарци,Кардиоваскуларне болести,9652.0
2010,SH_DTH_NCD,Број,,Мушкарци,Кардиоваскуларне болести,9318.0
2015,SH_DTH_NCD,Број,,Мушкарци,Кардиоваскуларне болести,9235.0
2016,SH_DTH_NCD,Број,,Мушкарци,Кардиоваскуларне болести,9298.0
2000,SH_DTH_NCD,Број,,Мушкарци,Дијабетес,365.0
2005,SH_DTH_NCD,Број,,Мушкарци,Дијабетес,791.0
2010,SH_DTH_NCD,Број,,Мушкарци,Дијабетес,1004.0
2015,SH_DTH_NCD,Број,,Мушкарци,Дијабетес,1045.0
2016,SH_DTH_NCD,Број,,Мушкарци,Дијабетес,1040.0
2000,SH_DTH_NCD,Број,,Жене,Хронична респираторна болест,564.0
2005,SH_DTH_NCD,Број,,Жене,Хронична респираторна болест,584.0
2010,SH_DTH_NCD,Број,,Жене,Хронична респираторна болест,597.0
2015,SH_DTH_NCD,Број,,Жене,Хронична респираторна болест,575.0
2016,SH_DTH_NCD,Број,,Жене,Хронична респираторна болест,580.0
2000,SH_DTH_NCD,Број,,Мушкарци,Хронична респираторна болест,735.0
2005,SH_DTH_NCD,Број,,Мушкарци,Хронична респираторна болест,890.0
2010,SH_DTH_NCD,Број,,Мушкарци,Хронична респираторна болест,879.0
2015,SH_DTH_NCD,Број,,Мушкарци,Хронична респираторна болест,872.0
2016,SH_DTH_NCD,Број,,Мушкарци,Хронична респираторна болест,868.0
