Year,SERIES,UNIT_MEASURE,Године,Пол,Value
2015,Потрошња алкохола по становнику (старости од 15 година и више) у календарској години,Литри,15 година и више,Оба пола или без подјеле по полу,5.9544
2019,Потрошња алкохола по становнику (старости од 15 година и више) у календарској години,Литри,15 година и више,Оба пола или без подјеле по полу,6.3848
2015,Потрошња алкохола по становнику (старости од 15 година и више) у календарској години,Литри,15 година и више,Жене,2.0829
2019,Потрошња алкохола по становнику (старости од 15 година и више) у календарској години,Литри,15 година и више,Жене,2.2337
2015,Потрошња алкохола по становнику (старости од 15 година и више) у календарској години,Литри,15 година и више,Мушкарци,10.0555
2019,Потрошња алкохола по становнику (старости од 15 година и више) у календарској години,Литри,15 година и више,Мушкарци,10.7454
