Year,SERIES,UNIT_MEASURE,Пол,Value
2015,"Стопа смртности због повреда у цестовном саобраћају, према сполу (на 100.000 становника)",На 100.000 становника,Оба пола или без подјеле по полу,15.8
2019,"Стопа смртности због повреда у цестовном саобраћају, према сполу (на 100.000 становника)",На 100.000 становника,Оба пола или без подјеле по полу,13.5
2015,"Стопа смртности због повреда у цестовном саобраћају, према сполу (на 100.000 становника)",На 100.000 становника,Жене,6.6
2019,"Стопа смртности због повреда у цестовном саобраћају, према сполу (на 100.000 становника)",На 100.000 становника,Жене,5.9
2015,"Стопа смртности због повреда у цестовном саобраћају, према сполу (на 100.000 становника)",На 100.000 становника,Мушкарци,25.4
2019,"Стопа смртности због повреда у цестовном саобраћају, према сполу (на 100.000 становника)",На 100.000 становника,Мушкарци,21.4
