Year,SERIES,UNIT_MEASURE,Године,Пол,Value
2018,Стопа наталитета адолесцената (на 1.000 жена узраста 15-19 и 10-14 година),PER_1000_POP,10 до 14 година,Жене,0.06
2019,Стопа наталитета адолесцената (на 1.000 жена узраста 15-19 и 10-14 година),PER_1000_POP,10 до 14 година,Жене,0.04
2018,Стопа наталитета адолесцената (на 1.000 жена узраста 15-19 и 10-14 година),PER_1000_POP,15 до 19 година,Жене,9.9
2019,Стопа наталитета адолесцената (на 1.000 жена узраста 15-19 и 10-14 година),PER_1000_POP,15 до 19 година,Жене,9.7
