Year,SERIES,UNIT_MEASURE,Value
2000,Индекс покривености услугама универзалне здравствене заштите,Индеx,44
2005,Индекс покривености услугама универзалне здравствене заштите,Индеx,61
2010,Индекс покривености услугама универзалне здравствене заштите,Индеx,62
2015,Индекс покривености услугама универзалне здравствене заштите,Индеx,68
2017,Индекс покривености услугама универзалне здравствене заштите,Индеx,70
2019,Индекс покривености услугама универзалне здравствене заштите,Индеx,67
2021,Индекс покривености услугама универзалне здравствене заштите,Индеx,66
