Year,SERIES,UNIT_MEASURE,Value
2015,Индекс покривености услугама универзалне здравствене заштите,IX,68
2017,Индекс покривености услугама универзалне здравствене заштите,IX,70
2019,Индекс покривености услугама универзалне здравствене заштите,IX,67
2021,Индекс покривености услугама универзалне здравствене заштите,IX,66
