Year,SERIES,UNIT_MEASURE,Value
2019,Стопа морталитета која се приписује загађењу околног ваздуха,PER_100000_POP,55.0
2019,Стопа смртности која се приписује загађењем ваздуха домаћинстава,PER_100000_POP,72.0
2019,Старосно стандардизована стопа смртности која се приписује загађењу домаћинства и околног ваздуха (умрли на 100.000 становника),PER_100000_POP,114.0
2016,Стопа сировог морталитета која се приписује загађењу околног ваздуха,PER_100000_POP,
2016,Сирова стопа смртности која се приписује загађењем ваздуха домаћинстава,PER_100000_POP,
2016,Стопа смртности која се приписује загађењу домаћинства и околног ваздуха,PER_100000_POP,
