Year,SERIES,UNIT_MEASURE,Пол,Value
2015,Стопа смртности узрокована ненамјерним тровањем,На 100.000 становника,Оба пола или без подјеле по полу,0.4
2019,Стопа смртности узрокована ненамјерним тровањем,На 100.000 становника,Оба пола или без подјеле по полу,0.4
2015,Стопа смртности узрокована ненамјерним тровањем,На 100.000 становника,Жене,0.3
2019,Стопа смртности узрокована ненамјерним тровањем,На 100.000 становника,Жене,0.3
2015,Стопа смртности узрокована ненамјерним тровањем,На 100.000 становника,Мушкарци,0.5
2019,Стопа смртности узрокована ненамјерним тровањем,На 100.000 становника,Мушкарци,0.5
