Year,SERIES,UNIT_MEASURE,Пол,Value
2015,Стопа смртности узрокована ненамјерним тровањем,PER_100000_POP,Оба пола или без подјеле по полу,0.4
2019,Стопа смртности узрокована ненамјерним тровањем,PER_100000_POP,Оба пола или без подјеле по полу,0.4
2015,Стопа смртности узрокована ненамјерним тровањем,PER_100000_POP,Жене,0.3
2019,Стопа смртности узрокована ненамјерним тровањем,PER_100000_POP,Жене,0.3
2015,Стопа смртности узрокована ненамјерним тровањем,PER_100000_POP,Мушкарци,0.5
2019,Стопа смртности узрокована ненамјерним тровањем,PER_100000_POP,Мушкарци,0.5
