Year,SERIES,UNIT_MEASURE,Value
2000,"Укупна званична развојна помоћ медицинским истраживањима и основним здравственим секторима, бруто исплата, према земљама примаоцима",Амерички долар,9.08736
2001,"Укупна званична развојна помоћ медицинским истраживањима и основним здравственим секторима, бруто исплата, према земљама примаоцима",Амерички долар,5.4217
2002,"Укупна званична развојна помоћ медицинским истраживањима и основним здравственим секторима, бруто исплата, према земљама примаоцима",Амерички долар,5.51349
2003,"Укупна званична развојна помоћ медицинским истраживањима и основним здравственим секторима, бруто исплата, према земљама примаоцима",Амерички долар,9.48565
2004,"Укупна званична развојна помоћ медицинским истраживањима и основним здравственим секторима, бруто исплата, према земљама примаоцима",Амерички долар,4.58668
2005,"Укупна званична развојна помоћ медицинским истраживањима и основним здравственим секторима, бруто исплата, према земљама примаоцима",Амерички долар,4.99766
2006,"Укупна званична развојна помоћ медицинским истраживањима и основним здравственим секторима, бруто исплата, према земљама примаоцима",Амерички долар,17.4274
2007,"Укупна званична развојна помоћ медицинским истраживањима и основним здравственим секторима, бруто исплата, према земљама примаоцима",Амерички долар,10.9566
2008,"Укупна званична развојна помоћ медицинским истраживањима и основним здравственим секторима, бруто исплата, према земљама примаоцима",Амерички долар,7.03404
2009,"Укупна званична развојна помоћ медицинским истраживањима и основним здравственим секторима, бруто исплата, према земљама примаоцима",Амерички долар,2.58064
2010,"Укупна званична развојна помоћ медицинским истраживањима и основним здравственим секторима, бруто исплата, према земљама примаоцима",Амерички долар,7.81804
2011,"Укупна званична развојна помоћ медицинским истраживањима и основним здравственим секторима, бруто исплата, према земљама примаоцима",Амерички долар,6.13396
2012,"Укупна званична развојна помоћ медицинским истраживањима и основним здравственим секторима, бруто исплата, према земљама примаоцима",Амерички долар,6.7453
2013,"Укупна званична развојна помоћ медицинским истраживањима и основним здравственим секторима, бруто исплата, према земљама примаоцима",Амерички долар,5.6511
2014,"Укупна званична развојна помоћ медицинским истраживањима и основним здравственим секторима, бруто исплата, према земљама примаоцима",Амерички долар,11.1682
2015,"Укупна званична развојна помоћ медицинским истраживањима и основним здравственим секторима, бруто исплата, према земљама примаоцима",Амерички долар,5.29493
2016,"Укупна званична развојна помоћ медицинским истраживањима и основним здравственим секторима, бруто исплата, према земљама примаоцима",Амерички долар,38.0789
2017,"Укупна званична развојна помоћ медицинским истраживањима и основним здравственим секторима, бруто исплата, према земљама примаоцима",Амерички долар,36.2081
2018,"Укупна званична развојна помоћ медицинским истраживањима и основним здравственим секторима, бруто исплата, према земљама примаоцима",Амерички долар,13.1018
2019,"Укупна званична развојна помоћ медицинским истраживањима и основним здравственим секторима, бруто исплата, према земљама примаоцима",Амерички долар,8.61702
2020,"Укупна званична развојна помоћ медицинским истраживањима и основним здравственим секторима, бруто исплата, према земљама примаоцима",Амерички долар,14.6164
2010,"Укупна службена развојна помоћ медицинским истраживањима и основним здравственим секторима, нето исплата, по земљама примаоцима (милиони америчких долара константа 2020.)",Амерички долар,7.76131
2011,"Укупна службена развојна помоћ медицинским истраживањима и основним здравственим секторима, нето исплата, по земљама примаоцима (милиони америчких долара константа 2020.)",Амерички долар,6.07939
2012,"Укупна службена развојна помоћ медицинским истраживањима и основним здравственим секторима, нето исплата, по земљама примаоцима (милиони америчких долара константа 2020.)",Амерички долар,6.6857
2013,"Укупна службена развојна помоћ медицинским истраживањима и основним здравственим секторима, нето исплата, по земљама примаоцима (милиони америчких долара константа 2020.)",Амерички долар,5.31045
2014,"Укупна службена развојна помоћ медицинским истраживањима и основним здравственим секторима, нето исплата, по земљама примаоцима (милиони америчких долара константа 2020.)",Амерички долар,10.4097
2015,"Укупна службена развојна помоћ медицинским истраживањима и основним здравственим секторима, нето исплата, по земљама примаоцима (милиони америчких долара константа 2020.)",Амерички долар,4.37475
2016,"Укупна службена развојна помоћ медицинским истраживањима и основним здравственим секторима, нето исплата, по земљама примаоцима (милиони америчких долара константа 2020.)",Амерички долар,36.3256
2017,"Укупна службена развојна помоћ медицинским истраживањима и основним здравственим секторима, нето исплата, по земљама примаоцима (милиони америчких долара константа 2020.)",Амерички долар,33.9038
2018,"Укупна службена развојна помоћ медицинским истраживањима и основним здравственим секторима, нето исплата, по земљама примаоцима (милиони америчких долара константа 2020.)",Амерички долар,9.99989
2019,"Укупна службена развојна помоћ медицинским истраживањима и основним здравственим секторима, нето исплата, по земљама примаоцима (милиони америчких долара константа 2020.)",Амерички долар,5.45266
2020,"Укупна службена развојна помоћ медицинским истраживањима и основним здравственим секторима, нето исплата, по земљама примаоцима (милиони америчких долара константа 2020.)",Амерички долар,10.1759
