Year,SERIES,UNIT_MEASURE,Value
2000,SH_ACS_DTP3,Проценат,85
2001,SH_ACS_DTP3,Проценат,91
2002,SH_ACS_DTP3,Проценат,80
2003,SH_ACS_DTP3,Проценат,87
2004,SH_ACS_DTP3,Проценат,84
2005,SH_ACS_DTP3,Проценат,93
2006,SH_ACS_DTP3,Проценат,87
2007,SH_ACS_DTP3,Проценат,95
2008,SH_ACS_DTP3,Проценат,91
2009,SH_ACS_DTP3,Проценат,90
2010,SH_ACS_DTP3,Проценат,89
2011,SH_ACS_DTP3,Проценат,88
2012,SH_ACS_DTP3,Проценат,92
2013,SH_ACS_DTP3,Проценат,89
2014,SH_ACS_DTP3,Проценат,86
2015,SH_ACS_DTP3,Проценат,82
2016,SH_ACS_DTP3,Проценат,78
2017,SH_ACS_DTP3,Проценат,75
2018,SH_ACS_DTP3,Проценат,73
2019,SH_ACS_DTP3,Проценат,73
2000,SH_ACS_MCV2,Проценат,74
2001,SH_ACS_MCV2,Проценат,86
2002,SH_ACS_MCV2,Проценат,90
2003,SH_ACS_MCV2,Проценат,85
2004,SH_ACS_MCV2,Проценат,88
2005,SH_ACS_MCV2,Проценат,90
2006,SH_ACS_MCV2,Проценат,93
2007,SH_ACS_MCV2,Проценат,95
2008,SH_ACS_MCV2,Проценат,92
2009,SH_ACS_MCV2,Проценат,88
2010,SH_ACS_MCV2,Проценат,91
2011,SH_ACS_MCV2,Проценат,88
2012,SH_ACS_MCV2,Проценат,94
2013,SH_ACS_MCV2,Проценат,93
2014,SH_ACS_MCV2,Проценат,92
2015,SH_ACS_MCV2,Проценат,88
2016,SH_ACS_MCV2,Проценат,78
2017,SH_ACS_MCV2,Проценат,80
2018,SH_ACS_MCV2,Проценат,76
2019,SH_ACS_MCV2,Проценат,76
