Year,SERIES,UNIT_MEASURE,Value
2016,Удио инфекције крвотока због Escherichia coli резистентне на цефалоспорин 3. генерације (нпр. ESBL-Е) међу пацијентима који траже помоћ и којима се узет узорак крви  и тестиран,Проценат,22.73
2017,Удио инфекције крвотока због Escherichia coli резистентне на цефалоспорин 3. генерације (нпр. ESBL-Е) међу пацијентима који траже помоћ и којима се узет узорак крви  и тестиран,Проценат,24.87
2018,Удио инфекције крвотока због Escherichia coli резистентне на цефалоспорин 3. генерације (нпр. ESBL-Е) међу пацијентима који траже помоћ и којима се узет узорак крви  и тестиран,Проценат,20.16
2019,Удио инфекције крвотока због Escherichia coli резистентне на цефалоспорин 3. генерације (нпр. ESBL-Е) међу пацијентима који траже помоћ и којима се узет узорак крви  и тестиран,Проценат,20.34
2016,Удио инфекције крвотока због Staphylococcus aureusa резистентног на метицилин (MRSA) међу пацијентима који траже помоћ и којима се узет узорак крви и тестиран,Проценат,17.97
2017,Удио инфекције крвотока због Staphylococcus aureusa резистентног на метицилин (MRSA) међу пацијентима који траже помоћ и којима се узет узорак крви и тестиран,Проценат,25.81
2018,Удио инфекције крвотока због Staphylococcus aureusa резистентног на метицилин (MRSA) међу пацијентима који траже помоћ и којима се узет узорак крви и тестиран,Проценат,16.3
2019,Удио инфекције крвотока због Staphylococcus aureusa резистентног на метицилин (MRSA) међу пацијентима који траже помоћ и којима се узет узорак крви и тестиран,Проценат,10.55
