Year,SERIES,UNIT_MEASURE,Value
2018,Удио инфекције крвотока због Escherichia coli резистентне на цефалоспорин 3. генерације (нпр. ESBL-Е) међу пацијентима који траже помоћ и којима се узет узорак крви  и тестиран,Проценат,20.16
2019,Удио инфекције крвотока због Escherichia coli резистентне на цефалоспорин 3. генерације (нпр. ESBL-Е) међу пацијентима који траже помоћ и којима се узет узорак крви  и тестиран,Проценат,20.34
2020,Удио инфекције крвотока због Escherichia coli резистентне на цефалоспорин 3. генерације (нпр. ESBL-Е) међу пацијентима који траже помоћ и којима се узет узорак крви  и тестиран,Проценат,23.46
2018,Удио инфекције крвотока због Staphylococcus aureusa резистентног на метицилин (MRSA) међу пацијентима који траже помоћ и којима се узет узорак крви и тестиран,Проценат,16.3
2019,Удио инфекције крвотока због Staphylococcus aureusa резистентног на метицилин (MRSA) међу пацијентима који траже помоћ и којима се узет узорак крви и тестиран,Проценат,10.55
2020,Удио инфекције крвотока због Staphylococcus aureusa резистентног на метицилин (MRSA) међу пацијентима који траже помоћ и којима се узет узорак крви и тестиран,Проценат,23.21
