Year,SERIES,UNIT_MEASURE,Ниво образовања,Пол,COMPOSITE_BREAKDOWN,Value
2018,SE_TOT_PRFL,Проценат,Ниже средње образовање,Оба пола или без подјеле по полу,Математика,42.4365892249964
2018,SE_TOT_PRFL,Проценат,Ниже средње образовање,Оба пола или без подјеле по полу,Читање,46.324932261413
2018,SE_TOT_PRFL,Проценат,Ниже средње образовање,Жене,Математика,42.5678637665707
2018,SE_TOT_PRFL,Проценат,Ниже средње образовање,Жене,Читање,54.7666227762361
2018,SE_TOT_PRFL,Проценат,Ниже средње образовање,Мушкарци,Математика,42.311625596573
2018,SE_TOT_PRFL,Проценат,Ниже средње образовање,Мушкарци,Читање,38.2890689164767
