Year,SERIES,UNIT_MEASURE,Ниво образовања,Пол,COMPOSITE_BREAKDOWN,Value
2007,Удио дјеце и младих  која постижу најмање минималан ниво достигнућа у читању и  математици,Проценат,Ниже средње образовање,Оба пола или без подјеле по полу,Математика,42.14675
2018,Удио дјеце и младих  која постижу најмање минималан ниво достигнућа у читању и  математици,Проценат,Ниже средње образовање,Оба пола или без подјеле по полу,Читање,46.32493
2019,Удио дјеце и младих  која постижу најмање минималан ниво достигнућа у читању и  математици,Проценат,Основно образовање,T,Математика,40.0
2007,Удио дјеце и младих  која постижу најмање минималан ниво достигнућа у читању и  математици,Проценат,Ниже средње образовање,Жене,Математика,42.6821
2018,Удио дјеце и младих  која постижу најмање минималан ниво достигнућа у читању и  математици,Проценат,Ниже средње образовање,Жене,Читање,54.76662
2007,Удио дјеце и младих  која постижу најмање минималан ниво достигнућа у читању и  математици,Проценат,Ниже средње образовање,Мушкарци,Математика,41.70517
2018,Удио дјеце и младих  која постижу најмање минималан ниво достигнућа у читању и  математици,Проценат,Ниже средње образовање,Мушкарци,Читање,38.28907
