Year,SERIES,UNIT_MEASURE,Ниво образовања,Пол,COMPOSITE_BREAKDOWN,Value
2018,Удио дјеце и младих  која постижу најмање минималан ниво достигнућа у читању и  математици,PT,Ниже средње образовање,Оба пола или без подјеле по полу,Математика,42.44
2018,Удио дјеце и младих  која постижу најмање минималан ниво достигнућа у читању и  математици,PT,Ниже средње образовање,Оба пола или без подјеле по полу,Читање,46.32
2018,Удио дјеце и младих  која постижу најмање минималан ниво достигнућа у читању и  математици,PT,Ниже средње образовање,Мушкарци,Читање,38.29
2018,Удио дјеце и младих  која постижу најмање минималан ниво достигнућа у читању и  математици,PT,Ниже средње образовање,Жене,Читање,54.77
2019,Удио дјеце и младих  која постижу најмање минималан ниво достигнућа у читању и  математици,PT,Основно образовање,Жене,Математика,36.47
2019,Удио дјеце и младих  која постижу најмање минималан ниво достигнућа у читању и  математици,PT,Основно образовање,Мушкарци,Математика,42.57
2019,Удио дјеце и младих  која постижу најмање минималан ниво достигнућа у читању и  математици,PT,Основно образовање,Оба пола или без подјеле по полу,Математика,39.55
