Year,SERIES,UNIT_MEASURE,Ниво образовања,Пол,COMPOSITE_BREAKDOWN,Value
2007,Удио дјеце и младих  која постижу најмање минималан ниво достигнућа у читању и  математици,Проценат,Ниже средње образовање,Оба пола или без подјеле по полу,Математика,42.15
2018,Удио дјеце и младих  која постижу најмање минималан ниво достигнућа у читању и  математици,Проценат,Ниже средње образовање,Оба пола или без подјеле по полу,Читање,46.32
2019,Удио дјеце и младих  која постижу најмање минималан ниво достигнућа у читању и  математици,Проценат,Основно образовање,T,Математика,39.55
2007,Удио дјеце и младих  која постижу најмање минималан ниво достигнућа у читању и  математици,Проценат,Ниже средње образовање,Жене,Математика,42.68
2018,Удио дјеце и младих  која постижу најмање минималан ниво достигнућа у читању и  математици,Проценат,Ниже средње образовање,Жене,Читање,54.77
2019,Удио дјеце и младих  која постижу најмање минималан ниво достигнућа у читању и  математици,Проценат,Основно образовање,Жене,Математика,36.47
2007,Удио дјеце и младих  која постижу најмање минималан ниво достигнућа у читању и  математици,Проценат,Ниже средње образовање,Мушкарци,Математика,41.70517
2018,Удио дјеце и младих  која постижу најмање минималан ниво достигнућа у читању и  математици,Проценат,Ниже средње образовање,Мушкарци,Читање,38.29
2019,Удио дјеце и младих  која постижу најмање минималан ниво достигнућа у читању и  математици,Проценат,Основно образовање,Мушкарци,Математика,42.57
