Year,SERIES,UNIT_MEASURE,Пол,COMPOSITE_BREAKDOWN,Value
2017,Удио младих и одраслих са вјештинама у информационим и комуникационим технологијама (ИКТ),Проценат,Оба пола или без подјеле по полу,SKILL_ICTSSHT,9.16614
2019,Удио младих и одраслих са вјештинама у информационим и комуникационим технологијама (ИКТ),Проценат,Оба пола или без подјеле по полу,SKILL_ICTSSHT,7.52968
2017,Удио младих и одраслих са вјештинама у информационим и комуникационим технологијама (ИКТ),Проценат,Оба пола или без подјеле по полу,Копирање или премјештање датотеке или мапе,59.63432
2019,Удио младих и одраслих са вјештинама у информационим и комуникационим технологијама (ИКТ),Проценат,Оба пола или без подјеле по полу,Копирање или премјештање датотеке или мапе,44.59803
2017,Удио младих и одраслих са вјештинама у информационим и комуникационим технологијама (ИКТ),Проценат,Оба пола или без подјеле по полу,SKILL_ICTCPT,28.14609
2019,Удио младих и одраслих са вјештинама у информационим и комуникационим технологијама (ИКТ),Проценат,Оба пола или без подјеле по полу,SKILL_ICTCPT,22.46445
2019,Удио младих и одраслих са вјештинама у информационим и комуникационим технологијама (ИКТ),Проценат,Оба пола или без подјеле по полу,SKILL_ICTATCH,30.09595
2017,Удио младих и одраслих са вјештинама у информационим и комуникационим технологијама (ИКТ),Проценат,Оба пола или без подјеле по полу,SKILL_ICTPST,12.45847
2019,Удио младих и одраслих са вјештинама у информационим и комуникационим технологијама (ИКТ),Проценат,Оба пола или без подјеле по полу,SKILL_ICTPST,11.0905
2017,Удио младих и одраслих са вјештинама у информационим и комуникационим технологијама (ИКТ),Проценат,Оба пола или без подјеле по полу,SKILL_ICTPRGM,2.08691
2019,Удио младих и одраслих са вјештинама у информационим и комуникационим технологијама (ИКТ),Проценат,Оба пола или без подјеле по полу,SKILL_ICTPRGM,2.13639
2017,Удио младих и одраслих са вјештинама у информационим и комуникационим технологијама (ИКТ),Проценат,Оба пола или без подјеле по полу,SKILL_ICTSFWR,22.29269
2017,Удио младих и одраслих са вјештинама у информационим и комуникационим технологијама (ИКТ),Проценат,Оба пола или без подјеле по полу,SKILL_ICTTRFF,59.74172
2019,Удио младих и одраслих са вјештинама у информационим и комуникационим технологијама (ИКТ),Проценат,Оба пола или без подјеле по полу,SKILL_ICTTRFF,49.02722
2017,Удио младих и одраслих са вјештинама у информационим и комуникационим технологијама (ИКТ),Проценат,Жене,SKILL_ICTSSHT,9.29936
2019,Удио младих и одраслих са вјештинама у информационим и комуникационим технологијама (ИКТ),Проценат,Жене,SKILL_ICTSSHT,6.28157
2017,Удио младих и одраслих са вјештинама у информационим и комуникационим технологијама (ИКТ),Проценат,Жене,Копирање или премјештање датотеке или мапе,57.95128
2019,Удио младих и одраслих са вјештинама у информационим и комуникационим технологијама (ИКТ),Проценат,Жене,Копирање или премјештање датотеке или мапе,43.36247
2017,Удио младих и одраслих са вјештинама у информационим и комуникационим технологијама (ИКТ),Проценат,Жене,SKILL_ICTCPT,25.87817
2019,Удио младих и одраслих са вјештинама у информационим и комуникационим технологијама (ИКТ),Проценат,Жене,SKILL_ICTCPT,19.28883
2019,Удио младих и одраслих са вјештинама у информационим и комуникационим технологијама (ИКТ),Проценат,Жене,SKILL_ICTATCH,26.12795
2017,Удио младих и одраслих са вјештинама у информационим и комуникационим технологијама (ИКТ),Проценат,Жене,SKILL_ICTPST,10.67309
2019,Удио младих и одраслих са вјештинама у информационим и комуникационим технологијама (ИКТ),Проценат,Жене,SKILL_ICTPST,9.24555
2017,Удио младих и одраслих са вјештинама у информационим и комуникационим технологијама (ИКТ),Проценат,Жене,SKILL_ICTPRGM,1.0229
2019,Удио младих и одраслих са вјештинама у информационим и комуникационим технологијама (ИКТ),Проценат,Жене,SKILL_ICTPRGM,0.98752
2017,Удио младих и одраслих са вјештинама у информационим и комуникационим технологијама (ИКТ),Проценат,Жене,SKILL_ICTSFWR,19.90068
2017,Удио младих и одраслих са вјештинама у информационим и комуникационим технологијама (ИКТ),Проценат,Жене,SKILL_ICTTRFF,56.43204
2019,Удио младих и одраслих са вјештинама у информационим и комуникационим технологијама (ИКТ),Проценат,Жене,SKILL_ICTTRFF,46.93722
2017,Удио младих и одраслих са вјештинама у информационим и комуникационим технологијама (ИКТ),Проценат,Мушкарци,SKILL_ICTSSHT,9.01728
2019,Удио младих и одраслих са вјештинама у информационим и комуникационим технологијама (ИКТ),Проценат,Мушкарци,SKILL_ICTSSHT,8.9678
2017,Удио младих и одраслих са вјештинама у информационим и комуникационим технологијама (ИКТ),Проценат,Мушкарци,Копирање или премјештање датотеке или мапе,61.51488
2019,Удио младих и одраслих са вјештинама у информационим и комуникационим технологијама (ИКТ),Проценат,Мушкарци,Копирање или премјештање датотеке или мапе,46.02169
2017,Удио младих и одраслих са вјештинама у информационим и комуникационим технологијама (ИКТ),Проценат,Мушкарци,SKILL_ICTCPT,30.68018
2019,Удио младих и одраслих са вјештинама у информационим и комуникационим технологијама (ИКТ),Проценат,Мушкарци,SKILL_ICTCPT,26.12354
2019,Удио младих и одраслих са вјештинама у информационим и комуникационим технологијама (ИКТ),Проценат,Мушкарци,SKILL_ICTATCH,34.66806
2017,Удио младих и одраслих са вјештинама у информационим и комуникационим технологијама (ИКТ),Проценат,Мушкарци,SKILL_ICTPST,14.45337
2019,Удио младих и одраслих са вјештинама у информационим и комуникационим технологијама (ИКТ),Проценат,Мушкарци,SKILL_ICTPST,13.21634
2017,Удио младих и одраслих са вјештинама у информационим и комуникационим технологијама (ИКТ),Проценат,Мушкарци,SKILL_ICTPRGM,3.27579
2019,Удио младих и одраслих са вјештинама у информационим и комуникационим технологијама (ИКТ),Проценат,Мушкарци,SKILL_ICTPRGM,3.46017
2017,Удио младих и одраслих са вјештинама у информационим и комуникационим технологијама (ИКТ),Проценат,Мушкарци,SKILL_ICTSFWR,24.96542
2017,Удио младих и одраслих са вјештинама у информационим и комуникационим технологијама (ИКТ),Проценат,Мушкарци,SKILL_ICTTRFF,63.43982
2019,Удио младих и одраслих са вјештинама у информационим и комуникационим технологијама (ИКТ),Проценат,Мушкарци,SKILL_ICTTRFF,51.43541
