Year,SERIES,UNIT_MEASURE,Пол,COMPOSITE_BREAKDOWN,Године,Степен урбанизације,Value
2017,Удио младих и одраслих са вјештинама у информационим и комуникационим технологијама (ИКТ),Проценат,Оба пола или без подјеле по полу,Коришћење основне аритметичке формуле у буџетској табели,15 до 24 године,Укупно,25.325
2019,Удио младих и одраслих са вјештинама у информационим и комуникационим технологијама (ИКТ),Проценат,Оба пола или без подјеле по полу,Коришћење основне аритметичке формуле у буџетској табели,15 до 24 године,Укупно,15.6519
2017,Удио младих и одраслих са вјештинама у информационим и комуникационим технологијама (ИКТ),Проценат,Оба пола или без подјеле по полу,Копирање или премјештање датотеке или мапе,15 до 24 године,Укупно,90.0649
2019,Удио младих и одраслих са вјештинама у информационим и комуникационим технологијама (ИКТ),Проценат,Оба пола или без подјеле по полу,Копирање или премјештање датотеке или мапе,15 до 24 године,Укупно,75.5154
2017,Удио младих и одраслих са вјештинама у информационим и комуникационим технологијама (ИКТ),Проценат,Оба пола или без подјеле по полу,Коришћење алата копирања и лијепљења за дуплирање или премјештање података унутар документа,15 до 24 године,Укупно,60.021
2019,Удио младих и одраслих са вјештинама у информационим и комуникационим технологијама (ИКТ),Проценат,Оба пола или без подјеле по полу,Коришћење алата копирања и лијепљења за дуплирање или премјештање података унутар документа,15 до 24 године,Укупно,51.8674
2021,Удио младих и одраслих са вјештинама у информационим и комуникационим технологијама (ИКТ),Проценат,Оба пола или без подјеле по полу,Коришћење алата копирања и лијепљења за дуплирање или премјештање података унутар документа,15 до 24 године,Укупно,75.0781
2019,Удио младих и одраслих са вјештинама у информационим и комуникационим технологијама (ИКТ),Проценат,Оба пола или без подјеле по полу,Слање е-поште с приложеним датотекама,15 до 24 године,Укупно,74.2412
2021,Удио младих и одраслих са вјештинама у информационим и комуникационим технологијама (ИКТ),Проценат,Оба пола или без подјеле по полу,Слање е-поште с приложеним датотекама,15 до 24 године,Укупно,52.4924
2017,Удио младих и одраслих са вјештинама у информационим и комуникационим технологијама (ИКТ),Проценат,Оба пола или без подјеле по полу,Израда електронских презентација помоћу софтвера за презентације,15 до 24 године,Укупно,36.1258
2019,Удио младих и одраслих са вјештинама у информационим и комуникационим технологијама (ИКТ),Проценат,Оба пола или без подјеле по полу,Израда електронских презентација помоћу софтвера за презентације,15 до 24 године,Укупно,29.3536
2021,Удио младих и одраслих са вјештинама у информационим и комуникационим технологијама (ИКТ),Проценат,Оба пола или без подјеле по полу,Израда електронских презентација помоћу софтвера за презентације,15 до 24 године,Укупно,35.0044
2021,Удио младих и одраслих са вјештинама у информационим и комуникационим технологијама (ИКТ),Проценат,Оба пола или без подјеле по полу,Повезивање и инсталирање нових уређаја,15 до 24 године,Укупно,21.5546
2017,Удио младих и одраслих са вјештинама у информационим и комуникационим технологијама (ИКТ),Проценат,Оба пола или без подјеле по полу,Писање рачунарског програма помоћу специјализованог програмског језика,15 до 24 године,Укупно,5.0306
2019,Удио младих и одраслих са вјештинама у информационим и комуникационим технологијама (ИКТ),Проценат,Оба пола или без подјеле по полу,Писање рачунарског програма помоћу специјализованог програмског језика,15 до 24 године,Укупно,9.6521
2021,Удио младих и одраслих са вјештинама у информационим и комуникационим технологијама (ИКТ),Проценат,Оба пола или без подјеле по полу,"Промjена подешавања приватности на вашем уређају, налогу или апликацији да бисте ограничили дијељење личних података и информација (нпр. име, контакт информације, фотографије)",15 до 24 године,Укупно,20.5642
2021,Удио младих и одраслих са вјештинама у информационим и комуникационим технологијама (ИКТ),Проценат,Оба пола или без подјеле по полу,"Подешавање ефикасних безбиједносних мјера (нпр. јаке лозинке, обавјештење о покушају пријављивања) за заштиту уређаја и онлајн налога",15 до 24 године,Укупно,18.716
2017,Удио младих и одраслих са вјештинама у информационим и комуникационим технологијама (ИКТ),Проценат,Оба пола или без подјеле по полу,"Проналажење, преузимање, инсталирање и конфигурисање софтвера",15 до 24 године,Укупно,51.7198
2021,Удио младих и одраслих са вјештинама у информационим и комуникационим технологијама (ИКТ),Проценат,Оба пола или без подјеле по полу,"Проналажење, преузимање, инсталирање и конфигурисање софтвера",15 до 24 године,Укупно,54.1798
2017,Удио младих и одраслих са вјештинама у информационим и комуникационим технологијама (ИКТ),Проценат,Оба пола или без подјеле по полу,Пренос датотека између рачунара и других уређаја,15 до 24 године,Укупно,86.9837
2019,Удио младих и одраслих са вјештинама у информационим и комуникационим технологијама (ИКТ),Проценат,Оба пола или без подјеле по полу,Пренос датотека између рачунара и других уређаја,15 до 24 године,Укупно,80.7212
2021,Удио младих и одраслих са вјештинама у информационим и комуникационим технологијама (ИКТ),Проценат,Оба пола или без подјеле по полу,Пренос датотека између рачунара и других уређаја,15 до 24 године,Укупно,40.3945
2017,Удио младих и одраслих са вјештинама у информационим и комуникационим технологијама (ИКТ),Проценат,Жене,Коришћење основне аритметичке формуле у буџетској табели,15 до 24 године,Укупно,28.3095
2019,Удио младих и одраслих са вјештинама у информационим и комуникационим технологијама (ИКТ),Проценат,Жене,Коришћење основне аритметичке формуле у буџетској табели,15 до 24 године,Укупно,19.1719
2017,Удио младих и одраслих са вјештинама у информационим и комуникационим технологијама (ИКТ),Проценат,Жене,Копирање или премјештање датотеке или мапе,15 до 24 године,Укупно,90.5588
2019,Удио младих и одраслих са вјештинама у информационим и комуникационим технологијама (ИКТ),Проценат,Жене,Копирање или премјештање датотеке или мапе,15 до 24 године,Укупно,71.8847
2017,Удио младих и одраслих са вјештинама у информационим и комуникационим технологијама (ИКТ),Проценат,Жене,Коришћење алата копирања и лијепљења за дуплирање или премјештање података унутар документа,15 до 24 године,Укупно,60.9386
2019,Удио младих и одраслих са вјештинама у информационим и комуникационим технологијама (ИКТ),Проценат,Жене,Коришћење алата копирања и лијепљења за дуплирање или премјештање података унутар документа,15 до 24 године,Укупно,58.7037
2021,Удио младих и одраслих са вјештинама у информационим и комуникационим технологијама (ИКТ),Проценат,Жене,Коришћење алата копирања и лијепљења за дуплирање или премјештање података унутар документа,15 до 24 године,Укупно,74.2746
2019,Удио младих и одраслих са вјештинама у информационим и комуникационим технологијама (ИКТ),Проценат,Жене,Слање е-поште с приложеним датотекама,15 до 24 године,Укупно,78.3804
2021,Удио младих и одраслих са вјештинама у информационим и комуникационим технологијама (ИКТ),Проценат,Жене,Слање е-поште с приложеним датотекама,15 до 24 године,Укупно,54.8343
2017,Удио младих и одраслих са вјештинама у информационим и комуникационим технологијама (ИКТ),Проценат,Жене,Израда електронских презентација помоћу софтвера за презентације,15 до 24 године,Укупно,35.136
2019,Удио младих и одраслих са вјештинама у информационим и комуникационим технологијама (ИКТ),Проценат,Жене,Израда електронских презентација помоћу софтвера за презентације,15 до 24 године,Укупно,37.9807
2021,Удио младих и одраслих са вјештинама у информационим и комуникационим технологијама (ИКТ),Проценат,Жене,Израда електронских презентација помоћу софтвера за презентације,15 до 24 године,Укупно,31.4196
2021,Удио младих и одраслих са вјештинама у информационим и комуникационим технологијама (ИКТ),Проценат,Жене,Повезивање и инсталирање нових уређаја,15 до 24 године,Укупно,18.4915
2017,Удио младих и одраслих са вјештинама у информационим и комуникационим технологијама (ИКТ),Проценат,Жене,Писање рачунарског програма помоћу специјализованог програмског језика,15 до 24 године,Укупно,3.5364
2019,Удио младих и одраслих са вјештинама у информационим и комуникационим технологијама (ИКТ),Проценат,Жене,Писање рачунарског програма помоћу специјализованог програмског језика,15 до 24 године,Укупно,8.0484
2021,Удио младих и одраслих са вјештинама у информационим и комуникационим технологијама (ИКТ),Проценат,Жене,"Промjена подешавања приватности на вашем уређају, налогу или апликацији да бисте ограничили дијељење личних података и информација (нпр. име, контакт информације, фотографије)",15 до 24 године,Укупно,18.4915
2021,Удио младих и одраслих са вјештинама у информационим и комуникационим технологијама (ИКТ),Проценат,Жене,"Подешавање ефикасних безбиједносних мјера (нпр. јаке лозинке, обавјештење о покушају пријављивања) за заштиту уређаја и онлајн налога",15 до 24 године,Укупно,17.6058
2017,Удио младих и одраслих са вјештинама у информационим и комуникационим технологијама (ИКТ),Проценат,Жене,"Проналажење, преузимање, инсталирање и конфигурисање софтвера",15 до 24 године,Укупно,50.1609
2021,Удио младих и одраслих са вјештинама у информационим и комуникационим технологијама (ИКТ),Проценат,Жене,"Проналажење, преузимање, инсталирање и конфигурисање софтвера",15 до 24 године,Укупно,56.2593
2017,Удио младих и одраслих са вјештинама у информационим и комуникационим технологијама (ИКТ),Проценат,Жене,Пренос датотека између рачунара и других уређаја,15 до 24 године,Укупно,83.9854
2019,Удио младих и одраслих са вјештинама у информационим и комуникационим технологијама (ИКТ),Проценат,Жене,Пренос датотека између рачунара и других уређаја,15 до 24 године,Укупно,80.9029
2021,Удио младих и одраслих са вјештинама у информационим и комуникационим технологијама (ИКТ),Проценат,Жене,Пренос датотека између рачунара и других уређаја,15 до 24 године,Укупно,40.7279
2017,Удио младих и одраслих са вјештинама у информационим и комуникационим технологијама (ИКТ),Проценат,Мушкарци,Коришћење основне аритметичке формуле у буџетској табели,15 до 24 године,Укупно,22.8013
2019,Удио младих и одраслих са вјештинама у информационим и комуникационим технологијама (ИКТ),Проценат,Мушкарци,Коришћење основне аритметичке формуле у буџетској табели,15 до 24 године,Укупно,14.4235
2017,Удио младих и одраслих са вјештинама у информационим и комуникационим технологијама (ИКТ),Проценат,Мушкарци,Копирање или премјештање датотеке или мапе,15 до 24 године,Укупно,89.6473
2019,Удио младих и одраслих са вјештинама у информационим и комуникационим технологијама (ИКТ),Проценат,Мушкарци,Копирање или премјештање датотеке или мапе,15 до 24 године,Укупно,76.7823
2017,Удио младих и одраслих са вјештинама у информационим и комуникационим технологијама (ИКТ),Проценат,Мушкарци,Коришћење алата копирања и лијепљења за дуплирање или премјештање података унутар документа,15 до 24 године,Укупно,59.2451
2019,Удио младих и одраслих са вјештинама у информационим и комуникационим технологијама (ИКТ),Проценат,Мушкарци,Коришћење алата копирања и лијепљења за дуплирање или премјештање података унутар документа,15 до 24 године,Укупно,49.4818
2021,Удио младих и одраслих са вјештинама у информационим и комуникационим технологијама (ИКТ),Проценат,Мушкарци,Коришћење алата копирања и лијепљења за дуплирање или премјештање података унутар документа,15 до 24 године,Укупно,76.0752
2019,Удио младих и одраслих са вјештинама у информационим и комуникационим технологијама (ИКТ),Проценат,Мушкарци,Слање е-поште с приложеним датотекама,15 до 24 године,Укупно,72.7967
2021,Удио младих и одраслих са вјештинама у информационим и комуникационим технологијама (ИКТ),Проценат,Мушкарци,Слање е-поште с приложеним датотекама,15 до 24 године,Укупно,49.5864
2017,Удио младих и одраслих са вјештинама у информационим и комуникационим технологијама (ИКТ),Проценат,Мушкарци,Израда електронских презентација помоћу софтвера за презентације,15 до 24 године,Укупно,36.9629
2019,Удио младих и одраслих са вјештинама у информационим и комуникационим технологијама (ИКТ),Проценат,Мушкарци,Израда електронских презентација помоћу софтвера за презентације,15 до 24 године,Укупно,26.343
2021,Удио младих и одраслих са вјештинама у информационим и комуникационим технологијама (ИКТ),Проценат,Мушкарци,Израда електронских презентација помоћу софтвера за презентације,15 до 24 године,Укупно,39.4527
2021,Удио младих и одраслих са вјештинама у информационим и комуникационим технологијама (ИКТ),Проценат,Мушкарци,Повезивање и инсталирање нових уређаја,15 до 24 године,Укупно,25.3556
2017,Удио младих и одраслих са вјештинама у информационим и комуникационим технологијама (ИКТ),Проценат,Мушкарци,Писање рачунарског програма помоћу специјализованог програмског језика,15 до 24 године,Укупно,6.2941
2019,Удио младих и одраслих са вјештинама у информационим и комуникационим технологијама (ИКТ),Проценат,Мушкарци,Писање рачунарског програма помоћу специјализованог програмског језика,15 до 24 године,Укупно,10.2118
2021,Удио младих и одраслих са вјештинама у информационим и комуникационим технологијама (ИКТ),Проценат,Мушкарци,"Промjена подешавања приватности на вашем уређају, налогу или апликацији да бисте ограничили дијељење личних података и информација (нпр. име, контакт информације, фотографије)",15 до 24 године,Укупно,23.1361
2021,Удио младих и одраслих са вјештинама у информационим и комуникационим технологијама (ИКТ),Проценат,Мушкарци,"Подешавање ефикасних безбиједносних мјера (нпр. јаке лозинке, обавјештење о покушају пријављивања) за заштиту уређаја и онлајн налога",15 до 24 године,Укупно,20.0937
2017,Удио младих и одраслих са вјештинама у информационим и комуникационим технологијама (ИКТ),Проценат,Мушкарци,"Проналажење, преузимање, инсталирање и конфигурисање софтвера",15 до 24 године,Укупно,53.038
2021,Удио младих и одраслих са вјештинама у информационим и комуникационим технологијама (ИКТ),Проценат,Мушкарци,"Проналажење, преузимање, инсталирање и конфигурисање софтвера",15 до 24 године,Укупно,51.5995
2017,Удио младих и одраслих са вјештинама у информационим и комуникационим технологијама (ИКТ),Проценат,Мушкарци,Пренос датотека између рачунара и других уређаја,15 до 24 године,Укупно,89.519
2019,Удио младих и одраслих са вјештинама у информационим и комуникационим технологијама (ИКТ),Проценат,Мушкарци,Пренос датотека између рачунара и других уређаја,15 до 24 године,Укупно,80.6578
2021,Удио младих и одраслих са вјештинама у информационим и комуникационим технологијама (ИКТ),Проценат,Мушкарци,Пренос датотека између рачунара и других уређаја,15 до 24 године,Укупно,39.9809
2017,Удио младих и одраслих са вјештинама у информационим и комуникационим технологијама (ИКТ),Проценат,Оба пола или без подјеле по полу,Коришћење основне аритметичке формуле у буџетској табели,Y25T74,Укупно,7.092
2019,Удио младих и одраслих са вјештинама у информационим и комуникационим технологијама (ИКТ),Проценат,Оба пола или без подјеле по полу,Коришћење основне аритметичке формуле у буџетској табели,Y25T74,Укупно,6.5454
2017,Удио младих и одраслих са вјештинама у информационим и комуникационим технологијама (ИКТ),Проценат,Оба пола или без подјеле по полу,Копирање или премјештање датотеке или мапе,Y25T74,Укупно,55.7283
2019,Удио младих и одраслих са вјештинама у информационим и комуникационим технологијама (ИКТ),Проценат,Оба пола или без подјеле по полу,Копирање или премјештање датотеке или мапе,Y25T74,Укупно,40.8516
2017,Удио младих и одраслих са вјештинама у информационим и комуникационим технологијама (ИКТ),Проценат,Оба пола или без подјеле по полу,Коришћење алата копирања и лијепљења за дуплирање или премјештање података унутар документа,Y25T74,Укупно,24.0546
2019,Удио младих и одраслих са вјештинама у информационим и комуникационим технологијама (ИКТ),Проценат,Оба пола или без подјеле по полу,Коришћење алата копирања и лијепљења за дуплирање или премјештање података унутар документа,Y25T74,Укупно,18.9015
2021,Удио младих и одраслих са вјештинама у информационим и комуникационим технологијама (ИКТ),Проценат,Оба пола или без подјеле по полу,Коришћење алата копирања и лијепљења за дуплирање или премјештање података унутар документа,Y25T74,Укупно,53.6583
2019,Удио младих и одраслих са вјештинама у информационим и комуникационим технологијама (ИКТ),Проценат,Оба пола или без подјеле по полу,Слање е-поште с приложеним датотекама,Y25T74,Укупно,24.7476
2021,Удио младих и одраслих са вјештинама у информационим и комуникационим технологијама (ИКТ),Проценат,Оба пола или без подјеле по полу,Слање е-поште с приложеним датотекама,Y25T74,Укупно,30.0079
2017,Удио младих и одраслих са вјештинама у информационим и комуникационим технологијама (ИКТ),Проценат,Оба пола или без подјеле по полу,Израда електронских презентација помоћу софтвера за презентације,Y25T74,Укупно,9.4206
2019,Удио младих и одраслих са вјештинама у информационим и комуникационим технологијама (ИКТ),Проценат,Оба пола или без подјеле по полу,Израда електронских презентација помоћу софтвера за презентације,Y25T74,Укупно,8.8774
2021,Удио младих и одраслих са вјештинама у информационим и комуникационим технологијама (ИКТ),Проценат,Оба пола или без подјеле по полу,Израда електронских презентација помоћу софтвера за презентације,Y25T74,Укупно,14.7368
2021,Удио младих и одраслих са вјештинама у информационим и комуникационим технологијама (ИКТ),Проценат,Оба пола или без подјеле по полу,Повезивање и инсталирање нових уређаја,Y25T74,Укупно,11.5238
2017,Удио младих и одраслих са вјештинама у информационим и комуникационим технологијама (ИКТ),Проценат,Оба пола или без подјеле по полу,Писање рачунарског програма помоћу специјализованог програмског језика,Y25T74,Укупно,1.7091
2019,Удио младих и одраслих са вјештинама у информационим и комуникационим технологијама (ИКТ),Проценат,Оба пола или без подјеле по полу,Писање рачунарског програма помоћу специјализованог програмског језика,Y25T74,Укупно,1.2257
2021,Удио младих и одраслих са вјештинама у информационим и комуникационим технологијама (ИКТ),Проценат,Оба пола или без подјеле по полу,"Промjена подешавања приватности на вашем уређају, налогу или апликацији да бисте ограничили дијељење личних података и информација (нпр. име, контакт информације, фотографије)",Y25T74,Укупно,5.5472
2021,Удио младих и одраслих са вјештинама у информационим и комуникационим технологијама (ИКТ),Проценат,Оба пола или без подјеле по полу,"Подешавање ефикасних безбиједносних мјера (нпр. јаке лозинке, обавјештење о покушају пријављивања) за заштиту уређаја и онлајн налога",Y25T74,Укупно,6.2521
2017,Удио младих и одраслих са вјештинама у информационим и комуникационим технологијама (ИКТ),Проценат,Оба пола или без подјеле по полу,"Проналажење, преузимање, инсталирање и конфигурисање софтвера",Y25T74,Укупно,18.5155
2021,Удио младих и одраслих са вјештинама у информационим и комуникационим технологијама (ИКТ),Проценат,Оба пола или без подјеле по полу,"Проналажење, преузимање, инсталирање и конфигурисање софтвера",Y25T74,Укупно,29.273
2017,Удио младих и одраслих са вјештинама у информационим и комуникационим технологијама (ИКТ),Проценат,Оба пола или без подјеле по полу,Пренос датотека између рачунара и других уређаја,Y25T74,Укупно,56.245
2019,Удио младих и одраслих са вјештинама у информационим и комуникационим технологијама (ИКТ),Проценат,Оба пола или без подјеле по полу,Пренос датотека између рачунара и других уређаја,Y25T74,Укупно,45.1866
2021,Удио младих и одраслих са вјештинама у информационим и комуникационим технологијама (ИКТ),Проценат,Оба пола или без подјеле по полу,Пренос датотека између рачунара и других уређаја,Y25T74,Укупно,12.7656
