Year,SERIES,UNIT_MEASURE,Пол,COMPOSITE_BREAKDOWN,Године,Степен урбанизације,Value
2017,Удио младих и одраслих са вјештинама у информационим и комуникационим технологијама (ИКТ),Проценат,Оба пола или без подјеле по полу,Коришћење основне аритметичке формуле у буџетској табели,15 до 24 године,Укупно,25.325
2019,Удио младих и одраслих са вјештинама у информационим и комуникационим технологијама (ИКТ),Проценат,Оба пола или без подјеле по полу,Коришћење основне аритметичке формуле у буџетској табели,15 до 24 године,Укупно,15.6519
2017,Удио младих и одраслих са вјештинама у информационим и комуникационим технологијама (ИКТ),Проценат,Оба пола или без подјеле по полу,Копирање или премјештање датотеке или мапе,15 до 24 године,Укупно,90.0649
2019,Удио младих и одраслих са вјештинама у информационим и комуникационим технологијама (ИКТ),Проценат,Оба пола или без подјеле по полу,Копирање или премјештање датотеке или мапе,15 до 24 године,Укупно,75.5154
2017,Удио младих и одраслих са вјештинама у информационим и комуникационим технологијама (ИКТ),Проценат,Оба пола или без подјеле по полу,Коришћење алата копирања и лијепљења за дуплирање или премјештање података унутар документа,15 до 24 године,Укупно,60.021
2019,Удио младих и одраслих са вјештинама у информационим и комуникационим технологијама (ИКТ),Проценат,Оба пола или без подјеле по полу,Коришћење алата копирања и лијепљења за дуплирање или премјештање података унутар документа,15 до 24 године,Укупно,51.8674
2021,Удио младих и одраслих са вјештинама у информационим и комуникационим технологијама (ИКТ),Проценат,Оба пола или без подјеле по полу,Коришћење алата копирања и лијепљења за дуплирање или премјештање података унутар документа,15 до 24 године,Укупно,75.0781
2019,Удио младих и одраслих са вјештинама у информационим и комуникационим технологијама (ИКТ),Проценат,Оба пола или без подјеле по полу,Слање е-поште с приложеним датотекама,15 до 24 године,Укупно,74.2412
2021,Удио младих и одраслих са вјештинама у информационим и комуникационим технологијама (ИКТ),Проценат,Оба пола или без подјеле по полу,Слање е-поште с приложеним датотекама,15 до 24 године,Укупно,52.4924
2017,Удио младих и одраслих са вјештинама у информационим и комуникационим технологијама (ИКТ),Проценат,Оба пола или без подјеле по полу,Израда електронских презентација помоћу софтвера за презентације,15 до 24 године,Укупно,36.1258
2019,Удио младих и одраслих са вјештинама у информационим и комуникационим технологијама (ИКТ),Проценат,Оба пола или без подјеле по полу,Израда електронских презентација помоћу софтвера за презентације,15 до 24 године,Укупно,29.3536
2021,Удио младих и одраслих са вјештинама у информационим и комуникационим технологијама (ИКТ),Проценат,Оба пола или без подјеле по полу,Израда електронских презентација помоћу софтвера за презентације,15 до 24 године,Укупно,35.0044
2021,Удио младих и одраслих са вјештинама у информационим и комуникационим технологијама (ИКТ),Проценат,Оба пола или без подјеле по полу,Повезивање и инсталирање нових уређаја,15 до 24 године,Укупно,21.5546
2017,Удио младих и одраслих са вјештинама у информационим и комуникационим технологијама (ИКТ),Проценат,Оба пола или без подјеле по полу,Писање рачунарског програма помоћу специјализованог програмског језика,15 до 24 године,Укупно,5.0306
2019,Удио младих и одраслих са вјештинама у информационим и комуникационим технологијама (ИКТ),Проценат,Оба пола или без подјеле по полу,Писање рачунарског програма помоћу специјализованог програмског језика,15 до 24 године,Укупно,9.6521
2021,Удио младих и одраслих са вјештинама у информационим и комуникационим технологијама (ИКТ),Проценат,Оба пола или без подјеле по полу,"Промjена подешавања приватности на вашем уређају, налогу или апликацији да бисте ограничили дијељење личних података и информација (нпр. име, контакт информације, фотографије)",15 до 24 године,Укупно,20.5642
2021,Удио младих и одраслих са вјештинама у информационим и комуникационим технологијама (ИКТ),Проценат,Оба пола или без подјеле по полу,"Подешавање ефикасних безбиједносних мјера (нпр. јаке лозинке, обавјештење о покушају пријављивања) за заштиту уређаја и онлајн налога",15 до 24 године,Укупно,18.716
2017,Удио младих и одраслих са вјештинама у информационим и комуникационим технологијама (ИКТ),Проценат,Оба пола или без подјеле по полу,"Проналажење, преузимање, инсталирање и конфигурисање софтвера",15 до 24 године,Укупно,51.7198
2021,Удио младих и одраслих са вјештинама у информационим и комуникационим технологијама (ИКТ),Проценат,Оба пола или без подјеле по полу,"Проналажење, преузимање, инсталирање и конфигурисање софтвера",15 до 24 године,Укупно,54.1798
2017,Удио младих и одраслих са вјештинама у информационим и комуникационим технологијама (ИКТ),Проценат,Оба пола или без подјеле по полу,Пренос датотека између рачунара и других уређаја,15 до 24 године,Укупно,86.9837
2019,Удио младих и одраслих са вјештинама у информационим и комуникационим технологијама (ИКТ),Проценат,Оба пола или без подјеле по полу,Пренос датотека између рачунара и других уређаја,15 до 24 године,Укупно,80.7212
2021,Удио младих и одраслих са вјештинама у информационим и комуникационим технологијама (ИКТ),Проценат,Оба пола или без подјеле по полу,Пренос датотека између рачунара и других уређаја,15 до 24 године,Укупно,40.3945
2017,Удио младих и одраслих са вјештинама у информационим и комуникационим технологијама (ИКТ),Проценат,Жене,Коришћење основне аритметичке формуле у буџетској табели,15 до 24 године,Укупно,28.3095
2019,Удио младих и одраслих са вјештинама у информационим и комуникационим технологијама (ИКТ),Проценат,Жене,Коришћење основне аритметичке формуле у буџетској табели,15 до 24 године,Укупно,19.1719
2017,Удио младих и одраслих са вјештинама у информационим и комуникационим технологијама (ИКТ),Проценат,Жене,Копирање или премјештање датотеке или мапе,15 до 24 године,Укупно,90.5588
2019,Удио младих и одраслих са вјештинама у информационим и комуникационим технологијама (ИКТ),Проценат,Жене,Копирање или премјештање датотеке или мапе,15 до 24 године,Укупно,71.8847
2017,Удио младих и одраслих са вјештинама у информационим и комуникационим технологијама (ИКТ),Проценат,Жене,Коришћење алата копирања и лијепљења за дуплирање или премјештање података унутар документа,15 до 24 године,Укупно,60.9386
2019,Удио младих и одраслих са вјештинама у информационим и комуникационим технологијама (ИКТ),Проценат,Жене,Коришћење алата копирања и лијепљења за дуплирање или премјештање података унутар документа,15 до 24 године,Укупно,58.7037
2021,Удио младих и одраслих са вјештинама у информационим и комуникационим технологијама (ИКТ),Проценат,Жене,Коришћење алата копирања и лијепљења за дуплирање или премјештање података унутар документа,15 до 24 године,Укупно,74.2746
2019,Удио младих и одраслих са вјештинама у информационим и комуникационим технологијама (ИКТ),Проценат,Жене,Слање е-поште с приложеним датотекама,15 до 24 године,Укупно,78.3804
2021,Удио младих и одраслих са вјештинама у информационим и комуникационим технологијама (ИКТ),Проценат,Жене,Слање е-поште с приложеним датотекама,15 до 24 године,Укупно,54.8343
2017,Удио младих и одраслих са вјештинама у информационим и комуникационим технологијама (ИКТ),Проценат,Жене,Израда електронских презентација помоћу софтвера за презентације,15 до 24 године,Укупно,35.136
2019,Удио младих и одраслих са вјештинама у информационим и комуникационим технологијама (ИКТ),Проценат,Жене,Израда електронских презентација помоћу софтвера за презентације,15 до 24 године,Укупно,37.9807
2021,Удио младих и одраслих са вјештинама у информационим и комуникационим технологијама (ИКТ),Проценат,Жене,Израда електронских презентација помоћу софтвера за презентације,15 до 24 године,Укупно,31.4196
2021,Удио младих и одраслих са вјештинама у информационим и комуникационим технологијама (ИКТ),Проценат,Жене,Повезивање и инсталирање нових уређаја,15 до 24 године,Укупно,18.4915
2017,Удио младих и одраслих са вјештинама у информационим и комуникационим технологијама (ИКТ),Проценат,Жене,Писање рачунарског програма помоћу специјализованог програмског језика,15 до 24 године,Укупно,3.5364
2019,Удио младих и одраслих са вјештинама у информационим и комуникационим технологијама (ИКТ),Проценат,Жене,Писање рачунарског програма помоћу специјализованог програмског језика,15 до 24 године,Укупно,8.0484
2021,Удио младих и одраслих са вјештинама у информационим и комуникационим технологијама (ИКТ),Проценат,Жене,"Промjена подешавања приватности на вашем уређају, налогу или апликацији да бисте ограничили дијељење личних података и информација (нпр. име, контакт информације, фотографије)",15 до 24 године,Укупно,18.4915
2021,Удио младих и одраслих са вјештинама у информационим и комуникационим технологијама (ИКТ),Проценат,Жене,"Подешавање ефикасних безбиједносних мјера (нпр. јаке лозинке, обавјештење о покушају пријављивања) за заштиту уређаја и онлајн налога",15 до 24 године,Укупно,17.6058
2017,Удио младих и одраслих са вјештинама у информационим и комуникационим технологијама (ИКТ),Проценат,Жене,"Проналажење, преузимање, инсталирање и конфигурисање софтвера",15 до 24 године,Укупно,50.1609
2021,Удио младих и одраслих са вјештинама у информационим и комуникационим технологијама (ИКТ),Проценат,Жене,"Проналажење, преузимање, инсталирање и конфигурисање софтвера",15 до 24 године,Укупно,56.2593
2017,Удио младих и одраслих са вјештинама у информационим и комуникационим технологијама (ИКТ),Проценат,Жене,Пренос датотека између рачунара и других уређаја,15 до 24 године,Укупно,83.9854
2019,Удио младих и одраслих са вјештинама у информационим и комуникационим технологијама (ИКТ),Проценат,Жене,Пренос датотека између рачунара и других уређаја,15 до 24 године,Укупно,80.9029
2021,Удио младих и одраслих са вјештинама у информационим и комуникационим технологијама (ИКТ),Проценат,Жене,Пренос датотека између рачунара и других уређаја,15 до 24 године,Укупно,40.7279
2017,Удио младих и одраслих са вјештинама у информационим и комуникационим технологијама (ИКТ),Проценат,Мушкарци,Коришћење основне аритметичке формуле у буџетској табели,15 до 24 године,Укупно,22.8013
2019,Удио младих и одраслих са вјештинама у информационим и комуникационим технологијама (ИКТ),Проценат,Мушкарци,Коришћење основне аритметичке формуле у буџетској табели,15 до 24 године,Укупно,14.4235
2017,Удио младих и одраслих са вјештинама у информационим и комуникационим технологијама (ИКТ),Проценат,Мушкарци,Копирање или премјештање датотеке или мапе,15 до 24 године,Укупно,89.6473
2019,Удио младих и одраслих са вјештинама у информационим и комуникационим технологијама (ИКТ),Проценат,Мушкарци,Копирање или премјештање датотеке или мапе,15 до 24 године,Укупно,76.7823
2017,Удио младих и одраслих са вјештинама у информационим и комуникационим технологијама (ИКТ),Проценат,Мушкарци,Коришћење алата копирања и лијепљења за дуплирање или премјештање података унутар документа,15 до 24 године,Укупно,59.2451
2019,Удио младих и одраслих са вјештинама у информационим и комуникационим технологијама (ИКТ),Проценат,Мушкарци,Коришћење алата копирања и лијепљења за дуплирање или премјештање података унутар документа,15 до 24 године,Укупно,49.4818
2021,Удио младих и одраслих са вјештинама у информационим и комуникационим технологијама (ИКТ),Проценат,Мушкарци,Коришћење алата копирања и лијепљења за дуплирање или премјештање података унутар документа,15 до 24 године,Укупно,76.0752
2019,Удио младих и одраслих са вјештинама у информационим и комуникационим технологијама (ИКТ),Проценат,Мушкарци,Слање е-поште с приложеним датотекама,15 до 24 године,Укупно,72.7967
2021,Удио младих и одраслих са вјештинама у информационим и комуникационим технологијама (ИКТ),Проценат,Мушкарци,Слање е-поште с приложеним датотекама,15 до 24 године,Укупно,49.5864
2017,Удио младих и одраслих са вјештинама у информационим и комуникационим технологијама (ИКТ),Проценат,Мушкарци,Израда електронских презентација помоћу софтвера за презентације,15 до 24 године,Укупно,36.9629
2019,Удио младих и одраслих са вјештинама у информационим и комуникационим технологијама (ИКТ),Проценат,Мушкарци,Израда електронских презентација помоћу софтвера за презентације,15 до 24 године,Укупно,26.343
2021,Удио младих и одраслих са вјештинама у информационим и комуникационим технологијама (ИКТ),Проценат,Мушкарци,Израда електронских презентација помоћу софтвера за презентације,15 до 24 године,Укупно,39.4527
2021,Удио младих и одраслих са вјештинама у информационим и комуникационим технологијама (ИКТ),Проценат,Мушкарци,Повезивање и инсталирање нових уређаја,15 до 24 године,Укупно,25.3556
2017,Удио младих и одраслих са вјештинама у информационим и комуникационим технологијама (ИКТ),Проценат,Мушкарци,Писање рачунарског програма помоћу специјализованог програмског језика,15 до 24 године,Укупно,6.2941
2019,Удио младих и одраслих са вјештинама у информационим и комуникационим технологијама (ИКТ),Проценат,Мушкарци,Писање рачунарског програма помоћу специјализованог програмског језика,15 до 24 године,Укупно,10.2118
2021,Удио младих и одраслих са вјештинама у информационим и комуникационим технологијама (ИКТ),Проценат,Мушкарци,"Промjена подешавања приватности на вашем уређају, налогу или апликацији да бисте ограничили дијељење личних података и информација (нпр. име, контакт информације, фотографије)",15 до 24 године,Укупно,23.1361
2021,Удио младих и одраслих са вјештинама у информационим и комуникационим технологијама (ИКТ),Проценат,Мушкарци,"Подешавање ефикасних безбиједносних мјера (нпр. јаке лозинке, обавјештење о покушају пријављивања) за заштиту уређаја и онлајн налога",15 до 24 године,Укупно,20.0937
2017,Удио младих и одраслих са вјештинама у информационим и комуникационим технологијама (ИКТ),Проценат,Мушкарци,"Проналажење, преузимање, инсталирање и конфигурисање софтвера",15 до 24 године,Укупно,53.038
2021,Удио младих и одраслих са вјештинама у информационим и комуникационим технологијама (ИКТ),Проценат,Мушкарци,"Проналажење, преузимање, инсталирање и конфигурисање софтвера",15 до 24 године,Укупно,51.5995
2017,Удио младих и одраслих са вјештинама у информационим и комуникационим технологијама (ИКТ),Проценат,Мушкарци,Пренос датотека између рачунара и других уређаја,15 до 24 године,Укупно,89.519
2019,Удио младих и одраслих са вјештинама у информационим и комуникационим технологијама (ИКТ),Проценат,Мушкарци,Пренос датотека између рачунара и других уређаја,15 до 24 године,Укупно,80.6578
2021,Удио младих и одраслих са вјештинама у информационим и комуникационим технологијама (ИКТ),Проценат,Мушкарци,Пренос датотека између рачунара и других уређаја,15 до 24 године,Укупно,39.9809
2017,Удио младих и одраслих са вјештинама у информационим и комуникационим технологијама (ИКТ),Проценат,Оба пола или без подјеле по полу,Коришћење основне аритметичке формуле у буџетској табели,25 до 74 година,Укупно,7.092
2019,Удио младих и одраслих са вјештинама у информационим и комуникационим технологијама (ИКТ),Проценат,Оба пола или без подјеле по полу,Коришћење основне аритметичке формуле у буџетској табели,25 до 74 година,Укупно,6.5454
2017,Удио младих и одраслих са вјештинама у информационим и комуникационим технологијама (ИКТ),Проценат,Оба пола или без подјеле по полу,Копирање или премјештање датотеке или мапе,25 до 74 година,Укупно,55.7283
2019,Удио младих и одраслих са вјештинама у информационим и комуникационим технологијама (ИКТ),Проценат,Оба пола или без подјеле по полу,Копирање или премјештање датотеке или мапе,25 до 74 година,Укупно,40.8516
2017,Удио младих и одраслих са вјештинама у информационим и комуникационим технологијама (ИКТ),Проценат,Оба пола или без подјеле по полу,Коришћење алата копирања и лијепљења за дуплирање или премјештање података унутар документа,25 до 74 година,Укупно,24.0546
2019,Удио младих и одраслих са вјештинама у информационим и комуникационим технологијама (ИКТ),Проценат,Оба пола или без подјеле по полу,Коришћење алата копирања и лијепљења за дуплирање или премјештање података унутар документа,25 до 74 година,Укупно,18.9015
2021,Удио младих и одраслих са вјештинама у информационим и комуникационим технологијама (ИКТ),Проценат,Оба пола или без подјеле по полу,Коришћење алата копирања и лијепљења за дуплирање или премјештање података унутар документа,25 до 74 година,Укупно,53.6583
2019,Удио младих и одраслих са вјештинама у информационим и комуникационим технологијама (ИКТ),Проценат,Оба пола или без подјеле по полу,Слање е-поште с приложеним датотекама,25 до 74 година,Укупно,24.7476
2021,Удио младих и одраслих са вјештинама у информационим и комуникационим технологијама (ИКТ),Проценат,Оба пола или без подјеле по полу,Слање е-поште с приложеним датотекама,25 до 74 година,Укупно,30.0079
2017,Удио младих и одраслих са вјештинама у информационим и комуникационим технологијама (ИКТ),Проценат,Оба пола или без подјеле по полу,Израда електронских презентација помоћу софтвера за презентације,25 до 74 година,Укупно,9.4206
2019,Удио младих и одраслих са вјештинама у информационим и комуникационим технологијама (ИКТ),Проценат,Оба пола или без подјеле по полу,Израда електронских презентација помоћу софтвера за презентације,25 до 74 година,Укупно,8.8774
2021,Удио младих и одраслих са вјештинама у информационим и комуникационим технологијама (ИКТ),Проценат,Оба пола или без подјеле по полу,Израда електронских презентација помоћу софтвера за презентације,25 до 74 година,Укупно,14.7368
2021,Удио младих и одраслих са вјештинама у информационим и комуникационим технологијама (ИКТ),Проценат,Оба пола или без подјеле по полу,Повезивање и инсталирање нових уређаја,25 до 74 година,Укупно,11.5238
2017,Удио младих и одраслих са вјештинама у информационим и комуникационим технологијама (ИКТ),Проценат,Оба пола или без подјеле по полу,Писање рачунарског програма помоћу специјализованог програмског језика,25 до 74 година,Укупно,1.7091
2019,Удио младих и одраслих са вјештинама у информационим и комуникационим технологијама (ИКТ),Проценат,Оба пола или без подјеле по полу,Писање рачунарског програма помоћу специјализованог програмског језика,25 до 74 година,Укупно,1.2257
2021,Удио младих и одраслих са вјештинама у информационим и комуникационим технологијама (ИКТ),Проценат,Оба пола или без подјеле по полу,"Промjена подешавања приватности на вашем уређају, налогу или апликацији да бисте ограничили дијељење личних података и информација (нпр. име, контакт информације, фотографије)",25 до 74 година,Укупно,5.5472
2021,Удио младих и одраслих са вјештинама у информационим и комуникационим технологијама (ИКТ),Проценат,Оба пола или без подјеле по полу,"Подешавање ефикасних безбиједносних мјера (нпр. јаке лозинке, обавјештење о покушају пријављивања) за заштиту уређаја и онлајн налога",25 до 74 година,Укупно,6.2521
2017,Удио младих и одраслих са вјештинама у информационим и комуникационим технологијама (ИКТ),Проценат,Оба пола или без подјеле по полу,"Проналажење, преузимање, инсталирање и конфигурисање софтвера",25 до 74 година,Укупно,18.5155
2021,Удио младих и одраслих са вјештинама у информационим и комуникационим технологијама (ИКТ),Проценат,Оба пола или без подјеле по полу,"Проналажење, преузимање, инсталирање и конфигурисање софтвера",25 до 74 година,Укупно,29.273
2017,Удио младих и одраслих са вјештинама у информационим и комуникационим технологијама (ИКТ),Проценат,Оба пола или без подјеле по полу,Пренос датотека између рачунара и других уређаја,25 до 74 година,Укупно,56.245
2019,Удио младих и одраслих са вјештинама у информационим и комуникационим технологијама (ИКТ),Проценат,Оба пола или без подјеле по полу,Пренос датотека између рачунара и других уређаја,25 до 74 година,Укупно,45.1866
2021,Удио младих и одраслих са вјештинама у информационим и комуникационим технологијама (ИКТ),Проценат,Оба пола или без подјеле по полу,Пренос датотека између рачунара и других уређаја,25 до 74 година,Укупно,12.7656
2017,Удио младих и одраслих са вјештинама у информационим и комуникационим технологијама (ИКТ),Проценат,Жене,Коришћење основне аритметичке формуле у буџетској табели,25 до 74 година,Укупно,7.2161
2019,Удио младих и одраслих са вјештинама у информационим и комуникационим технологијама (ИКТ),Проценат,Жене,Коришћење основне аритметичке формуле у буџетској табели,25 до 74 година,Укупно,5.5713
2017,Удио младих и одраслих са вјештинама у информационим и комуникационим технологијама (ИКТ),Проценат,Жене,Копирање или премјештање датотеке или мапе,25 до 74 година,Укупно,54.3779
2019,Удио младих и одраслих са вјештинама у информационим и комуникационим технологијама (ИКТ),Проценат,Жене,Копирање или премјештање датотеке или мапе,25 до 74 година,Укупно,41.7908
2017,Удио младих и одраслих са вјештинама у информационим и комуникационим технологијама (ИКТ),Проценат,Жене,Коришћење алата копирања и лијепљења за дуплирање или премјештање података унутар документа,25 до 74 година,Укупно,22.0359
2019,Удио младих и одраслих са вјештинама у информационим и комуникационим технологијама (ИКТ),Проценат,Жене,Коришћење алата копирања и лијепљења за дуплирање или премјештање података унутар документа,25 до 74 година,Укупно,17.117
2021,Удио младих и одраслих са вјештинама у информационим и комуникационим технологијама (ИКТ),Проценат,Жене,Коришћење алата копирања и лијепљења за дуплирање или премјештање података унутар документа,25 до 74 година,Укупно,51.3753
2019,Удио младих и одраслих са вјештинама у информационим и комуникационим технологијама (ИКТ),Проценат,Жене,Слање е-поште с приложеним датотекама,25 до 74 година,Укупно,23.2487
2021,Удио младих и одраслих са вјештинама у информационим и комуникационим технологијама (ИКТ),Проценат,Жене,Слање е-поште с приложеним датотекама,25 до 74 година,Укупно,28.4276
2017,Удио младих и одраслих са вјештинама у информационим и комуникационим технологијама (ИКТ),Проценат,Жене,Израда електронских презентација помоћу софтвера за презентације,25 до 74 година,Укупно,7.9923
2019,Удио младих и одраслих са вјештинама у информационим и комуникационим технологијама (ИКТ),Проценат,Жене,Израда електронских презентација помоћу софтвера за презентације,25 до 74 година,Укупно,7.6622
2021,Удио младих и одраслих са вјештинама у информационим и комуникационим технологијама (ИКТ),Проценат,Жене,Израда електронских презентација помоћу софтвера за презентације,25 до 74 година,Укупно,13.5729
2021,Удио младих и одраслих са вјештинама у информационим и комуникационим технологијама (ИКТ),Проценат,Жене,Повезивање и инсталирање нових уређаја,25 до 74 година,Укупно,9.93
2017,Удио младих и одраслих са вјештинама у информационим и комуникационим технологијама (ИКТ),Проценат,Жене,Писање рачунарског програма помоћу специјализованог програмског језика,25 до 74 година,Укупно,0.7474
2019,Удио младих и одраслих са вјештинама у информационим и комуникационим технологијама (ИКТ),Проценат,Жене,Писање рачунарског програма помоћу специјализованог програмског језика,25 до 74 година,Укупно,0.5985
2021,Удио младих и одраслих са вјештинама у информационим и комуникационим технологијама (ИКТ),Проценат,Жене,"Промjена подешавања приватности на вашем уређају, налогу или апликацији да бисте ограничили дијељење личних података и информација (нпр. име, контакт информације, фотографије)",25 до 74 година,Укупно,4.4186
2021,Удио младих и одраслих са вјештинама у информационим и комуникационим технологијама (ИКТ),Проценат,Жене,"Подешавање ефикасних безбиједносних мјера (нпр. јаке лозинке, обавјештење о покушају пријављивања) за заштиту уређаја и онлајн налога",25 до 74 година,Укупно,5.6007
2017,Удио младих и одраслих са вјештинама у информационим и комуникационим технологијама (ИКТ),Проценат,Жене,"Проналажење, преузимање, инсталирање и конфигурисање софтвера",25 до 74 година,Укупно,16.5846
2021,Удио младих и одраслих са вјештинама у информационим и комуникационим технологијама (ИКТ),Проценат,Жене,"Проналажење, преузимање, инсталирање и конфигурисање софтвера",25 до 74 година,Укупно,26.0693
2017,Удио младих и одраслих са вјештинама у информационим и комуникационим технологијама (ИКТ),Проценат,Жене,Пренос датотека између рачунара и других уређаја,25 до 74 година,Укупно,53.4126
2019,Удио младих и одраслих са вјештинама у информационим и комуникационим технологијама (ИКТ),Проценат,Жене,Пренос датотека између рачунара и других уређаја,25 до 74 година,Укупно,45.0656
2021,Удио младих и одраслих са вјештинама у информационим и комуникационим технологијама (ИКТ),Проценат,Жене,Пренос датотека између рачунара и других уређаја,25 до 74 година,Укупно,12.3889
2017,Удио младих и одраслих са вјештинама у информационим и комуникационим технологијама (ИКТ),Проценат,Мушкарци,Коришћење основне аритметичке формуле у буџетској табели,25 до 74 година,Укупно,6.9483
2019,Удио младих и одраслих са вјештинама у информационим и комуникационим технологијама (ИКТ),Проценат,Мушкарци,Коришћење основне аритметичке формуле у буџетској табели,25 до 74 година,Укупно,7.831
2017,Удио младих и одраслих са вјештинама у информационим и комуникационим технологијама (ИКТ),Проценат,Мушкарци,Копирање или премјештање датотеке или мапе,25 до 74 година,Укупно,57.2922
2019,Удио младих и одраслих са вјештинама у информационим и комуникационим технологијама (ИКТ),Проценат,Мушкарци,Копирање или премјештање датотеке или мапе,25 до 74 година,Укупно,39.6121
2017,Удио младих и одраслих са вјештинама у информационим и комуникационим технологијама (ИКТ),Проценат,Мушкарци,Коришћење алата копирања и лијепљења за дуплирање или премјештање података унутар документа,25 до 74 година,Укупно,26.3926
2019,Удио младих и одраслих са вјештинама у информационим и комуникационим технологијама (ИКТ),Проценат,Мушкарци,Коришћење алата копирања и лијепљења за дуплирање или премјештање података унутар документа,25 до 74 година,Укупно,21.2563
2021,Удио младих и одраслих са вјештинама у информационим и комуникационим технологијама (ИКТ),Проценат,Мушкарци,Коришћење алата копирања и лијепљења за дуплирање или премјештање података унутар документа,25 до 74 година,Укупно,56.2948
2019,Удио младих и одраслих са вјештинама у информационим и комуникационим технологијама (ИКТ),Проценат,Мушкарци,Слање е-поште с приложеним датотекама,25 до 74 година,Укупно,26.7254
2021,Удио младих и одраслих са вјештинама у информационим и комуникационим технологијама (ИКТ),Проценат,Мушкарци,Слање е-поште с приложеним датотекама,25 до 74 година,Укупно,31.8328
2017,Удио младих и одраслих са вјештинама у информационим и комуникационим технологијама (ИКТ),Проценат,Мушкарци,Израда електронских презентација помоћу софтвера за презентације,25 до 74 година,Укупно,11.0747
2019,Удио младих и одраслих са вјештинама у информационим и комуникационим технологијама (ИКТ),Проценат,Мушкарци,Израда електронских презентација помоћу софтвера за презентације,25 до 74 година,Укупно,10.4811
2021,Удио младих и одраслих са вјештинама у информационим и комуникационим технологијама (ИКТ),Проценат,Мушкарци,Израда електронских презентација помоћу софтвера за презентације,25 до 74 година,Укупно,16.0809
2021,Удио младих и одраслих са вјештинама у информационим и комуникационим технологијама (ИКТ),Проценат,Мушкарци,Повезивање и инсталирање нових уређаја,25 до 74 година,Укупно,13.3645
2017,Удио младих и одраслих са вјештинама у информационим и комуникационим технологијама (ИКТ),Проценат,Мушкарци,Писање рачунарског програма помоћу специјализованог програмског језика,25 до 74 година,Укупно,2.8227
2019,Удио младих и одраслих са вјештинама у информационим и комуникационим технологијама (ИКТ),Проценат,Мушкарци,Писање рачунарског програма помоћу специјализованог програмског језика,25 до 74 година,Укупно,2.0534
2021,Удио младих и одраслих са вјештинама у информационим и комуникационим технологијама (ИКТ),Проценат,Мушкарци,"Промjена подешавања приватности на вашем уређају, налогу или апликацији да бисте ограничили дијељење личних података и информација (нпр. име, контакт информације, фотографије)",25 до 74 година,Укупно,6.8504
2021,Удио младих и одраслих са вјештинама у информационим и комуникационим технологијама (ИКТ),Проценат,Мушкарци,"Подешавање ефикасних безбиједносних мјера (нпр. јаке лозинке, обавјештење о покушају пријављивања) за заштиту уређаја и онлајн налога",25 до 74 година,Укупно,7.0043
2017,Удио младих и одраслих са вјештинама у информационим и комуникационим технологијама (ИКТ),Проценат,Мушкарци,"Проналажење, преузимање, инсталирање и конфигурисање софтвера",25 до 74 година,Укупно,20.7518
2021,Удио младих и одраслих са вјештинама у информационим и комуникационим технологијама (ИКТ),Проценат,Мушкарци,"Проналажење, преузимање, инсталирање и конфигурисање софтвера",25 до 74 година,Укупно,32.9728
2017,Удио младих и одраслих са вјештинама у информационим и комуникационим технологијама (ИКТ),Проценат,Мушкарци,Пренос датотека између рачунара и других уређаја,25 до 74 година,Укупно,59.5255
2019,Удио младих и одраслих са вјештинама у информационим и комуникационим технологијама (ИКТ),Проценат,Мушкарци,Пренос датотека између рачунара и других уређаја,25 до 74 година,Укупно,45.3462
2021,Удио младих и одраслих са вјештинама у информационим и комуникационим технологијама (ИКТ),Проценат,Мушкарци,Пренос датотека између рачунара и других уређаја,25 до 74 година,Укупно,13.2006
2017,Удио младих и одраслих са вјештинама у информационим и комуникационим технологијама (ИКТ),Проценат,Оба пола или без подјеле по полу,Коришћење основне аритметичке формуле у буџетској табели,Сви старосни распони или нема подјеле по годинама,Укупно,9.1661
2019,Удио младих и одраслих са вјештинама у информационим и комуникационим технологијама (ИКТ),Проценат,Оба пола или без подјеле по полу,Коришћење основне аритметичке формуле у буџетској табели,Сви старосни распони или нема подјеле по годинама,Укупно,7.5297
2021,Удио младих и одраслих са вјештинама у информационим и комуникационим технологијама (ИКТ),Проценат,Оба пола или без подјеле по полу,Коришћење основне аритметичке формуле у буџетској табели,Сви старосни распони или нема подјеле по годинама,Укупно,18.0404
2017,Удио младих и одраслих са вјештинама у информационим и комуникационим технологијама (ИКТ),Проценат,Оба пола или без подјеле по полу,Копирање или премјештање датотеке или мапе,Сви старосни распони или нема подјеле по годинама,Укупно,59.6343
2019,Удио младих и одраслих са вјештинама у информационим и комуникационим технологијама (ИКТ),Проценат,Оба пола или без подјеле по полу,Копирање или премјештање датотеке или мапе,Сви старосни распони или нема подјеле по годинама,Укупно,44.598
2017,Удио младих и одраслих са вјештинама у информационим и комуникационим технологијама (ИКТ),Проценат,Оба пола или без подјеле по полу,Коришћење алата копирања и лијепљења за дуплирање или премјештање података унутар документа,Сви старосни распони или нема подјеле по годинама,Укупно,28.1461
2019,Удио младих и одраслих са вјештинама у информационим и комуникационим технологијама (ИКТ),Проценат,Оба пола или без подјеле по полу,Коришћење алата копирања и лијепљења за дуплирање или премјештање података унутар документа,Сви старосни распони или нема подјеле по годинама,Укупно,22.4644
2021,Удио младих и одраслих са вјештинама у информационим и комуникационим технологијама (ИКТ),Проценат,Оба пола или без подјеле по полу,Коришћење алата копирања и лијепљења за дуплирање или премјештање података унутар документа,Сви старосни распони или нема подјеле по годинама,Укупно,55.3102
2019,Удио младих и одраслих са вјештинама у информационим и комуникационим технологијама (ИКТ),Проценат,Оба пола или без подјеле по полу,Слање е-поште с приложеним датотекама,Сви старосни распони или нема подјеле по годинама,Укупно,30.0959
2021,Удио младих и одраслих са вјештинама у информационим и комуникационим технологијама (ИКТ),Проценат,Оба пола или без подјеле по полу,Слање е-поште с приложеним датотекама,Сви старосни распони или нема подјеле по годинама,Укупно,31.7418
2017,Удио младих и одраслих са вјештинама у информационим и комуникационим технологијама (ИКТ),Проценат,Оба пола или без подјеле по полу,Израда електронских презентација помоћу софтвера за презентације,Сви старосни распони или нема подјеле по годинама,Укупно,12.4585
2019,Удио младих и одраслих са вјештинама у информационим и комуникационим технологијама (ИКТ),Проценат,Оба пола или без подјеле по полу,Израда електронских презентација помоћу софтвера за презентације,Сви старосни распони или нема подјеле по годинама,Укупно,11.0905
2021,Удио младих и одраслих са вјештинама у информационим и комуникационим технологијама (ИКТ),Проценат,Оба пола или без подјеле по полу,Израда електронских презентација помоћу софтвера за презентације,Сви старосни распони или нема подјеле по годинама,Укупно,16.2998
2021,Удио младих и одраслих са вјештинама у информационим и комуникационим технологијама (ИКТ),Проценат,Оба пола или без подјеле по полу,Повезивање и инсталирање нових уређаја,Сви старосни распони или нема подјеле по годинама,Укупно,12.2974
2017,Удио младих и одраслих са вјештинама у информационим и комуникационим технологијама (ИКТ),Проценат,Оба пола или без подјеле по полу,Писање рачунарског програма помоћу специјализованог програмског језика,Сви старосни распони или нема подјеле по годинама,Укупно,2.0869
2019,Удио младих и одраслих са вјештинама у информационим и комуникационим технологијама (ИКТ),Проценат,Оба пола или без подјеле по полу,Писање рачунарског програма помоћу специјализованог програмског језика,Сви старосни распони или нема подјеле по годинама,Укупно,2.1364
2021,Удио младих и одраслих са вјештинама у информационим и комуникационим технологијама (ИКТ),Проценат,Оба пола или без подјеле по полу,Писање рачунарског програма помоћу специјализованог програмског језика,Сви старосни распони или нема подјеле по годинама,Укупно,2.0916
2021,Удио младих и одраслих са вјештинама у информационим и комуникационим технологијама (ИКТ),Проценат,Оба пола или без подјеле по полу,"Промjена подешавања приватности на вашем уређају, налогу или апликацији да бисте ограничили дијељење личних података и информација (нпр. име, контакт информације, фотографије)",Сви старосни распони или нема подјеле по годинама,Укупно,6.7052
2021,Удио младих и одраслих са вјештинама у информационим и комуникационим технологијама (ИКТ),Проценат,Оба пола или без подјеле по полу,"Подешавање ефикасних безбиједносних мјера (нпр. јаке лозинке, обавјештење о покушају пријављивања) за заштиту уређаја и онлајн налога",Сви старосни распони или нема подјеле по годинама,Укупно,7.2133
2017,Удио младих и одраслих са вјештинама у информационим и комуникационим технологијама (ИКТ),Проценат,Оба пола или без подјеле по полу,"Проналажење, преузимање, инсталирање и конфигурисање софтвера",Сви старосни распони или нема подјеле по годинама,Укупно,22.2927
2021,Удио младих и одраслих са вјештинама у информационим и комуникационим технологијама (ИКТ),Проценат,Оба пола или без подјеле по полу,"Проналажење, преузимање, инсталирање и конфигурисање софтвера",Сви старосни распони или нема подјеле по годинама,Укупно,31.1938
2017,Удио младих и одраслих са вјештинама у информационим и комуникационим технологијама (ИКТ),Проценат,Оба пола или без подјеле по полу,Пренос датотека између рачунара и других уређаја,Сви старосни распони или нема подјеле по годинама,Укупно,59.7417
2019,Удио младих и одраслих са вјештинама у информационим и комуникационим технологијама (ИКТ),Проценат,Оба пола или без подјеле по полу,Пренос датотека између рачунара и других уређаја,Сви старосни распони или нема подјеле по годинама,Укупно,49.0272
2021,Удио младих и одраслих са вјештинама у информационим и комуникационим технологијама (ИКТ),Проценат,Оба пола или без подјеле по полу,Пренос датотека између рачунара и других уређаја,Сви старосни распони или нема подјеле по годинама,Укупно,14.8963
2017,Удио младих и одраслих са вјештинама у информационим и комуникационим технологијама (ИКТ),Проценат,Жене,Коришћење основне аритметичке формуле у буџетској табели,Сви старосни распони или нема подјеле по годинама,Укупно,9.2994
2019,Удио младих и одраслих са вјештинама у информационим и комуникационим технологијама (ИКТ),Проценат,Жене,Коришћење основне аритметичке формуле у буџетској табели,Сви старосни распони или нема подјеле по годинама,Укупно,6.2816
2017,Удио младих и одраслих са вјештинама у информационим и комуникационим технологијама (ИКТ),Проценат,Жене,Копирање или премјештање датотеке или мапе,Сви старосни распони или нема подјеле по годинама,Укупно,57.9513
2019,Удио младих и одраслих са вјештинама у информационим и комуникационим технологијама (ИКТ),Проценат,Жене,Копирање или премјештање датотеке или мапе,Сви старосни распони или нема подјеле по годинама,Укупно,43.3625
2017,Удио младих и одраслих са вјештинама у информационим и комуникационим технологијама (ИКТ),Проценат,Жене,Коришћење алата копирања и лијепљења за дуплирање или премјештање података унутар документа,Сви старосни распони или нема подјеле по годинама,Укупно,25.8782
2019,Удио младих и одраслих са вјештинама у информационим и комуникационим технологијама (ИКТ),Проценат,Жене,Коришћење алата копирања и лијепљења за дуплирање или премјештање података унутар документа,Сви старосни распони или нема подјеле по годинама,Укупно,19.2888
2021,Удио младих и одраслих са вјештинама у информационим и комуникационим технологијама (ИКТ),Проценат,Жене,Коришћење алата копирања и лијепљења за дуплирање или премјештање података унутар документа,Сви старосни распони или нема подјеле по годинама,Укупно,53.1953
2019,Удио младих и одраслих са вјештинама у информационим и комуникационим технологијама (ИКТ),Проценат,Жене,Слање е-поште с приложеним датотекама,Сви старосни распони или нема подјеле по годинама,Укупно,26.1279
2021,Удио младих и одраслих са вјештинама у информационим и комуникационим технологијама (ИКТ),Проценат,Жене,Слање е-поште с приложеним датотекама,Сви старосни распони или нема подјеле по годинама,Укупно,30.5263
2017,Удио младих и одраслих са вјештинама у информационим и комуникационим технологијама (ИКТ),Проценат,Жене,Израда електронских презентација помоћу софтвера за презентације,Сви старосни распони или нема подјеле по годинама,Укупно,10.6731
2019,Удио младих и одраслих са вјештинама у информационим и комуникационим технологијама (ИКТ),Проценат,Жене,Израда електронских презентација помоћу софтвера за презентације,Сви старосни распони или нема подјеле по годинама,Укупно,9.2455
2021,Удио младих и одраслих са вјештинама у информационим и комуникационим технологијама (ИКТ),Проценат,Жене,Израда електронских презентација помоћу софтвера за презентације,Сви старосни распони или нема подјеле по годинама,Укупно,14.9913
2021,Удио младих и одраслих са вјештинама у информационим и комуникационим технологијама (ИКТ),Проценат,Жене,Повезивање и инсталирање нових уређаја,Сви старосни распони или нема подјеле по годинама,Укупно,10.6104
2017,Удио младих и одраслих са вјештинама у информационим и комуникационим технологијама (ИКТ),Проценат,Жене,Писање рачунарског програма помоћу специјализованог програмског језика,Сви старосни распони или нема подјеле по годинама,Укупно,1.0229
2019,Удио младих и одраслих са вјештинама у информационим и комуникационим технологијама (ИКТ),Проценат,Жене,Писање рачунарског програма помоћу специјализованог програмског језика,Сви старосни распони или нема подјеле по годинама,Укупно,0.9875
2021,Удио младих и одраслих са вјештинама у информационим и комуникационим технологијама (ИКТ),Проценат,Жене,"Промjена подешавања приватности на вашем уређају, налогу или апликацији да бисте ограничили дијељење личних података и информација (нпр. име, контакт информације, фотографије)",Сви старосни распони или нема подјеле по годинама,Укупно,5.5371
2021,Удио младих и одраслих са вјештинама у информационим и комуникационим технологијама (ИКТ),Проценат,Жене,"Подешавање ефикасних безбиједносних мјера (нпр. јаке лозинке, обавјештење о покушају пријављивања) за заштиту уређаја и онлајн налога",Сви старосни распони или нема подјеле по годинама,Укупно,6.5549
2017,Удио младих и одраслих са вјештинама у информационим и комуникационим технологијама (ИКТ),Проценат,Жене,"Проналажење, преузимање, инсталирање и конфигурисање софтвера",Сви старосни распони или нема подјеле по годинама,Укупно,19.9007
2021,Удио младих и одраслих са вјештинама у информационим и комуникационим технологијама (ИКТ),Проценат,Жене,"Проналажење, преузимање, инсталирање и конфигурисање софтвера",Сви старосни распони или нема подјеле по годинама,Укупно,28.4686
2017,Удио младих и одраслих са вјештинама у информационим и комуникационим технологијама (ИКТ),Проценат,Жене,Пренос датотека између рачунара и других уређаја,Сви старосни распони или нема подјеле по годинама,Укупно,56.432
2019,Удио младих и одраслих са вјештинама у информационим и комуникационим технологијама (ИКТ),Проценат,Жене,Пренос датотека између рачунара и других уређаја,Сви старосни распони или нема подјеле по годинама,Укупно,46.9372
2021,Удио младих и одраслих са вјештинама у информационим и комуникационим технологијама (ИКТ),Проценат,Жене,Пренос датотека између рачунара и других уређаја,Сви старосни распони или нема подјеле по годинама,Укупно,14.6411
2017,Удио младих и одраслих са вјештинама у информационим и комуникационим технологијама (ИКТ),Проценат,Мушкарци,Коришћење основне аритметичке формуле у буџетској табели,Сви старосни распони или нема подјеле по годинама,Укупно,9.0173
2019,Удио младих и одраслих са вјештинама у информационим и комуникационим технологијама (ИКТ),Проценат,Мушкарци,Коришћење основне аритметичке формуле у буџетској табели,Сви старосни распони или нема подјеле по годинама,Укупно,8.9678
2017,Удио младих и одраслих са вјештинама у информационим и комуникационим технологијама (ИКТ),Проценат,Мушкарци,Копирање или премјештање датотеке или мапе,Сви старосни распони или нема подјеле по годинама,Укупно,61.5149
2019,Удио младих и одраслих са вјештинама у информационим и комуникационим технологијама (ИКТ),Проценат,Мушкарци,Копирање или премјештање датотеке или мапе,Сви старосни распони или нема подјеле по годинама,Укупно,46.0217
2017,Удио младих и одраслих са вјештинама у информационим и комуникационим технологијама (ИКТ),Проценат,Мушкарци,Коришћење алата копирања и лијепљења за дуплирање или премјештање података унутар документа,Сви старосни распони или нема подјеле по годинама,Укупно,30.6802
2019,Удио младих и одраслих са вјештинама у информационим и комуникационим технологијама (ИКТ),Проценат,Мушкарци,Коришћење алата копирања и лијепљења за дуплирање или премјештање података унутар документа,Сви старосни распони или нема подјеле по годинама,Укупно,26.1235
2021,Удио младих и одраслих са вјештинама у информационим и комуникационим технологијама (ИКТ),Проценат,Мушкарци,Коришћење алата копирања и лијепљења за дуплирање или премјештање података унутар документа,Сви старосни распони или нема подјеле по годинама,Укупно,57.766
2019,Удио младих и одраслих са вјештинама у информационим и комуникационим технологијама (ИКТ),Проценат,Мушкарци,Слање е-поште с приложеним датотекама,Сви старосни распони или нема подјеле по годинама,Укупно,34.6681
2021,Удио младих и одраслих са вјештинама у информационим и комуникационим технологијама (ИКТ),Проценат,Мушкарци,Слање е-поште с приложеним датотекама,Сви старосни распони или нема подјеле по годинама,Укупно,33.1533
2017,Удио младих и одраслих са вјештинама у информационим и комуникационим технологијама (ИКТ),Проценат,Мушкарци,Израда електронских презентација помоћу софтвера за презентације,Сви старосни распони или нема подјеле по годинама,Укупно,14.4534
2019,Удио младих и одраслих са вјештинама у информационим и комуникационим технологијама (ИКТ),Проценат,Мушкарци,Израда електронских презентација помоћу софтвера за презентације,Сви старосни распони или нема подјеле по годинама,Укупно,13.2163
2021,Удио младих и одраслих са вјештинама у информационим и комуникационим технологијама (ИКТ),Проценат,Мушкарци,Израда електронских презентација помоћу софтвера за презентације,Сви старосни распони или нема подјеле по годинама,Укупно,17.8193
2021,Удио младих и одраслих са вјештинама у информационим и комуникационим технологијама (ИКТ),Проценат,Мушкарци,Повезивање и инсталирање нових уређаја,Сви старосни распони или нема подјеле по годинама,Укупно,14.2564
2017,Удио младих и одраслих са вјештинама у информационим и комуникационим технологијама (ИКТ),Проценат,Мушкарци,Писање рачунарског програма помоћу специјализованог програмског језика,Сви старосни распони или нема подјеле по годинама,Укупно,3.2758
2019,Удио младих и одраслих са вјештинама у информационим и комуникационим технологијама (ИКТ),Проценат,Мушкарци,Писање рачунарског програма помоћу специјализованог програмског језика,Сви старосни распони или нема подјеле по годинама,Укупно,3.4602
2021,Удио младих и одраслих са вјештинама у информационим и комуникационим технологијама (ИКТ),Проценат,Мушкарци,"Промjена подешавања приватности на вашем уређају, налогу или апликацији да бисте ограничили дијељење личних података и информација (нпр. име, контакт информације, фотографије)",Сви старосни распони или нема подјеле по годинама,Укупно,8.0617
2021,Удио младих и одраслих са вјештинама у информационим и комуникационим технологијама (ИКТ),Проценат,Мушкарци,"Подешавање ефикасних безбиједносних мјера (нпр. јаке лозинке, обавјештење о покушају пријављивања) за заштиту уређаја и онлајн налога",Сви старосни распони или нема подјеле по годинама,Укупно,7.9778
2017,Удио младих и одраслих са вјештинама у информационим и комуникационим технологијама (ИКТ),Проценат,Мушкарци,"Проналажење, преузимање, инсталирање и конфигурисање софтвера",Сви старосни распони или нема подјеле по годинама,Укупно,24.9654
2021,Удио младих и одраслих са вјештинама у информационим и комуникационим технологијама (ИКТ),Проценат,Мушкарци,"Проналажење, преузимање, инсталирање и конфигурисање софтвера",Сви старосни распони или нема подјеле по годинама,Укупно,34.3584
2017,Удио младих и одраслих са вјештинама у информационим и комуникационим технологијама (ИКТ),Проценат,Мушкарци,Пренос датотека између рачунара и других уређаја,Сви старосни распони или нема подјеле по годинама,Укупно,63.4398
2019,Удио младих и одраслих са вјештинама у информационим и комуникационим технологијама (ИКТ),Проценат,Мушкарци,Пренос датотека између рачунара и других уређаја,Сви старосни распони или нема подјеле по годинама,Укупно,51.4354
2021,Удио младих и одраслих са вјештинама у информационим и комуникационим технологијама (ИКТ),Проценат,Мушкарци,Пренос датотека између рачунара и других уређаја,Сви старосни распони или нема подјеле по годинама,Укупно,15.1926
2017,Удио младих и одраслих са вјештинама у информационим и комуникационим технологијама (ИКТ),Проценат,Оба пола или без подјеле по полу,Коришћење основне аритметичке формуле у буџетској табели,Сви старосни распони или нема подјеле по годинама,Рурално,7.421
2019,Удио младих и одраслих са вјештинама у информационим и комуникационим технологијама (ИКТ),Проценат,Оба пола или без подјеле по полу,Коришћење основне аритметичке формуле у буџетској табели,Сви старосни распони или нема подјеле по годинама,Рурално,5.467
2017,Удио младих и одраслих са вјештинама у информационим и комуникационим технологијама (ИКТ),Проценат,Оба пола или без подјеле по полу,Копирање или премјештање датотеке или мапе,Сви старосни распони или нема подјеле по годинама,Рурално,55.4858
2019,Удио младих и одраслих са вјештинама у информационим и комуникационим технологијама (ИКТ),Проценат,Оба пола или без подјеле по полу,Копирање или премјештање датотеке или мапе,Сви старосни распони или нема подјеле по годинама,Рурално,41.8245
2017,Удио младих и одраслих са вјештинама у информационим и комуникационим технологијама (ИКТ),Проценат,Оба пола или без подјеле по полу,Коришћење алата копирања и лијепљења за дуплирање или премјештање података унутар документа,Сви старосни распони или нема подјеле по годинама,Рурално,23.8352
2019,Удио младих и одраслих са вјештинама у информационим и комуникационим технологијама (ИКТ),Проценат,Оба пола или без подјеле по полу,Коришћење алата копирања и лијепљења за дуплирање или премјештање података унутар документа,Сви старосни распони или нема подјеле по годинама,Рурално,19.3842
2021,Удио младих и одраслих са вјештинама у информационим и комуникационим технологијама (ИКТ),Проценат,Оба пола или без подјеле по полу,Коришћење алата копирања и лијепљења за дуплирање или премјештање података унутар документа,Сви старосни распони или нема подјеле по годинама,Рурално,52.9316
2019,Удио младих и одраслих са вјештинама у информационим и комуникационим технологијама (ИКТ),Проценат,Оба пола или без подјеле по полу,Слање е-поште с приложеним датотекама,Сви старосни распони или нема подјеле по годинама,Рурално,24.9428
2021,Удио младих и одраслих са вјештинама у информационим и комуникационим технологијама (ИКТ),Проценат,Оба пола или без подјеле по полу,Слање е-поште с приложеним датотекама,Сви старосни распони или нема подјеле по годинама,Рурално,29.1615
2017,Удио младих и одраслих са вјештинама у информационим и комуникационим технологијама (ИКТ),Проценат,Оба пола или без подјеле по полу,Израда електронских презентација помоћу софтвера за презентације,Сви старосни распони или нема подјеле по годинама,Рурално,7.6358
2019,Удио младих и одраслих са вјештинама у информационим и комуникационим технологијама (ИКТ),Проценат,Оба пола или без подјеле по полу,Израда електронских презентација помоћу софтвера за презентације,Сви старосни распони или нема подјеле по годинама,Рурално,8.4952
2021,Удио младих и одраслих са вјештинама у информационим и комуникационим технологијама (ИКТ),Проценат,Оба пола или без подјеле по полу,Израда електронских презентација помоћу софтвера за презентације,Сви старосни распони или нема подјеле по годинама,Рурално,14.4463
2021,Удио младих и одраслих са вјештинама у информационим и комуникационим технологијама (ИКТ),Проценат,Оба пола или без подјеле по полу,Повезивање и инсталирање нових уређаја,Сви старосни распони или нема подјеле по годинама,Рурално,10.5366
2017,Удио младих и одраслих са вјештинама у информационим и комуникационим технологијама (ИКТ),Проценат,Оба пола или без подјеле по полу,Писање рачунарског програма помоћу специјализованог програмског језика,Сви старосни распони или нема подјеле по годинама,Рурално,1.8052
2019,Удио младих и одраслих са вјештинама у информационим и комуникационим технологијама (ИКТ),Проценат,Оба пола или без подјеле по полу,Писање рачунарског програма помоћу специјализованог програмског језика,Сви старосни распони или нема подјеле по годинама,Рурално,1.8106
2021,Удио младих и одраслих са вјештинама у информационим и комуникационим технологијама (ИКТ),Проценат,Оба пола или без подјеле по полу,"Промjена подешавања приватности на вашем уређају, налогу или апликацији да бисте ограничили дијељење личних података и информација (нпр. име, контакт информације, фотографије)",Сви старосни распони или нема подјеле по годинама,Рурално,5.0968
2021,Удио младих и одраслих са вјештинама у информационим и комуникационим технологијама (ИКТ),Проценат,Оба пола или без подјеле по полу,"Подешавање ефикасних безбиједносних мјера (нпр. јаке лозинке, обавјештење о покушају пријављивања) за заштиту уређаја и онлајн налога",Сви старосни распони или нема подјеле по годинама,Рурално,6.1761
2017,Удио младих и одраслих са вјештинама у информационим и комуникационим технологијама (ИКТ),Проценат,Оба пола или без подјеле по полу,"Проналажење, преузимање, инсталирање и конфигурисање софтвера",Сви старосни распони или нема подјеле по годинама,Рурално,18.2172
2021,Удио младих и одраслих са вјештинама у информационим и комуникационим технологијама (ИКТ),Проценат,Оба пола или без подјеле по полу,"Проналажење, преузимање, инсталирање и конфигурисање софтвера",Сви старосни распони или нема подјеле по годинама,Рурално,29.5152
2017,Удио младих и одраслих са вјештинама у информационим и комуникационим технологијама (ИКТ),Проценат,Оба пола или без подјеле по полу,Пренос датотека између рачунара и других уређаја,Сви старосни распони или нема подјеле по годинама,Рурално,56.9408
2019,Удио младих и одраслих са вјештинама у информационим и комуникационим технологијама (ИКТ),Проценат,Оба пола или без подјеле по полу,Пренос датотека између рачунара и других уређаја,Сви старосни распони или нема подјеле по годинама,Рурално,46.0333
2021,Удио младих и одраслих са вјештинама у информационим и комуникационим технологијама (ИКТ),Проценат,Оба пола или без подјеле по полу,Пренос датотека између рачунара и других уређаја,Сви старосни распони или нема подјеле по годинама,Рурално,12.8297
