Year,SERIES,UNIT_MEASURE,Value
2014,"Укупни званични токови стипендија, према земљама примаоцима (милиони америчких долара константа 2021.)",USD,2.058
2015,"Укупни званични токови стипендија, према земљама примаоцима (милиони америчких долара константа 2021.)",USD,2.363
2016,"Укупни званични токови стипендија, према земљама примаоцима (милиони америчких долара константа 2021.)",USD,1.8933
2017,"Укупни званични токови стипендија, према земљама примаоцима (милиони америчких долара константа 2021.)",USD,3.0453
2018,"Укупни званични токови стипендија, према земљама примаоцима (милиони америчких долара константа 2021.)",USD,4.3966
2019,"Укупни званични токови стипендија, према земљама примаоцима (милиони америчких долара константа 2021.)",USD,5.6153
2020,"Укупни званични токови стипендија, према земљама примаоцима (милиони америчких долара константа 2021.)",USD,3.6873
2021,"Укупни званични токови стипендија, према земљама примаоцима (милиони америчких долара константа 2021.)",USD,3.4715
