Year,SERIES,UNIT_MEASURE,Value
2022,"Правни оквири који промовишу, спроводе и прате родну равноправност (постотак постигнућа, 0 - 100) Област 1. свеобухватни правни оквири и јавни живот",Проценат,100.0
2022,"Правни оквири који промовишу, спроводе и прате родну равноправност (постотак постигнућа, 0 - 100) Област 2. насиље над женама",Проценат,77.78
2022,"Правни оквири који промовишу, спроводе и прате родну равноправност (постотак постигнућа, 0 - 100) Област 3. запошљавање и економске користи",Проценат,70.0
2022,"Правни оквири који промовишу, спроводе и прате родну равноправност (постотак постигнућа, 0 - 100) Област 4. брак и породица",Проценат,81.82
