Year,SERIES,UNIT_MEASURE,Степен урбанизације,Value
2014,Удио становништва који користи услуге безбједног управљања питком водом,Проценат,Укупно,89
2015,Удио становништва који користи услуге безбједног управљања питком водом,Проценат,Укупно,89
2016,Удио становништва који користи услуге безбједног управљања питком водом,Проценат,Укупно,89
2017,Удио становништва који користи услуге безбједног управљања питком водом,Проценат,Укупно,89
2018,Удио становништва који користи услуге безбједног управљања питком водом,Проценат,Укупно,89
2019,Удио становништва који користи услуге безбједног управљања питком водом,Проценат,Укупно,89
2020,Удио становништва који користи услуге безбједног управљања питком водом,Проценат,Укупно,88
2021,Удио становништва који користи услуге безбједног управљања питком водом,Проценат,Укупно,88
