Year,SERIES,UNIT_MEASURE,Привредна активност,Value
2001, Ниво воденог стреса: повлачење слатке воде као удио расположивих слатководних ресурса,PT,Индустрије,0.11
2006, Ниво воденог стреса: повлачење слатке воде као удио расположивих слатководних ресурса,PT,Индустрије,0.22
2007, Ниво воденог стреса: повлачење слатке воде као удио расположивих слатководних ресурса,PT,Индустрије,0.26
2010, Ниво воденог стреса: повлачење слатке воде као удио расположивих слатководних ресурса,PT,Индустрије,0.31
2011, Ниво воденог стреса: повлачење слатке воде као удио расположивих слатководних ресурса,PT,Индустрије,0.4
2012, Ниво воденог стреса: повлачење слатке воде као удио расположивих слатководних ресурса,PT,Индустрије,0.49
2013, Ниво воденог стреса: повлачење слатке воде као удио расположивих слатководних ресурса,PT,Индустрије,0.51
2014, Ниво воденог стреса: повлачење слатке воде као удио расположивих слатководних ресурса,PT,Индустрије,0.41
2015, Ниво воденог стреса: повлачење слатке воде као удио расположивих слатководних ресурса,PT,Индустрије,0.41
2016, Ниво воденог стреса: повлачење слатке воде као удио расположивих слатководних ресурса,PT,Индустрије,0.44
2017, Ниво воденог стреса: повлачење слатке воде као удио расположивих слатководних ресурса,PT,Индустрије,0.44
2018, Ниво воденог стреса: повлачење слатке воде као удио расположивих слатководних ресурса,PT,Индустрије,0.41
2019, Ниво воденог стреса: повлачење слатке воде као удио расположивих слатководних ресурса,PT,Индустрије,0.27
2001, Ниво воденог стреса: повлачење слатке воде као удио расположивих слатководних ресурса,PT,Услуге (Г до Т),2.37
2006, Ниво воденог стреса: повлачење слатке воде као удио расположивих слатководних ресурса,PT,Услуге (Г до Т),2.31
2007, Ниво воденог стреса: повлачење слатке воде као удио расположивих слатководних ресурса,PT,Услуге (Г до Т),2.33
2010, Ниво воденог стреса: повлачење слатке воде као удио расположивих слатководних ресурса,PT,Услуге (Г до Т),2.58
2011, Ниво воденог стреса: повлачење слатке воде као удио расположивих слатководних ресурса,PT,Услуге (Г до Т),2.42
2012, Ниво воденог стреса: повлачење слатке воде као удио расположивих слатководних ресурса,PT,Услуге (Г до Т),2.42
2013, Ниво воденог стреса: повлачење слатке воде као удио расположивих слатководних ресурса,PT,Услуге (Г до Т),2.39
2014, Ниво воденог стреса: повлачење слатке воде као удио расположивих слатководних ресурса,PT,Услуге (Г до Т),2.33
2015, Ниво воденог стреса: повлачење слатке воде као удио расположивих слатководних ресурса,PT,Услуге (Г до Т),2.37
2016, Ниво воденог стреса: повлачење слатке воде као удио расположивих слатководних ресурса,PT,Услуге (Г до Т),2.34
2017, Ниво воденог стреса: повлачење слатке воде као удио расположивих слатководних ресурса,PT,Услуге (Г до Т),2.22
2018, Ниво воденог стреса: повлачење слатке воде као удио расположивих слатководних ресурса,PT,Услуге (Г до Т),1.66
2019, Ниво воденог стреса: повлачење слатке воде као удио расположивих слатководних ресурса,PT,Услуге (Г до Т),1.76
2001, Ниво воденог стреса: повлачење слатке воде као удио расположивих слатководних ресурса,PT,Пољопривреда (ISIC4 A01 A0210 A0322),0.0
2006, Ниво воденог стреса: повлачење слатке воде као удио расположивих слатководних ресурса,PT,Пољопривреда (ISIC4 A01 A0210 A0322),0.0
2007, Ниво воденог стреса: повлачење слатке воде као удио расположивих слатководних ресурса,PT,Пољопривреда (ISIC4 A01 A0210 A0322),0.0
2010, Ниво воденог стреса: повлачење слатке воде као удио расположивих слатководних ресурса,PT,Пољопривреда (ISIC4 A01 A0210 A0322),0.0
2011, Ниво воденог стреса: повлачење слатке воде као удио расположивих слатководних ресурса,PT,Пољопривреда (ISIC4 A01 A0210 A0322),0.0
2012, Ниво воденог стреса: повлачење слатке воде као удио расположивих слатководних ресурса,PT,Пољопривреда (ISIC4 A01 A0210 A0322),0.0
2013, Ниво воденог стреса: повлачење слатке воде као удио расположивих слатководних ресурса,PT,Пољопривреда (ISIC4 A01 A0210 A0322),0.0
2014, Ниво воденог стреса: повлачење слатке воде као удио расположивих слатководних ресурса,PT,Пољопривреда (ISIC4 A01 A0210 A0322),0.0
2015, Ниво воденог стреса: повлачење слатке воде као удио расположивих слатководних ресурса,PT,Пољопривреда (ISIC4 A01 A0210 A0322),0.0
2016, Ниво воденог стреса: повлачење слатке воде као удио расположивих слатководних ресурса,PT,Пољопривреда (ISIC4 A01 A0210 A0322),0.0
2017, Ниво воденог стреса: повлачење слатке воде као удио расположивих слатководних ресурса,PT,Пољопривреда (ISIC4 A01 A0210 A0322),0.0
2018, Ниво воденог стреса: повлачење слатке воде као удио расположивих слатководних ресурса,PT,Пољопривреда (ISIC4 A01 A0210 A0322),0.0
2019, Ниво воденог стреса: повлачење слатке воде као удио расположивих слатководних ресурса,PT,Пољопривреда (ISIC4 A01 A0210 A0322),0.0
2001, Ниво воденог стреса: повлачење слатке воде као удио расположивих слатководних ресурса,PT,Без пођеле,2.48074
2006, Ниво воденог стреса: повлачење слатке воде као удио расположивих слатководних ресурса,PT,Без пођеле,2.5259
2007, Ниво воденог стреса: повлачење слатке воде као удио расположивих слатководних ресурса,PT,Без пођеле,2.58699
2010, Ниво воденог стреса: повлачење слатке воде као удио расположивих слатководних ресурса,PT,Без пођеле,2.8911
2011, Ниво воденог стреса: повлачење слатке воде као удио расположивих слатководних ресурса,PT,Без пођеле,2.81275
2012, Ниво воденог стреса: повлачење слатке воде као удио расположивих слатководних ресурса,PT,Без пођеле,2.90637
2013, Ниво воденог стреса: повлачење слатке воде као удио расположивих слатководних ресурса,PT,Без пођеле,2.89376
2014, Ниво воденог стреса: повлачење слатке воде као удио расположивих слатководних ресурса,PT,Без пођеле,2.73838
2015, Ниво воденог стреса: повлачење слатке воде као удио расположивих слатководних ресурса,PT,Без пођеле,2.77888
2016, Ниво воденог стреса: повлачење слатке воде као удио расположивих слатководних ресурса,PT,Без пођеле,2.78619
2017, Ниво воденог стреса: повлачење слатке воде као удио расположивих слатководних ресурса,PT,Без пођеле,2.66202
2018, Ниво воденог стреса: повлачење слатке воде као удио расположивих слатководних ресурса,PT,Без пођеле,2.07171
2019, Ниво воденог стреса: повлачење слатке воде као удио расположивих слатководних ресурса,PT,Без пођеле,2.02855
