Year,SERIES,UNIT_MEASURE,Value
2017,Удио прекограничних водоносника с оперативним аранжманом за водну сарадњу,Проценат,73.32
2017,Удио прекограничних сливова (ријечни и језерски базени и водоносници) са оперативним аранжманом за водну сарадњу,Проценат,92.6
2020,Удио прекограничних сливова (ријечни и језерски базени и водоносници) са оперативним аранжманом за водну сарадњу,Проценат,92.6
2017,Удио прекограничних сливова ријека и језера с оперативним аранжманом за водну сарадњу,Проценат,96.14
2020,Удио прекограничних сливова ријека и језера с оперативним аранжманом за водну сарадњу,Проценат,96.14
