Year,SERIES,UNIT_MEASURE,Value
2000,"Укупна званична развојна помоћ (бруто издаци) за водоснабдијевање и канализацију, према земљама примаоцима (милиони америчких долара константа 2020.)",Амерички долар,19.83182
2001,"Укупна званична развојна помоћ (бруто издаци) за водоснабдијевање и канализацију, према земљама примаоцима (милиони америчких долара константа 2020.)",Амерички долар,37.96627
2002,"Укупна званична развојна помоћ (бруто издаци) за водоснабдијевање и канализацију, према земљама примаоцима (милиони америчких долара константа 2020.)",Амерички долар,9.17918
2003,"Укупна званична развојна помоћ (бруто издаци) за водоснабдијевање и канализацију, према земљама примаоцима (милиони америчких долара константа 2020.)",Амерички долар,13.41191
2004,"Укупна званична развојна помоћ (бруто издаци) за водоснабдијевање и канализацију, према земљама примаоцима (милиони америчких долара константа 2020.)",Амерички долар,41.14076
2005,"Укупна званична развојна помоћ (бруто издаци) за водоснабдијевање и канализацију, према земљама примаоцима (милиони америчких долара константа 2020.)",Амерички долар,20.15828
2006,"Укупна званична развојна помоћ (бруто издаци) за водоснабдијевање и канализацију, према земљама примаоцима (милиони америчких долара константа 2020.)",Амерички долар,15.50163
2007,"Укупна званична развојна помоћ (бруто издаци) за водоснабдијевање и канализацију, према земљама примаоцима (милиони америчких долара константа 2020.)",Амерички долар,16.67627
2008,"Укупна званична развојна помоћ (бруто издаци) за водоснабдијевање и канализацију, према земљама примаоцима (милиони америчких долара константа 2020.)",Амерички долар,14.43551
2009,"Укупна званична развојна помоћ (бруто издаци) за водоснабдијевање и канализацију, према земљама примаоцима (милиони америчких долара константа 2020.)",Амерички долар,17.80699
2010,"Укупна званична развојна помоћ (бруто издаци) за водоснабдијевање и канализацију, према земљама примаоцима (милиони америчких долара константа 2020.)",Амерички долар,28.62905
2011,"Укупна званична развојна помоћ (бруто издаци) за водоснабдијевање и канализацију, према земљама примаоцима (милиони америчких долара константа 2020.)",Амерички долар,43.77067
2012,"Укупна званична развојна помоћ (бруто издаци) за водоснабдијевање и канализацију, према земљама примаоцима (милиони америчких долара константа 2020.)",Амерички долар,43.32324
2013,"Укупна званична развојна помоћ (бруто издаци) за водоснабдијевање и канализацију, према земљама примаоцима (милиони америчких долара константа 2020.)",Амерички долар,37.71745
2014,"Укупна званична развојна помоћ (бруто издаци) за водоснабдијевање и канализацију, према земљама примаоцима (милиони америчких долара константа 2020.)",Амерички долар,43.73026
2015,"Укупна званична развојна помоћ (бруто издаци) за водоснабдијевање и канализацију, према земљама примаоцима (милиони америчких долара константа 2020.)",Амерички долар,69.71516
2016,"Укупна званична развојна помоћ (бруто издаци) за водоснабдијевање и канализацију, према земљама примаоцима (милиони америчких долара константа 2020.)",Амерички долар,49.71113
2017,"Укупна званична развојна помоћ (бруто издаци) за водоснабдијевање и канализацију, према земљама примаоцима (милиони америчких долара константа 2020.)",Амерички долар,49.75517
2018,"Укупна званична развојна помоћ (бруто издаци) за водоснабдијевање и канализацију, према земљама примаоцима (милиони америчких долара константа 2020.)",Амерички долар,16.69163
2019,"Укупна званична развојна помоћ (бруто издаци) за водоснабдијевање и канализацију, према земљама примаоцима (милиони америчких долара константа 2020.)",Амерички долар,27.60561
2020,"Укупна званична развојна помоћ (бруто издаци) за водоснабдијевање и канализацију, према земљама примаоцима (милиони америчких долара константа 2020.)",Амерички долар,22.22488
