Year,SERIES,UNIT_MEASURE,Врста производа,Value
2000,EN_MAT_DOMCMPC,Тоне,Без подјеле,6.20325
2001,EN_MAT_DOMCMPC,Тоне,Без подјеле,6.52651
2002,EN_MAT_DOMCMPC,Тоне,Без подјеле,6.98936
2003,EN_MAT_DOMCMPC,Тоне,Без подјеле,8.36171
2004,EN_MAT_DOMCMPC,Тоне,Без подјеле,8.58584
2005,EN_MAT_DOMCMPC,Тоне,Без подјеле,8.5121
2006,EN_MAT_DOMCMPC,Тоне,Без подјеле,9.59811
2007,EN_MAT_DOMCMPC,Тоне,Без подјеле,9.84437
2008,EN_MAT_DOMCMPC,Тоне,Без подјеле,11.03524
2009,EN_MAT_DOMCMPC,Тоне,Без подјеле,10.76953
2010,EN_MAT_DOMCMPC,Тоне,Без подјеле,10.43052
2011,EN_MAT_DOMCMPC,Тоне,Без подјеле,10.95079
2012,EN_MAT_DOMCMPC,Тоне,Без подјеле,10.80053
2013,EN_MAT_DOMCMPC,Тоне,Без подјеле,11.64394
2014,EN_MAT_DOMCMPC,Тоне,Без подјеле,11.99978
2015,EN_MAT_DOMCMPC,Тоне,Без подјеле,12.87167
2016,EN_MAT_DOMCMPC,Тоне,Без подјеле,13.46676
2017,EN_MAT_DOMCMPC,Тоне,Без подјеле,14.03086
2000,EN_MAT_DOMCMPC,Тоне,Биомаса,1.83865
2001,EN_MAT_DOMCMPC,Тоне,Биомаса,1.99191
2002,EN_MAT_DOMCMPC,Тоне,Биомаса,2.06105
2003,EN_MAT_DOMCMPC,Тоне,Биомаса,1.64703
2004,EN_MAT_DOMCMPC,Тоне,Биомаса,2.20122
2005,EN_MAT_DOMCMPC,Тоне,Биомаса,2.20271
2006,EN_MAT_DOMCMPC,Тоне,Биомаса,2.27674
2007,EN_MAT_DOMCMPC,Тоне,Биомаса,2.07786
2008,EN_MAT_DOMCMPC,Тоне,Биомаса,2.36453
2009,EN_MAT_DOMCMPC,Тоне,Биомаса,2.26643
2010,EN_MAT_DOMCMPC,Тоне,Биомаса,2.22894
2011,EN_MAT_DOMCMPC,Тоне,Биомаса,2.25276
2012,EN_MAT_DOMCMPC,Тоне,Биомаса,2.04753
2013,EN_MAT_DOMCMPC,Тоне,Биомаса,2.41833
2014,EN_MAT_DOMCMPC,Тоне,Биомаса,2.32517
2015,EN_MAT_DOMCMPC,Тоне,Биомаса,2.33974
2016,EN_MAT_DOMCMPC,Тоне,Биомаса,2.38356
2017,EN_MAT_DOMCMPC,Тоне,Биомаса,2.42138
2000,EN_MAT_DOMCMPC,Тоне,Угаљ,1.95874
2001,EN_MAT_DOMCMPC,Тоне,Угаљ,1.98739
2002,EN_MAT_DOMCMPC,Тоне,Угаљ,2.0589
2003,EN_MAT_DOMCMPC,Тоне,Угаљ,2.23034
2004,EN_MAT_DOMCMPC,Тоне,Угаљ,2.25743
2005,EN_MAT_DOMCMPC,Тоне,Угаљ,2.37444
2006,EN_MAT_DOMCMPC,Тоне,Угаљ,2.59746
2007,EN_MAT_DOMCMPC,Тоне,Угаљ,2.54557
2008,EN_MAT_DOMCMPC,Тоне,Угаљ,2.94266
2009,EN_MAT_DOMCMPC,Тоне,Угаљ,3.13034
2010,EN_MAT_DOMCMPC,Тоне,Угаљ,3.0542
2011,EN_MAT_DOMCMPC,Тоне,Угаљ,3.5599
2012,EN_MAT_DOMCMPC,Тоне,Угаљ,3.44307
2013,EN_MAT_DOMCMPC,Тоне,Угаљ,3.41609
2014,EN_MAT_DOMCMPC,Тоне,Угаљ,3.45008
2015,EN_MAT_DOMCMPC,Тоне,Угаљ,3.87561
2016,EN_MAT_DOMCMPC,Тоне,Угаљ,4.01914
2017,EN_MAT_DOMCMPC,Тоне,Угаљ,4.15315
2000,EN_MAT_DOMCMPC,Тоне,Остаци усјева,0.33847
2001,EN_MAT_DOMCMPC,Тоне,Остаци усјева,0.43254
2002,EN_MAT_DOMCMPC,Тоне,Остаци усјева,0.49519
2003,EN_MAT_DOMCMPC,Тоне,Остаци усјева,0.30454
2004,EN_MAT_DOMCMPC,Тоне,Остаци усјева,0.54362
2005,EN_MAT_DOMCMPC,Тоне,Остаци усјева,0.52028
2006,EN_MAT_DOMCMPC,Тоне,Остаци усјева,0.51514
2007,EN_MAT_DOMCMPC,Тоне,Остаци усјева,0.38189
2008,EN_MAT_DOMCMPC,Тоне,Остаци усјева,0.52663
2009,EN_MAT_DOMCMPC,Тоне,Остаци усјева,0.52943
2010,EN_MAT_DOMCMPC,Тоне,Остаци усјева,0.43445
2011,EN_MAT_DOMCMPC,Тоне,Остаци усјева,0.43745
2012,EN_MAT_DOMCMPC,Тоне,Остаци усјева,0.34984
2013,EN_MAT_DOMCMPC,Тоне,Остаци усјева,0.48102
2014,EN_MAT_DOMCMPC,Тоне,Остаци усјева,0.43713
2015,EN_MAT_DOMCMPC,Тоне,Остаци усјева,0.44109
2016,EN_MAT_DOMCMPC,Тоне,Остаци усјева,0.44373
2017,EN_MAT_DOMCMPC,Тоне,Остаци усјева,0.44522
2000,EN_MAT_DOMCMPC,Тоне,Усјеви,0.78252
2001,EN_MAT_DOMCMPC,Тоне,Усјеви,0.96035
2002,EN_MAT_DOMCMPC,Тоне,Усјеви,0.91005
2003,EN_MAT_DOMCMPC,Тоне,Усјеви,0.70382
2004,EN_MAT_DOMCMPC,Тоне,Усјеви,1.16575
2005,EN_MAT_DOMCMPC,Тоне,Усјеви,1.13724
2006,EN_MAT_DOMCMPC,Тоне,Усјеви,1.0991
2007,EN_MAT_DOMCMPC,Тоне,Усјеви,0.99999
2008,EN_MAT_DOMCMPC,Тоне,Усјеви,1.12432
2009,EN_MAT_DOMCMPC,Тоне,Усјеви,1.10228
2010,EN_MAT_DOMCMPC,Тоне,Усјеви,1.02572
2011,EN_MAT_DOMCMPC,Тоне,Усјеви,1.03314
2012,EN_MAT_DOMCMPC,Тоне,Усјеви,0.91977
2013,EN_MAT_DOMCMPC,Тоне,Усјеви,1.11168
2014,EN_MAT_DOMCMPC,Тоне,Усјеви,1.07929
2015,EN_MAT_DOMCMPC,Тоне,Усјеви,1.10318
2016,EN_MAT_DOMCMPC,Тоне,Усјеви,1.12427
2017,EN_MAT_DOMCMPC,Тоне,Усјеви,1.14253
2000,EN_MAT_DOMCMPC,Тоне,Руде жељеза,0.09637
2001,EN_MAT_DOMCMPC,Тоне,Руде жељеза,0.07
2002,EN_MAT_DOMCMPC,Тоне,Руде жељеза,0.05615
2003,EN_MAT_DOMCMPC,Тоне,Руде жељеза,0.07191
2004,EN_MAT_DOMCMPC,Тоне,Руде жељеза,0.09727
2005,EN_MAT_DOMCMPC,Тоне,Руде жељеза,0.51046
2006,EN_MAT_DOMCMPC,Тоне,Руде жељеза,0.54694
2007,EN_MAT_DOMCMPC,Тоне,Руде жељеза,0.5303
2008,EN_MAT_DOMCMPC,Тоне,Руде жељеза,0.64051
2009,EN_MAT_DOMCMPC,Тоне,Руде жељеза,0.62278
2010,EN_MAT_DOMCMPC,Тоне,Руде жељеза,0.22601
2011,EN_MAT_DOMCMPC,Тоне,Руде жељеза,0.28901
2012,EN_MAT_DOMCMPC,Тоне,Руде жељеза,0.26201
2013,EN_MAT_DOMCMPC,Тоне,Руде жељеза,0.36324
2014,EN_MAT_DOMCMPC,Тоне,Руде жељеза,0.3897
2015,EN_MAT_DOMCMPC,Тоне,Руде жељеза,0.42133
2016,EN_MAT_DOMCMPC,Тоне,Руде жељеза,0.45209
2017,EN_MAT_DOMCMPC,Тоне,Руде жељеза,0.4819
2000,EN_MAT_DOMCMPC,Тоне,Фосилна горива,2.3088
2001,EN_MAT_DOMCMPC,Тоне,Фосилна горива,2.31477
2002,EN_MAT_DOMCMPC,Тоне,Фосилна горива,2.37475
2003,EN_MAT_DOMCMPC,Тоне,Фосилна горива,2.53438
2004,EN_MAT_DOMCMPC,Тоне,Фосилна горива,2.62888
2005,EN_MAT_DOMCMPC,Тоне,Фосилна горива,2.73894
2006,EN_MAT_DOMCMPC,Тоне,Фосилна горива,2.98715
2007,EN_MAT_DOMCMPC,Тоне,Фосилна горива,2.96034
2008,EN_MAT_DOMCMPC,Тоне,Фосилна горива,3.40927
2009,EN_MAT_DOMCMPC,Тоне,Фосилна горива,3.61068
2010,EN_MAT_DOMCMPC,Тоне,Фосилна горива,3.54872
2011,EN_MAT_DOMCMPC,Тоне,Фосилна горива,4.07718
2012,EN_MAT_DOMCMPC,Тоне,Фосилна горива,3.9123
2013,EN_MAT_DOMCMPC,Тоне,Фосилна горива,3.86773
2014,EN_MAT_DOMCMPC,Тоне,Фосилна горива,3.87477
2015,EN_MAT_DOMCMPC,Тоне,Фосилна горива,4.3249
2016,EN_MAT_DOMCMPC,Тоне,Фосилна горива,4.48257
2017,EN_MAT_DOMCMPC,Тоне,Фосилна горива,4.62956
2000,EN_MAT_DOMCMPC,Тоне,Природни гас,0.04529
2001,EN_MAT_DOMCMPC,Тоне,Природни гас,0.0296
2002,EN_MAT_DOMCMPC,Тоне,Природни гас,0.02797
2003,EN_MAT_DOMCMPC,Тоне,Природни гас,0.03653
2004,EN_MAT_DOMCMPC,Тоне,Природни гас,0.05754
2005,EN_MAT_DOMCMPC,Тоне,Природни гас,0.06833
2006,EN_MAT_DOMCMPC,Тоне,Природни гас,0.07193
2007,EN_MAT_DOMCMPC,Тоне,Природни гас,0.07613
2008,EN_MAT_DOMCMPC,Тоне,Природни гас,0.07576
2009,EN_MAT_DOMCMPC,Тоне,Природни гас,0.04341
2010,EN_MAT_DOMCMPC,Тоне,Природни гас,0.04584
2011,EN_MAT_DOMCMPC,Тоне,Природни гас,0.05264
2012,EN_MAT_DOMCMPC,Тоне,Природни гас,0.04902
2013,EN_MAT_DOMCMPC,Тоне,Природни гас,0.03861
2014,EN_MAT_DOMCMPC,Тоне,Природни гас,0.0363
2015,EN_MAT_DOMCMPC,Тоне,Природни гас,0.04586
2016,EN_MAT_DOMCMPC,Тоне,Природни гас,0.04594
2017,EN_MAT_DOMCMPC,Тоне,Природни гас,0.04589
2000,EN_MAT_DOMCMPC,Тоне,Сточна храна и крмно биље,0.05734
2001,EN_MAT_DOMCMPC,Тоне,Сточна храна и крмно биље,0.01722
2002,EN_MAT_DOMCMPC,Тоне,Сточна храна и крмно биље,0.00274
2003,EN_MAT_DOMCMPC,Тоне,Сточна храна и крмно биље,0.00314
2004,EN_MAT_DOMCMPC,Тоне,Сточна храна и крмно биље,0.00411
2005,EN_MAT_DOMCMPC,Тоне,Сточна храна и крмно биље,0.03204
2006,EN_MAT_DOMCMPC,Тоне,Сточна храна и крмно биље,0.09853
2007,EN_MAT_DOMCMPC,Тоне,Сточна храна и крмно биље,0.20202
2008,EN_MAT_DOMCMPC,Тоне,Сточна храна и крмно биље,0.16985
2009,EN_MAT_DOMCMPC,Тоне,Сточна храна и крмно биље,0.17391
2010,EN_MAT_DOMCMPC,Тоне,Сточна храна и крмно биље,0.24879
2011,EN_MAT_DOMCMPC,Тоне,Сточна храна и крмно биље,0.23406
2012,EN_MAT_DOMCMPC,Тоне,Сточна храна и крмно биље,0.20314
2013,EN_MAT_DOMCMPC,Тоне,Сточна храна и крмно биље,0.20697
2014,EN_MAT_DOMCMPC,Тоне,Сточна храна и крмно биље,0.20814
2015,EN_MAT_DOMCMPC,Тоне,Сточна храна и крмно биље,0.229
2016,EN_MAT_DOMCMPC,Тоне,Сточна храна и крмно биље,0.24944
2017,EN_MAT_DOMCMPC,Тоне,Сточна храна и крмно биље,0.26938
2000,EN_MAT_DOMCMPC,Тоне,Металне руде,0.16399
2001,EN_MAT_DOMCMPC,Тоне,Металне руде,0.09387
2002,EN_MAT_DOMCMPC,Тоне,Металне руде,0.07503
2003,EN_MAT_DOMCMPC,Тоне,Металне руде,0.23986
2004,EN_MAT_DOMCMPC,Тоне,Металне руде,0.27573
2005,EN_MAT_DOMCMPC,Тоне,Металне руде,0.76364
2006,EN_MAT_DOMCMPC,Тоне,Металне руде,0.73469
2007,EN_MAT_DOMCMPC,Тоне,Металне руде,0.6991
2008,EN_MAT_DOMCMPC,Тоне,Металне руде,0.87801
2009,EN_MAT_DOMCMPC,Тоне,Металне руде,0.74851
2010,EN_MAT_DOMCMPC,Тоне,Металне руде,0.46251
2011,EN_MAT_DOMCMPC,Тоне,Металне руде,0.52544
2012,EN_MAT_DOMCMPC,Тоне,Металне руде,0.50998
2013,EN_MAT_DOMCMPC,Тоне,Металне руде,0.60932
2014,EN_MAT_DOMCMPC,Тоне,Металне руде,0.60614
2015,EN_MAT_DOMCMPC,Тоне,Металне руде,0.651
2016,EN_MAT_DOMCMPC,Тоне,Металне руде,0.69447
2017,EN_MAT_DOMCMPC,Тоне,Металне руде,0.73645
2000,EN_MAT_DOMCMPC,Тоне,Руде обојених метала,0.06762
2001,EN_MAT_DOMCMPC,Тоне,Руде обојених метала,0.02386
2002,EN_MAT_DOMCMPC,Тоне,Руде обојених метала,0.01888
2003,EN_MAT_DOMCMPC,Тоне,Руде обојених метала,0.16795
2004,EN_MAT_DOMCMPC,Тоне,Руде обојених метала,0.17846
2005,EN_MAT_DOMCMPC,Тоне,Руде обојених метала,0.25318
2006,EN_MAT_DOMCMPC,Тоне,Руде обојених метала,0.18775
2007,EN_MAT_DOMCMPC,Тоне,Руде обојених метала,0.1688
2008,EN_MAT_DOMCMPC,Тоне,Руде обојених метала,0.23749
2009,EN_MAT_DOMCMPC,Тоне,Руде обојених метала,0.12573
2010,EN_MAT_DOMCMPC,Тоне,Руде обојених метала,0.2365
2011,EN_MAT_DOMCMPC,Тоне,Руде обојених метала,0.23643
2012,EN_MAT_DOMCMPC,Тоне,Руде обојених метала,0.24797
2013,EN_MAT_DOMCMPC,Тоне,Руде обојених метала,0.24609
2014,EN_MAT_DOMCMPC,Тоне,Руде обојених метала,0.21644
2015,EN_MAT_DOMCMPC,Тоне,Руде обојених метала,0.22967
2016,EN_MAT_DOMCMPC,Тоне,Руде обојених метала,0.24238
2017,EN_MAT_DOMCMPC,Тоне,Руде обојених метала,0.25455
2000,EN_MAT_DOMCMPC,Тоне,Неметални минерали - доминантни у индустрији или пољопривреди,0.18913
2001,EN_MAT_DOMCMPC,Тоне,Неметални минерали - доминантни у индустрији или пољопривреди,0.25289
2002,EN_MAT_DOMCMPC,Тоне,Неметални минерали - доминантни у индустрији или пољопривреди,0.22997
2003,EN_MAT_DOMCMPC,Тоне,Неметални минерали - доминантни у индустрији или пољопривреди,0.12543
2004,EN_MAT_DOMCMPC,Тоне,Неметални минерали - доминантни у индустрији или пољопривреди,0.17804
2005,EN_MAT_DOMCMPC,Тоне,Неметални минерали - доминантни у индустрији или пољопривреди,0.26178
2006,EN_MAT_DOMCMPC,Тоне,Неметални минерали - доминантни у индустрији или пољопривреди,0.44654
2007,EN_MAT_DOMCMPC,Тоне,Неметални минерали - доминантни у индустрији или пољопривреди,0.60988
2008,EN_MAT_DOMCMPC,Тоне,Неметални минерали - доминантни у индустрији или пољопривреди,0.62429
2009,EN_MAT_DOMCMPC,Тоне,Неметални минерали - доминантни у индустрији или пољопривреди,0.52175
2010,EN_MAT_DOMCMPC,Тоне,Неметални минерали - доминантни у индустрији или пољопривреди,0.40622
2011,EN_MAT_DOMCMPC,Тоне,Неметални минерали - доминантни у индустрији или пољопривреди,0.50838
2012,EN_MAT_DOMCMPC,Тоне,Неметални минерали - доминантни у индустрији или пољопривреди,0.51004
2013,EN_MAT_DOMCMPC,Тоне,Неметални минерали - доминантни у индустрији или пољопривреди,0.44764
2014,EN_MAT_DOMCMPC,Тоне,Неметални минерали - доминантни у индустрији или пољопривреди,0.50547
2015,EN_MAT_DOMCMPC,Тоне,Неметални минерали - доминантни у индустрији или пољопривреди,0.53689
2016,EN_MAT_DOMCMPC,Тоне,Неметални минерали - доминантни у индустрији или пољопривреди,0.56709
2017,EN_MAT_DOMCMPC,Тоне,Неметални минерали - доминантни у индустрији или пољопривреди,0.59602
2000,EN_MAT_DOMCMPC,Тоне,Неметални минерали - доминантна градња,1.70268
2001,EN_MAT_DOMCMPC,Тоне,Неметални минерали - доминантна градња,1.87307
2002,EN_MAT_DOMCMPC,Тоне,Неметални минерали - доминантна градња,2.24856
2003,EN_MAT_DOMCMPC,Тоне,Неметални минерали - доминантна градња,3.81502
2004,EN_MAT_DOMCMPC,Тоне,Неметални минерали - доминантна градња,3.30196
2005,EN_MAT_DOMCMPC,Тоне,Неметални минерали - доминантна градња,2.54502
2006,EN_MAT_DOMCMPC,Тоне,Неметални минерали - доминантна градња,3.153
2007,EN_MAT_DOMCMPC,Тоне,Неметални минерали - доминантна градња,3.49718
2008,EN_MAT_DOMCMPC,Тоне,Неметални минерали - доминантна градња,3.75915
2009,EN_MAT_DOMCMPC,Тоне,Неметални минерали - доминантна градња,3.62215
2010,EN_MAT_DOMCMPC,Тоне,Неметални минерали - доминантна градња,3.78413
2011,EN_MAT_DOMCMPC,Тоне,Неметални минерали - доминантна градња,3.58703
2012,EN_MAT_DOMCMPC,Тоне,Неметални минерали - доминантна градња,3.82068
2013,EN_MAT_DOMCMPC,Тоне,Неметални минерали - доминантна градња,4.30092
2014,EN_MAT_DOMCMPC,Тоне,Неметални минерали - доминантна градња,4.68823
2015,EN_MAT_DOMCMPC,Тоне,Неметални минерали - доминантна градња,5.01912
2016,EN_MAT_DOMCMPC,Тоне,Неметални минерали - доминантна градња,5.33908
2017,EN_MAT_DOMCMPC,Тоне,Неметални минерали - доминантна градња,5.64745
2000,EN_MAT_DOMCMPC,Тоне,Неметални минерали,1.89181
2001,EN_MAT_DOMCMPC,Тоне,Неметални минерали,2.12596
2002,EN_MAT_DOMCMPC,Тоне,Неметални минерали,2.47853
2003,EN_MAT_DOMCMPC,Тоне,Неметални минерали,3.94044
2004,EN_MAT_DOMCMPC,Тоне,Неметални минерали,3.48001
2005,EN_MAT_DOMCMPC,Тоне,Неметални минерали,2.8068
2006,EN_MAT_DOMCMPC,Тоне,Неметални минерали,3.59954
2007,EN_MAT_DOMCMPC,Тоне,Неметални минерали,4.10707
2008,EN_MAT_DOMCMPC,Тоне,Неметални минерали,4.38344
2009,EN_MAT_DOMCMPC,Тоне,Неметални минерали,4.1439
2010,EN_MAT_DOMCMPC,Тоне,Неметални минерали,4.19035
2011,EN_MAT_DOMCMPC,Тоне,Неметални минерали,4.09541
2012,EN_MAT_DOMCMPC,Тоне,Неметални минерали,4.33072
2013,EN_MAT_DOMCMPC,Тоне,Неметални минерали,4.74856
2014,EN_MAT_DOMCMPC,Тоне,Неметални минерали,5.1937
2015,EN_MAT_DOMCMPC,Тоне,Неметални минерали,5.55601
2016,EN_MAT_DOMCMPC,Тоне,Неметални минерали,5.90616
2017,EN_MAT_DOMCMPC,Тоне,Неметални минерали,6.24347
2000,EN_MAT_DOMCMPC,Тоне,Нафта,0.30478
2001,EN_MAT_DOMCMPC,Тоне,Нафта,0.29778
2002,EN_MAT_DOMCMPC,Тоне,Нафта,0.28789
2003,EN_MAT_DOMCMPC,Тоне,Нафта,0.26751
2004,EN_MAT_DOMCMPC,Тоне,Нафта,0.31391
2005,EN_MAT_DOMCMPC,Тоне,Нафта,0.29618
2006,EN_MAT_DOMCMPC,Тоне,Нафта,0.31777
2007,EN_MAT_DOMCMPC,Тоне,Нафта,0.33863
2008,EN_MAT_DOMCMPC,Тоне,Нафта,0.39085
2009,EN_MAT_DOMCMPC,Тоне,Нафта,0.43693
2010,EN_MAT_DOMCMPC,Тоне,Нафта,0.44867
2011,EN_MAT_DOMCMPC,Тоне,Нафта,0.46464
2012,EN_MAT_DOMCMPC,Тоне,Нафта,0.42021
2013,EN_MAT_DOMCMPC,Тоне,Нафта,0.41304
2014,EN_MAT_DOMCMPC,Тоне,Нафта,0.38839
2015,EN_MAT_DOMCMPC,Тоне,Нафта,0.40346
2016,EN_MAT_DOMCMPC,Тоне,Нафта,0.41748
2017,EN_MAT_DOMCMPC,Тоне,Нафта,0.43051
2000,EN_MAT_DOMCMPC,Тоне,Дивљи улов и жетва,0.00225
2001,EN_MAT_DOMCMPC,Тоне,Дивљи улов и жетва,0.0023
2002,EN_MAT_DOMCMPC,Тоне,Дивљи улов и жетва,0.00296
2003,EN_MAT_DOMCMPC,Тоне,Дивљи улов и жетва,0.00311
2004,EN_MAT_DOMCMPC,Тоне,Дивљи улов и жетва,0.00361
2005,EN_MAT_DOMCMPC,Тоне,Дивљи улов и жетва,0.00408
2006,EN_MAT_DOMCMPC,Тоне,Дивљи улов и жетва,0.00296
2007,EN_MAT_DOMCMPC,Тоне,Дивљи улов и жетва,0.00292
2008,EN_MAT_DOMCMPC,Тоне,Дивљи улов и жетва,0.00291
2009,EN_MAT_DOMCMPC,Тоне,Дивљи улов и жетва,0.00271
2010,EN_MAT_DOMCMPC,Тоне,Дивљи улов и жетва,0.00245
2011,EN_MAT_DOMCMPC,Тоне,Дивљи улов и жетва,0.00225
2012,EN_MAT_DOMCMPC,Тоне,Дивљи улов и жетва,0.0023
2013,EN_MAT_DOMCMPC,Тоне,Дивљи улов и жетва,0.00246
2014,EN_MAT_DOMCMPC,Тоне,Дивљи улов и жетва,0.00248
2015,EN_MAT_DOMCMPC,Тоне,Дивљи улов и жетва,0.00246
2016,EN_MAT_DOMCMPC,Тоне,Дивљи улов и жетва,0.00242
2017,EN_MAT_DOMCMPC,Тоне,Дивљи улов и жетва,0.00238
2000,EN_MAT_DOMCMPC,Тоне,Дрво,0.65807
2001,EN_MAT_DOMCMPC,Тоне,Дрво,0.5795
2002,EN_MAT_DOMCMPC,Тоне,Дрво,0.65011
2003,EN_MAT_DOMCMPC,Тоне,Дрво,0.63242
2004,EN_MAT_DOMCMPC,Тоне,Дрво,0.48414
2005,EN_MAT_DOMCMPC,Тоне,Дрво,0.50906
2006,EN_MAT_DOMCMPC,Тоне,Дрво,0.56101
2007,EN_MAT_DOMCMPC,Тоне,Дрво,0.49105
2008,EN_MAT_DOMCMPC,Тоне,Дрво,0.54082
2009,EN_MAT_DOMCMPC,Тоне,Дрво,0.4581
2010,EN_MAT_DOMCMPC,Тоне,Дрво,0.51753
2011,EN_MAT_DOMCMPC,Тоне,Дрво,0.54586
2012,EN_MAT_DOMCMPC,Тоне,Дрво,0.57248
2013,EN_MAT_DOMCMPC,Тоне,Дрво,0.61619
2014,EN_MAT_DOMCMPC,Тоне,Дрво,0.59812
2015,EN_MAT_DOMCMPC,Тоне,Дрво,0.56402
2016,EN_MAT_DOMCMPC,Тоне,Дрво,0.5637
2017,EN_MAT_DOMCMPC,Тоне,Дрво,0.56187
2000,EN_MAT_DOMCMPG,Килограми по константи америчког долара,Без подјеле,1.93849
2001,EN_MAT_DOMCMPG,Килограми по константи америчког долара,Без подјеле,1.98851
2002,EN_MAT_DOMCMPG,Килограми по константи америчког долара,Без подјеле,2.02977
2003,EN_MAT_DOMCMPG,Килограми по константи америчког долара,Без подјеле,2.33932
2004,EN_MAT_DOMCMPG,Килограми по константи америчког долара,Без подјеле,2.26058
2005,EN_MAT_DOMCMPG,Килограми по константи америчког долара,Без подјеле,2.15715
2006,EN_MAT_DOMCMPG,Килограми по константи америчког долара,Без подјеле,2.15715
2007,EN_MAT_DOMCMPG,Килограми по константи америчког долара,Без подјеле,2.30617
2008,EN_MAT_DOMCMPG,Килограми по константи америчког долара,Без подјеле,2.2313
2009,EN_MAT_DOMCMPG,Килограми по константи америчког долара,Без подјеле,2.36588
2010,EN_MAT_DOMCMPG,Килограми по константи америчког долара,Без подјеле,2.36948
2011,EN_MAT_DOMCMPG,Килограми по константи америчког долара,Без подјеле,2.26028
2012,EN_MAT_DOMCMPG,Килограми по константи америчког долара,Без подјеле,2.32958
2013,EN_MAT_DOMCMPG,Килограми по константи америчког долара,Без подјеле,2.29121
2014,EN_MAT_DOMCMPG,Килограми по константи америчког долара,Без подјеле,2.38481
2015,EN_MAT_DOMCMPG,Килограми по константи америчког долара,Без подјеле,2.40347
2016,EN_MAT_DOMCMPG,Килограми по константи америчког долара,Без подјеле,2.48015
2017,EN_MAT_DOMCMPG,Килограми по константи америчког долара,Без подјеле,2.5021
2000,EN_MAT_DOMCMPG,Килограми по константи америчког долара,Биомаса,0.57457
2001,EN_MAT_DOMCMPG,Килограми по константи америчког долара,Биомаса,0.6069
2002,EN_MAT_DOMCMPG,Килограми по константи америчког долара,Биомаса,0.59854
2003,EN_MAT_DOMCMPG,Килограми по константи америчког долара,Биомаса,0.46078
2004,EN_MAT_DOMCMPG,Килограми по константи америчког долара,Биомаса,0.57956
2005,EN_MAT_DOMCMPG,Килограми по константи америчког долара,Биомаса,0.55821
2006,EN_MAT_DOMCMPG,Килограми по константи америчког долара,Биомаса,0.54704
2007,EN_MAT_DOMCMPG,Килограми по константи америчког долара,Биомаса,0.47096
2008,EN_MAT_DOMCMPG,Килограми по константи америчког долара,Биомаса,0.50694
2009,EN_MAT_DOMCMPG,Килограми по константи америчког долара,Биомаса,0.49865
2010,EN_MAT_DOMCMPG,Килограми по константи америчког долара,Биомаса,0.48301
2011,EN_MAT_DOMCMPG,Килограми по константи америчког долара,Биомаса,0.47923
2012,EN_MAT_DOMCMPG,Килограми по константи америчког долара,Биомаса,0.43436
2013,EN_MAT_DOMCMPG,Килограми по константи америчког долара,Биомаса,0.4953
2014,EN_MAT_DOMCMPG,Килограми по константи америчког долара,Биомаса,0.46572
2015,EN_MAT_DOMCMPG,Килограми по константи америчког долара,Биомаса,0.45083
2016,EN_MAT_DOMCMPG,Килограми по константи америчког долара,Биомаса,0.44286
2017,EN_MAT_DOMCMPG,Килограми по константи америчког долара,Биомаса,0.43543
2000,EN_MAT_DOMCMPG,Килограми по константи америчког долара,Угаљ,0.6121
2001,EN_MAT_DOMCMPG,Килограми по константи америчког долара,Угаљ,0.60552
2002,EN_MAT_DOMCMPG,Килограми по константи америчког долара,Угаљ,0.59792
2003,EN_MAT_DOMCMPG,Килограми по константи америчког долара,Угаљ,0.62397
2004,EN_MAT_DOMCMPG,Килограми по константи америчког долара,Угаљ,0.59436
2005,EN_MAT_DOMCMPG,Килограми по константи америчког долара,Угаљ,0.60173
2006,EN_MAT_DOMCMPG,Килограми по константи америчког долара,Угаљ,0.6241
2007,EN_MAT_DOMCMPG,Килограми по константи америчког долара,Угаљ,0.57697
2008,EN_MAT_DOMCMPG,Килограми по константи америчког долара,Угаљ,0.63089
2009,EN_MAT_DOMCMPG,Килограми по константи америчког долара,Угаљ,0.68873
2010,EN_MAT_DOMCMPG,Килограми по константи америчког долара,Угаљ,0.66184
2011,EN_MAT_DOMCMPG,Килограми по константи америчког долара,Угаљ,0.7573
2012,EN_MAT_DOMCMPG,Килограми по константи америчког долара,Угаљ,0.73041
2013,EN_MAT_DOMCMPG,Килограми по константи америчког долара,Угаљ,0.69965
2014,EN_MAT_DOMCMPG,Килограми по константи америчког долара,Угаљ,0.69103
2015,EN_MAT_DOMCMPG,Килограми по константи америчког долара,Угаљ,0.74676
2016,EN_MAT_DOMCMPG,Килограми по константи америчког долара,Угаљ,0.74675
2017,EN_MAT_DOMCMPG,Килограми по константи америчког долара,Угаљ,0.74686
2000,EN_MAT_DOMCMPG,Килограми по константи америчког долара,Остаци усјева,0.10577
2001,EN_MAT_DOMCMPG,Килограми по константи америчког долара,Остаци усјева,0.13179
2002,EN_MAT_DOMCMPG,Килограми по константи америчког долара,Остаци усјева,0.14381
2003,EN_MAT_DOMCMPG,Килограми по константи америчког долара,Остаци усјева,0.0852
2004,EN_MAT_DOMCMPG,Килограми по константи америчког долара,Остаци усјева,0.14313
2005,EN_MAT_DOMCMPG,Килограми по константи америчког долара,Остаци усјева,0.13185
2006,EN_MAT_DOMCMPG,Килограми по константи америчког долара,Остаци усјева,0.12377
2007,EN_MAT_DOMCMPG,Килограми по константи америчког долара,Остаци усјева,0.08656
2008,EN_MAT_DOMCMPG,Килограми по константи америчког долара,Остаци усјева,0.11291
2009,EN_MAT_DOMCMPG,Килограми по константи америчког долара,Остаци усјева,0.11648
2010,EN_MAT_DOMCMPG,Килограми по константи америчког долара,Остаци усјева,0.09415
2011,EN_MAT_DOMCMPG,Килограми по константи америчког долара,Остаци усјева,0.09306
2012,EN_MAT_DOMCMPG,Килограми по константи америчког долара,Остаци усјева,0.07421
2013,EN_MAT_DOMCMPG,Килограми по константи америчког долара,Остаци усјева,0.09852
2014,EN_MAT_DOMCMPG,Килограми по константи америчког долара,Остаци усјева,0.08755
2015,EN_MAT_DOMCMPG,Килограми по константи америчког долара,Остаци усјева,0.08499
2016,EN_MAT_DOMCMPG,Килограми по константи америчког долара,Остаци усјева,0.08244
2017,EN_MAT_DOMCMPG,Килограми по константи америчког долара,Остаци усјева,0.08006
2000,EN_MAT_DOMCMPG,Килограми по константи америчког долара,Усјеви,0.24453
2001,EN_MAT_DOMCMPG,Килограми по константи америчког долара,Усјеви,0.2926
2002,EN_MAT_DOMCMPG,Килограми по константи америчког долара,Усјеви,0.26429
2003,EN_MAT_DOMCMPG,Килограми по константи америчког долара,Усјеви,0.1969
2004,EN_MAT_DOMCMPG,Килограми по константи америчког долара,Усјеви,0.30693
2005,EN_MAT_DOMCMPG,Килограми по константи америчког долара,Усјеви,0.2882
2006,EN_MAT_DOMCMPG,Килограми по константи америчког долара,Усјеви,0.26408
2007,EN_MAT_DOMCMPG,Килограми по константи америчког долара,Усјеви,0.22665
2008,EN_MAT_DOMCMPG,Килограми по константи америчког долара,Усјеви,0.24105
2009,EN_MAT_DOMCMPG,Килограми по константи америчког долара,Усјеви,0.24252
2010,EN_MAT_DOMCMPG,Килограми по константи америчког долара,Усјеви,0.22227
2011,EN_MAT_DOMCMPG,Килограми по константи америчког долара,Усјеви,0.21978
2012,EN_MAT_DOMCMPG,Килограми по константи америчког долара,Усјеви,0.19512
2013,EN_MAT_DOMCMPG,Килограми по константи америчког долара,Усјеви,0.22769
2014,EN_MAT_DOMCMPG,Килограми по константи америчког долара,Усјеви,0.21617
2015,EN_MAT_DOMCMPG,Килограми по константи америчког долара,Усјеви,0.21256
2016,EN_MAT_DOMCMPG,Килограми по константи америчког долара,Усјеви,0.20889
2017,EN_MAT_DOMCMPG,Килограми по константи америчког долара,Усјеви,0.20546
2000,EN_MAT_DOMCMPG,Килограми по константи америчког долара,Руде жељеза,0.03012
2001,EN_MAT_DOMCMPG,Килограми по константи америчког долара,Руде жељеза,0.02133
2002,EN_MAT_DOMCMPG,Килограми по константи америчког долара,Руде жељеза,0.01631
2003,EN_MAT_DOMCMPG,Килограми по константи америчког долара,Руде жељеза,0.02012
2004,EN_MAT_DOMCMPG,Килограми по константи америчког долара,Руде жељеза,0.02561
2005,EN_MAT_DOMCMPG,Килограми по константи америчког долара,Руде жељеза,0.12936
2006,EN_MAT_DOMCMPG,Килограми по константи америчког долара,Руде жељеза,0.13142
2007,EN_MAT_DOMCMPG,Килограми по константи америчког долара,Руде жељеза,0.1202
2008,EN_MAT_DOMCMPG,Килограми по константи америчког долара,Руде жељеза,0.13732
2009,EN_MAT_DOMCMPG,Килограми по константи америчког долара,Руде жељеза,0.13702
2010,EN_MAT_DOMCMPG,Килограми по константи америчког долара,Руде жељеза,0.04898
2011,EN_MAT_DOMCMPG,Килограми по константи америчког долара,Руде жељеза,0.06148
2012,EN_MAT_DOMCMPG,Килограми по константи америчког долара,Руде жељеза,0.05558
2013,EN_MAT_DOMCMPG,Килограми по константи америчког долара,Руде жељеза,0.0744
2014,EN_MAT_DOMCMPG,Килограми по константи америчког долара,Руде жељеза,0.07805
2015,EN_MAT_DOMCMPG,Килограми по константи америчког долара,Руде жељеза,0.08118
2016,EN_MAT_DOMCMPG,Килограми по константи америчког долара,Руде жељеза,0.084
2017,EN_MAT_DOMCMPG,Килограми по константи америчког долара,Руде жељеза,0.08666
2000,EN_MAT_DOMCMPG,Килограми по константи америчког долара,Фосилна горива,0.72149
2001,EN_MAT_DOMCMPG,Килограми по константи америчког долара,Фосилна горива,0.70527
2002,EN_MAT_DOMCMPG,Килограми по константи америчког долара,Фосилна горива,0.68965
2003,EN_MAT_DOMCMPG,Килограми по константи америчког долара,Фосилна горива,0.70903
2004,EN_MAT_DOMCMPG,Килограми по константи америчког долара,Фосилна горива,0.69216
2005,EN_MAT_DOMCMPG,Килограми по константи америчког долара,Фосилна горива,0.69411
2006,EN_MAT_DOMCMPG,Килограми по константи америчког долара,Фосилна горива,0.71773
2007,EN_MAT_DOMCMPG,Килограми по константи америчког долара,Фосилна горива,0.67098
2008,EN_MAT_DOMCMPG,Килограми по константи америчког долара,Фосилна горива,0.73092
2009,EN_MAT_DOMCMPG,Килограми по константи америчког долара,Фосилна горива,0.79441
2010,EN_MAT_DOMCMPG,Килограми по константи америчког долара,Фосилна горива,0.769
2011,EN_MAT_DOMCMPG,Килограми по константи америчког долара,Фосилна горива,0.86734
2012,EN_MAT_DOMCMPG,Килограми по константи америчког долара,Фосилна горива,0.82995
2013,EN_MAT_DOMCMPG,Килограми по константи америчког долара,Фосилна горива,0.79216
2014,EN_MAT_DOMCMPG,Килограми по константи америчког долара,Фосилна горива,0.77609
2015,EN_MAT_DOMCMPG,Килограми по константи америчког долара,Фосилна горива,0.83334
2016,EN_MAT_DOMCMPG,Килограми по константи америчког долара,Фосилна горива,0.83285
2017,EN_MAT_DOMCMPG,Килограми по константи америчког долара,Фосилна горива,0.83253
2000,EN_MAT_DOMCMPG,Килограми по константи америчког долара,Природни гас,0.01415
2001,EN_MAT_DOMCMPG,Килограми по константи америчког долара,Природни гас,0.00902
2002,EN_MAT_DOMCMPG,Килограми по константи америчког долара,Природни гас,0.00812
2003,EN_MAT_DOMCMPG,Килограми по константи америчког долара,Природни гас,0.01022
2004,EN_MAT_DOMCMPG,Килограми по константи америчког долара,Природни гас,0.01515
2005,EN_MAT_DOMCMPG,Килограми по константи америчког долара,Природни гас,0.01732
2006,EN_MAT_DOMCMPG,Килограми по константи америчког долара,Природни гас,0.01728
2007,EN_MAT_DOMCMPG,Килограми по константи америчког долара,Природни гас,0.01726
2008,EN_MAT_DOMCMPG,Килограми по константи америчког долара,Природни гас,0.01624
2009,EN_MAT_DOMCMPG,Килограми по константи америчког долара,Природни гас,0.00955
2010,EN_MAT_DOMCMPG,Килограми по константи америчког долара,Природни гас,0.00993
2011,EN_MAT_DOMCMPG,Килограми по константи америчког долара,Природни гас,0.0112
2012,EN_MAT_DOMCMPG,Килограми по константи америчког долара,Природни гас,0.0104
2013,EN_MAT_DOMCMPG,Килограми по константи америчког долара,Природни гас,0.00791
2014,EN_MAT_DOMCMPG,Килограми по константи америчког долара,Природни гас,0.00727
2015,EN_MAT_DOMCMPG,Килограми по константи америчког долара,Природни гас,0.00884
2016,EN_MAT_DOMCMPG,Килограми по константи америчког долара,Природни гас,0.00854
2017,EN_MAT_DOMCMPG,Килограми по константи америчког долара,Природни гас,0.00825
2000,EN_MAT_DOMCMPG,Килограми по константи америчког долара,Сточна храна и крмно биље,0.01792
2001,EN_MAT_DOMCMPG,Килограми по константи америчког долара,Сточна храна и крмно биље,0.00525
2002,EN_MAT_DOMCMPG,Килограми по константи америчког долара,Сточна храна и крмно биље,0.0008
2003,EN_MAT_DOMCMPG,Килограми по константи америчког долара,Сточна храна и крмно биље,0.00088
2004,EN_MAT_DOMCMPG,Килограми по константи америчког долара,Сточна храна и крмно биље,0.00108
2005,EN_MAT_DOMCMPG,Килограми по константи америчког долара,Сточна храна и крмно биље,0.00812
2006,EN_MAT_DOMCMPG,Килограми по константи америчког долара,Сточна храна и крмно биље,0.02367
2007,EN_MAT_DOMCMPG,Килограми по константи америчког долара,Сточна храна и крмно биље,0.04579
2008,EN_MAT_DOMCMPG,Килограми по константи америчког долара,Сточна храна и крмно биље,0.03642
2009,EN_MAT_DOMCMPG,Килограми по константи америчког долара,Сточна храна и крмно биље,0.03826
2010,EN_MAT_DOMCMPG,Килограми по константи америчког долара,Сточна храна и крмно биље,0.05391
2011,EN_MAT_DOMCMPG,Килограми по константи америчког долара,Сточна храна и крмно биље,0.04979
2012,EN_MAT_DOMCMPG,Килограми по константи америчког долара,Сточна храна и крмно биље,0.04309
2013,EN_MAT_DOMCMPG,Килограми по константи америчког долара,Сточна храна и крмно биље,0.04239
2014,EN_MAT_DOMCMPG,Килограми по константи америчког долара,Сточна храна и крмно биље,0.04169
2015,EN_MAT_DOMCMPG,Килограми по константи америчког долара,Сточна храна и крмно биље,0.04412
2016,EN_MAT_DOMCMPG,Килограми по константи америчког долара,Сточна храна и крмно биље,0.04635
2017,EN_MAT_DOMCMPG,Килограми по константи америчког долара,Сточна храна и крмно биље,0.04844
2000,EN_MAT_DOMCMPG,Килограми по константи америчког долара,Металне руде,0.05125
2001,EN_MAT_DOMCMPG,Килограми по константи америчког долара,Металне руде,0.0286
2002,EN_MAT_DOMCMPG,Килограми по константи америчког долара,Металне руде,0.02179
2003,EN_MAT_DOMCMPG,Килограми по константи америчког долара,Металне руде,0.0671
2004,EN_MAT_DOMCMPG,Килограми по константи америчког долара,Металне руде,0.0726
2005,EN_MAT_DOMCMPG,Килограми по константи америчког долара,Металне руде,0.19352
2006,EN_MAT_DOMCMPG,Килограми по константи америчког долара,Металне руде,0.17653
2007,EN_MAT_DOMCMPG,Килограми по константи америчког долара,Металне руде,0.15846
2008,EN_MAT_DOMCMPG,Килограми по константи америчког долара,Металне руде,0.18824
2009,EN_MAT_DOMCMPG,Килограми по константи америчког долара,Металне руде,0.16468
2010,EN_MAT_DOMCMPG,Килограми по константи америчког долара,Металне руде,0.10023
2011,EN_MAT_DOMCMPG,Килограми по константи америчког долара,Металне руде,0.11178
2012,EN_MAT_DOMCMPG,Килограми по константи америчког долара,Металне руде,0.10819
2013,EN_MAT_DOMCMPG,Килограми по константи америчког долара,Металне руде,0.1248
2014,EN_MAT_DOMCMPG,Килограми по константи америчког долара,Металне руде,0.12141
2015,EN_MAT_DOMCMPG,Килограми по константи америчког долара,Металне руде,0.12544
2016,EN_MAT_DOMCMPG,Килограми по константи америчког долара,Металне руде,0.12903
2017,EN_MAT_DOMCMPG,Килограми по константи америчког долара,Металне руде,0.13244
2000,EN_MAT_DOMCMPG,Килограми по константи америчког долара,Руде обојених метала,0.02113
2001,EN_MAT_DOMCMPG,Килограми по константи америчког долара,Руде обојених метала,0.00727
2002,EN_MAT_DOMCMPG,Килограми по константи америчког долара,Руде обојених метала,0.00548
2003,EN_MAT_DOMCMPG,Килограми по константи америчког долара,Руде обојених метала,0.04699
2004,EN_MAT_DOMCMPG,Килограми по константи америчког долара,Руде обојених метала,0.04699
2005,EN_MAT_DOMCMPG,Килограми по константи америчког долара,Руде обојених метала,0.06416
2006,EN_MAT_DOMCMPG,Килограми по константи америчког долара,Руде обојених метала,0.04511
2007,EN_MAT_DOMCMPG,Килограми по константи америчког долара,Руде обојених метала,0.03826
2008,EN_MAT_DOMCMPG,Килограми по константи америчког долара,Руде обојених метала,0.05092
2009,EN_MAT_DOMCMPG,Килограми по константи америчког долара,Руде обојених метала,0.02766
2010,EN_MAT_DOMCMPG,Килограми по константи америчког долара,Руде обојених метала,0.05125
2011,EN_MAT_DOMCMPG,Килограми по константи америчког долара,Руде обојених метала,0.0503
2012,EN_MAT_DOMCMPG,Килограми по константи америчког долара,Руде обојених метала,0.0526
2013,EN_MAT_DOMCMPG,Килограми по константи америчког долара,Руде обојених метала,0.0504
2014,EN_MAT_DOMCMPG,Килограми по константи америчког долара,Руде обојених метала,0.04335
2015,EN_MAT_DOMCMPG,Килограми по константи америчког долара,Руде обојених метала,0.04425
2016,EN_MAT_DOMCMPG,Килограми по константи америчког долара,Руде обојених метала,0.04503
2017,EN_MAT_DOMCMPG,Килограми по константи америчког долара,Руде обојених метала,0.04578
2000,EN_MAT_DOMCMPG,Килограми по константи америчког долара,Неметални минерали - доминантни у индустрији или пољопривреди,0.0591
2001,EN_MAT_DOMCMPG,Килограми по константи америчког долара,Неметални минерали - доминантни у индустрији или пољопривреди,0.07705
2002,EN_MAT_DOMCMPG,Килограми по константи америчког долара,Неметални минерали - доминантни у индустрији или пољопривреди,0.06679
2003,EN_MAT_DOMCMPG,Килограми по константи америчког долара,Неметални минерали - доминантни у индустрији или пољопривреди,0.03509
2004,EN_MAT_DOMCMPG,Килограми по константи америчког долара,Неметални минерали - доминантни у индустрији или пољопривреди,0.04688
2005,EN_MAT_DOMCMPG,Килограми по константи америчког долара,Неметални минерали - доминантни у индустрији или пољопривреди,0.06634
2006,EN_MAT_DOMCMPG,Килограми по константи америчког долара,Неметални минерали - доминантни у индустрији или пољопривреди,0.10729
2007,EN_MAT_DOMCMPG,Килограми по константи америчког долара,Неметални минерали - доминантни у индустрији или пољопривреди,0.13823
2008,EN_MAT_DOMCMPG,Килограми по константи америчког долара,Неметални минерали - доминантни у индустрији или пољопривреди,0.13384
2009,EN_MAT_DOMCMPG,Килограми по константи америчког долара,Неметални минерали - доминантни у индустрији или пољопривреди,0.11479
2010,EN_MAT_DOMCMPG,Килограми по константи америчког долара,Неметални минерали - доминантни у индустрији или пољопривреди,0.08803
2011,EN_MAT_DOMCMPG,Килограми по константи америчког долара,Неметални минерали - доминантни у индустрији или пољопривреди,0.10815
2012,EN_MAT_DOMCMPG,Килограми по константи америчког долара,Неметални минерали - доминантни у индустрији или пољопривреди,0.1082
2013,EN_MAT_DOMCMPG,Килограми по константи америчког долара,Неметални минерали - доминантни у индустрији или пољопривреди,0.09168
2014,EN_MAT_DOMCMPG,Килограми по константи америчког долара,Неметални минерали - доминантни у индустрији или пољопривреди,0.10124
2015,EN_MAT_DOMCMPG,Килограми по константи америчког долара,Неметални минерали - доминантни у индустрији или пољопривреди,0.10345
2016,EN_MAT_DOMCMPG,Килограми по константи америчког долара,Неметални минерали - доминантни у индустрији или пољопривреди,0.10536
2017,EN_MAT_DOMCMPG,Килограми по константи америчког долара,Неметални минерали - доминантни у индустрији или пољопривреди,0.10718
2000,EN_MAT_DOMCMPG,Килограми по константи америчког долара,Неметални минерали - доминантна градња,0.53208
2001,EN_MAT_DOMCMPG,Килограми по константи америчког долара,Неметални минерали - доминантна градња,0.57069
2002,EN_MAT_DOMCMPG,Килограми по константи америчког долара,Неметални минерали - доминантна градња,0.653
2003,EN_MAT_DOMCMPG,Килограми по константи америчког долара,Неметални минерали - доминантна градња,1.06731
2004,EN_MAT_DOMCMPG,Килограми по константи америчког долара,Неметални минерали - доминантна градња,0.86938
2005,EN_MAT_DOMCMPG,Килограми по константи америчког долара,Неметални минерали - доминантна градња,0.64496
2006,EN_MAT_DOMCMPG,Килограми по константи америчког долара,Неметални минерали - доминантна градња,0.75758
2007,EN_MAT_DOMCMPG,Килограми по константи америчког долара,Неметални минерали - доминантна градња,0.79266
2008,EN_MAT_DOMCMPG,Килограми по константи америчког долара,Неметални минерали - доминантна градња,0.80594
2009,EN_MAT_DOMCMPG,Килограми по константи америчког долара,Неметални минерали - доминантна градња,0.79693
2010,EN_MAT_DOMCMPG,Килограми по константи америчког долара,Неметални минерали - доминантна градња,0.82002
2011,EN_MAT_DOMCMPG,Килограми по константи америчког долара,Неметални минерали - доминантна градња,0.76307
2012,EN_MAT_DOMCMPG,Килограми по константи америчког долара,Неметални минерали - доминантна градња,0.81051
2013,EN_MAT_DOMCMPG,Килограми по константи америчког долара,Неметални минерали - доминантна градња,0.88088
2014,EN_MAT_DOMCMPG,Килограми по константи америчког долара,Неметални минерали - доминантна градња,0.93902
2015,EN_MAT_DOMCMPG,Килограми по константи америчког долара,Неметални минерали - доминантна градња,0.9671
2016,EN_MAT_DOMCMPG,Килограми по константи америчког долара,Неметални минерали - доминантна градња,0.99199
2017,EN_MAT_DOMCMPG,Килограми по константи америчког долара,Неметални минерали - доминантна градња,1.01558
2000,EN_MAT_DOMCMPG,Килограми по константи америчког долара,Неметални минерали,0.59118
2001,EN_MAT_DOMCMPG,Килограми по константи америчког долара,Неметални минерали,0.64774
2002,EN_MAT_DOMCMPG,Килограми по константи америчког долара,Неметални минерали,0.71979
2003,EN_MAT_DOMCMPG,Килограми по константи америчког долара,Неметални минерали,1.1024
2004,EN_MAT_DOMCMPG,Килограми по константи америчког долара,Неметални минерали,0.91626
2005,EN_MAT_DOMCMPG,Килограми по константи америчког долара,Неметални минерали,0.71131
2006,EN_MAT_DOMCMPG,Килограми по константи америчког долара,Неметални минерали,0.86487
2007,EN_MAT_DOMCMPG,Килограми по константи америчког долара,Неметални минерали,0.9309
2008,EN_MAT_DOMCMPG,Килограми по константи америчког долара,Неметални минерали,0.93978
2009,EN_MAT_DOMCMPG,Килограми по константи америчког долара,Неметални минерали,0.91173
2010,EN_MAT_DOMCMPG,Килограми по константи америчког долара,Неметални минерали,0.90804
2011,EN_MAT_DOMCMPG,Килограми по константи америчког долара,Неметални минерали,0.87122
2012,EN_MAT_DOMCMPG,Килограми по константи америчког долара,Неметални минерали,0.91871
2013,EN_MAT_DOMCMPG,Килограми по константи америчког долара,Неметални минерали,0.97256
2014,EN_MAT_DOMCMPG,Килограми по константи америчког долара,Неметални минерали,1.04026
2015,EN_MAT_DOMCMPG,Килограми по константи америчког долара,Неметални минерали,1.07055
2016,EN_MAT_DOMCMPG,Килограми по константи америчког долара,Неметални минерали,1.09735
2017,EN_MAT_DOMCMPG,Килограми по константи америчког долара,Неметални минерали,1.12276
2000,EN_MAT_DOMCMPG,Килограми по константи америчког долара,Нафта,0.09524
2001,EN_MAT_DOMCMPG,Килограми по константи америчког долара,Нафта,0.09073
2002,EN_MAT_DOMCMPG,Килограми по константи америчког долара,Нафта,0.0836
2003,EN_MAT_DOMCMPG,Килограми по константи америчког долара,Нафта,0.07484
2004,EN_MAT_DOMCMPG,Килограми по константи америчког долара,Нафта,0.08265
2005,EN_MAT_DOMCMPG,Килограми по константи америчког долара,Нафта,0.07506
2006,EN_MAT_DOMCMPG,Килограми по константи америчког долара,Нафта,0.07635
2007,EN_MAT_DOMCMPG,Килограми по константи америчког долара,Нафта,0.07675
2008,EN_MAT_DOMCMPG,Килограми по константи америчког долара,Нафта,0.0838
2009,EN_MAT_DOMCMPG,Килограми по константи америчког долара,Нафта,0.09613
2010,EN_MAT_DOMCMPG,Килограми по константи америчког долара,Нафта,0.09723
2011,EN_MAT_DOMCMPG,Килограми по константи америчког долара,Нафта,0.09884
2012,EN_MAT_DOMCMPG,Килограми по константи америчког долара,Нафта,0.08914
2013,EN_MAT_DOMCMPG,Килограми по константи америчког долара,Нафта,0.08459
2014,EN_MAT_DOMCMPG,Килограми по константи америчког долара,Нафта,0.07779
2015,EN_MAT_DOMCMPG,Килограми по константи америчког долара,Нафта,0.07774
2016,EN_MAT_DOMCMPG,Килограми по константи америчког долара,Нафта,0.07757
2017,EN_MAT_DOMCMPG,Килограми по константи америчког долара,Нафта,0.07742
2000,EN_MAT_DOMCMPG,Килограми по константи америчког долара,Дивљи улов и жетва,0.0007
2001,EN_MAT_DOMCMPG,Килограми по константи америчког долара,Дивљи улов и жетва,0.0007
2002,EN_MAT_DOMCMPG,Килограми по константи америчког долара,Дивљи улов и жетва,0.00086
2003,EN_MAT_DOMCMPG,Килограми по константи америчког долара,Дивљи улов и жетва,0.00087
2004,EN_MAT_DOMCMPG,Килограми по константи америчког долара,Дивљи улов и жетва,0.00095
2005,EN_MAT_DOMCMPG,Килограми по константи америчког долара,Дивљи улов и жетва,0.00103
2006,EN_MAT_DOMCMPG,Килограми по константи америчког долара,Дивљи улов и жетва,0.00071
2007,EN_MAT_DOMCMPG,Килограми по константи америчког долара,Дивљи улов и жетва,0.00066
2008,EN_MAT_DOMCMPG,Килограми по константи америчког долара,Дивљи улов и жетва,0.00062
2009,EN_MAT_DOMCMPG,Килограми по константи америчког долара,Дивљи улов и жетва,0.0006
2010,EN_MAT_DOMCMPG,Килограми по константи америчког долара,Дивљи улов и жетва,0.00053
2011,EN_MAT_DOMCMPG,Килограми по константи америчког долара,Дивљи улов и жетва,0.00048
2012,EN_MAT_DOMCMPG,Килограми по константи америчког долара,Дивљи улов и жетва,0.00049
2013,EN_MAT_DOMCMPG,Килограми по константи америчког долара,Дивљи улов и жетва,0.0005
2014,EN_MAT_DOMCMPG,Килограми по константи америчког долара,Дивљи улов и жетва,0.0005
2015,EN_MAT_DOMCMPG,Килограми по константи америчког долара,Дивљи улов и жетва,0.00047
2016,EN_MAT_DOMCMPG,Килограми по константи америчког долара,Дивљи улов и жетва,0.00045
2017,EN_MAT_DOMCMPG,Килограми по константи америчког долара,Дивљи улов и жетва,0.00043
2000,EN_MAT_DOMCMPG,Килограми по константи америчког долара,Дрво,0.20564
2001,EN_MAT_DOMCMPG,Килограми по константи америчког долара,Дрво,0.17656
2002,EN_MAT_DOMCMPG,Килограми по константи америчког долара,Дрво,0.1888
2003,EN_MAT_DOMCMPG,Килограми по константи америчког долара,Дрво,0.17693
2004,EN_MAT_DOMCMPG,Килограми по константи америчког долара,Дрво,0.12747
2005,EN_MAT_DOMCMPG,Килограми по константи америчког долара,Дрво,0.12901
2006,EN_MAT_DOMCMPG,Килограми по константи америчког долара,Дрво,0.1348
2007,EN_MAT_DOMCMPG,Килограми по константи америчког долара,Дрво,0.1113
2008,EN_MAT_DOMCMPG,Килограми по константи америчког долара,Дрво,0.11595
2009,EN_MAT_DOMCMPG,Килограми по константи америчког долара,Дрво,0.10079
2010,EN_MAT_DOMCMPG,Килограми по константи америчког долара,Дрво,0.11215
2011,EN_MAT_DOMCMPG,Килограми по константи америчког долара,Дрво,0.11612
2012,EN_MAT_DOMCMPG,Килограми по константи америчког долара,Дрво,0.12145
2013,EN_MAT_DOMCMPG,Килограми по константи америчког долара,Дрво,0.1262
2014,EN_MAT_DOMCMPG,Килограми по константи америчког долара,Дрво,0.1198
2015,EN_MAT_DOMCMPG,Килограми по константи америчког долара,Дрво,0.10868
2016,EN_MAT_DOMCMPG,Килограми по константи америчког долара,Дрво,0.10473
2017,EN_MAT_DOMCMPG,Килограми по константи америчког долара,Дрво,0.10104
2000,EN_MAT_DOMCMPT,Тоне,Без подјеле,6925657.0
2001,EN_MAT_DOMCMPT,Тоне,Без подјеле,7512072.0
2002,EN_MAT_DOMCMPT,Тоне,Без подјеле,7782116.0
2003,EN_MAT_DOMCMPT,Тоне,Без подјеле,6224523.0
2004,EN_MAT_DOMCMPT,Тоне,Без подјеле,8323459.0
2005,EN_MAT_DOMCMPT,Тоне,Без подјеле,8329607.0
2006,EN_MAT_DOMCMPT,Тоне,Без подјеле,8604851.0
2007,EN_MAT_DOMCMPT,Тоне,Без подјеле,7841856.0
2008,EN_MAT_DOMCMPT,Тоне,Без подјеле,8899146.0
2009,EN_MAT_DOMCMPT,Тоне,Без подјеле,8491325.0
2010,EN_MAT_DOMCMPT,Тоне,Без подјеле,8296309.0
2011,EN_MAT_DOMCMPT,Тоне,Без подјеле,8310136.0
2012,EN_MAT_DOMCMPT,Тоне,Без подјеле,7469798.0
2013,EN_MAT_DOMCMPT,Тоне,Без подјеле,8718073.0
2014,EN_MAT_DOMCMPT,Тоне,Без подјеле,8291559.0
2015,EN_MAT_DOMCMPT,Тоне,Без подјеле,8273228.0
2016,EN_MAT_DOMCMPT,Тоне,Без подјеле,8382525.0
2017,EN_MAT_DOMCMPT,Тоне,Без подјеле,8491821.0
2000,EN_MAT_DOMCMPT,Тоне,Биомаса,6925657.0
2001,EN_MAT_DOMCMPT,Тоне,Биомаса,7512072.0
2002,EN_MAT_DOMCMPT,Тоне,Биомаса,7782116.0
2003,EN_MAT_DOMCMPT,Тоне,Биомаса,6224523.0
2004,EN_MAT_DOMCMPT,Тоне,Биомаса,8323459.0
2005,EN_MAT_DOMCMPT,Тоне,Биомаса,8329607.0
2006,EN_MAT_DOMCMPT,Тоне,Биомаса,8604851.0
2007,EN_MAT_DOMCMPT,Тоне,Биомаса,7841856.0
2008,EN_MAT_DOMCMPT,Тоне,Биомаса,8899146.0
2009,EN_MAT_DOMCMPT,Тоне,Биомаса,8491325.0
2010,EN_MAT_DOMCMPT,Тоне,Биомаса,8296309.0
2011,EN_MAT_DOMCMPT,Тоне,Биомаса,8310136.0
2012,EN_MAT_DOMCMPT,Тоне,Биомаса,7469798.0
2013,EN_MAT_DOMCMPT,Тоне,Биомаса,8718073.0
2014,EN_MAT_DOMCMPT,Тоне,Биомаса,8291559.0
2015,EN_MAT_DOMCMPT,Тоне,Биомаса,8273228.0
2016,EN_MAT_DOMCMPT,Тоне,Биомаса,8382525.0
2017,EN_MAT_DOMCMPT,Тоне,Биомаса,8491821.0
2000,EN_MAT_DOMCMPT,Тоне,Угаљ,7378000.0
2001,EN_MAT_DOMCMPT,Тоне,Угаљ,7495000.0
2002,EN_MAT_DOMCMPT,Тоне,Угаљ,7774000.0
2003,EN_MAT_DOMCMPT,Тоне,Угаљ,8429000.0
2004,EN_MAT_DOMCMPT,Тоне,Угаљ,8536000.0
2005,EN_MAT_DOMCMPT,Тоне,Угаљ,8979000.0
2006,EN_MAT_DOMCMPT,Тоне,Угаљ,9817000.0
2007,EN_MAT_DOMCMPT,Тоне,Угаљ,9607000.0
2008,EN_MAT_DOMCMPT,Тоне,Угаљ,11075000.0
2009,EN_MAT_DOMCMPT,Тоне,Угаљ,11728000.0
2010,EN_MAT_DOMCMPT,Тоне,Угаљ,11368000.0
2011,EN_MAT_DOMCMPT,Тоне,Угаљ,13132000.0
2012,EN_MAT_DOMCMPT,Тоне,Угаљ,12561000.0
2013,EN_MAT_DOMCMPT,Тоне,Угаљ,12315000.0
2014,EN_MAT_DOMCMPT,Тоне,Угаљ,12303000.0
2015,EN_MAT_DOMCMPT,Тоне,Угаљ,13704000.0
2016,EN_MAT_DOMCMPT,Тоне,Угаљ,14134591.0
2017,EN_MAT_DOMCMPT,Тоне,Угаљ,14565182.0
2000,EN_MAT_DOMCMPT,Тоне,Остаци усјева,1274913.0
2001,EN_MAT_DOMCMPT,Тоне,Остаци усјева,1631232.0
2002,EN_MAT_DOMCMPT,Тоне,Остаци усјева,1869727.0
2003,EN_MAT_DOMCMPT,Тоне,Остаци усјева,1150939.0
2004,EN_MAT_DOMCMPT,Тоне,Остаци усјева,2055582.0
2005,EN_MAT_DOMCMPT,Тоне,Остаци усјева,1967457.0
2006,EN_MAT_DOMCMPT,Тоне,Остаци усјева,1946952.0
2007,EN_MAT_DOMCMPT,Тоне,Остаци усјева,1441252.0
2008,EN_MAT_DOMCMPT,Тоне,Остаци усјева,1982034.0
2009,EN_MAT_DOMCMPT,Тоне,Остаци усјева,1983541.0
2010,EN_MAT_DOMCMPT,Тоне,Остаци усјева,1617069.0
2011,EN_MAT_DOMCMPT,Тоне,Остаци усјева,1613679.0
2012,EN_MAT_DOMCMPT,Тоне,Остаци усјева,1276287.0
2013,EN_MAT_DOMCMPT,Тоне,Остаци усјева,1734085.0
2014,EN_MAT_DOMCMPT,Тоне,Остаци усјева,1558809.0
2015,EN_MAT_DOMCMPT,Тоне,Остаци усјева,1559670.0
2016,EN_MAT_DOMCMPT,Тоне,Остаци усјева,1560531.0
2017,EN_MAT_DOMCMPT,Тоне,Остаци усјева,1561392.0
2000,EN_MAT_DOMCMPT,Тоне,Усјеви,2947535.0
2001,EN_MAT_DOMCMPT,Тоне,Усјеви,3621751.0
2002,EN_MAT_DOMCMPT,Тоне,Усјеви,3436185.0
2003,EN_MAT_DOMCMPT,Тоне,Усјеви,2659906.0
2004,EN_MAT_DOMCMPT,Тоне,Усјеви,4408017.0
2005,EN_MAT_DOMCMPT,Тоне,Усјеви,4300520.0
2006,EN_MAT_DOMCMPT,Тоне,Усјеви,4153998.0
2007,EN_MAT_DOMCMPT,Тоне,Усјеви,3773949.0
2008,EN_MAT_DOMCMPT,Тоне,Усјеви,4231476.0
2009,EN_MAT_DOMCMPT,Тоне,Усјеви,4129768.0
2010,EN_MAT_DOMCMPT,Тоне,Усјеви,3817818.0
2011,EN_MAT_DOMCMPT,Тоне,Усјеви,3811119.0
2012,EN_MAT_DOMCMPT,Тоне,Усјеви,3355493.0
2013,EN_MAT_DOMCMPT,Тоне,Усјеви,4007620.0
2014,EN_MAT_DOMCMPT,Тоне,Усјеви,3848757.0
2015,EN_MAT_DOMCMPT,Тоне,Усјеви,3900797.0
2016,EN_MAT_DOMCMPT,Тоне,Усјеви,3953837.0
2017,EN_MAT_DOMCMPT,Тоне,Усјеви,4006877.0
2000,EN_MAT_DOMCMPT,Тоне,Руде жељеза,363000.0
2001,EN_MAT_DOMCMPT,Тоне,Руде жељеза,264000.0
2002,EN_MAT_DOMCMPT,Тоне,Руде жељеза,212000.0
2003,EN_MAT_DOMCMPT,Тоне,Руде жељеза,271762.0
2004,EN_MAT_DOMCMPT,Тоне,Руде жељеза,367790.0
2005,EN_MAT_DOMCMPT,Тоне,Руде жељеза,1930316.0
2006,EN_MAT_DOMCMPT,Тоне,Руде жељеза,2067141.0
2007,EN_MAT_DOMCMPT,Тоне,Руде жељеза,2001352.0
2008,EN_MAT_DOMCMPT,Тоне,Руде жељеза,2410638.0
2009,EN_MAT_DOMCMPT,Тоне,Руде жељеза,2333265.0
2010,EN_MAT_DOMCMPT,Тоне,Руде жељеза,841223.0
2011,EN_MAT_DOMCMPT,Тоне,Руде жељеза,1066128.0
2012,EN_MAT_DOMCMPT,Тоне,Руде жељеза,955854.0
2013,EN_MAT_DOMCMPT,Тоне,Руде жељеза,1309470.0
2014,EN_MAT_DOMCMPT,Тоне,Руде жељеза,1389676.0
2015,EN_MAT_DOMCMPT,Тоне,Руде жељеза,1489794.0
2016,EN_MAT_DOMCMPT,Тоне,Руде жељеза,1589912.0
2017,EN_MAT_DOMCMPT,Тоне,Руде жељеза,1690030.0
2000,EN_MAT_DOMCMPT,Тоне,Фосилна горива,8696585.0
2001,EN_MAT_DOMCMPT,Тоне,Фосилна горива,8729640.0
2002,EN_MAT_DOMCMPT,Тоне,Фосилна горива,8966593.0
2003,EN_MAT_DOMCMPT,Тоне,Фосилна горива,9578052.0
2004,EN_MAT_DOMCMPT,Тоне,Фосилна горива,9940564.0
2005,EN_MAT_DOMCMPT,Тоне,Фосилна горива,10357386.0
2006,EN_MAT_DOMCMPT,Тоне,Фосилна горива,11289840.0
2007,EN_MAT_DOMCMPT,Тоне,Фосилна горива,11172316.0
2008,EN_MAT_DOMCMPT,Тоне,Фосилна горива,12831129.0
2009,EN_MAT_DOMCMPT,Тоне,Фосилна горива,13527645.0
2010,EN_MAT_DOMCMPT,Тоне,Фосилна горива,13208622.0
2011,EN_MAT_DOMCMPT,Тоне,Фосилна горива,15040166.0
2012,EN_MAT_DOMCMPT,Тоне,Фосилна горива,14272837.0
2013,EN_MAT_DOMCMPT,Тоне,Фосилна горива,13943173.0
2014,EN_MAT_DOMCMPT,Тоне,Фосилна горива,13817450.0
2015,EN_MAT_DOMCMPT,Тоне,Фосилна горива,15292774.0
2016,EN_MAT_DOMCMPT,Тоне,Фосилна горива,15764357.0
2017,EN_MAT_DOMCMPT,Тоне,Фосилна горива,16235940.0
2000,EN_MAT_DOMCMPT,Тоне,Природни гас,170585.0
2001,EN_MAT_DOMCMPT,Тоне,Природни гас,111640.0
2002,EN_MAT_DOMCMPT,Тоне,Природни гас,105593.0
2003,EN_MAT_DOMCMPT,Тоне,Природни гас,138052.0
2004,EN_MAT_DOMCMPT,Тоне,Природни гас,217564.0
2005,EN_MAT_DOMCMPT,Тоне,Природни гас,258386.0
2006,EN_MAT_DOMCMPT,Тоне,Природни гас,271840.0
2007,EN_MAT_DOMCMPT,Тоне,Природни гас,287316.0
2008,EN_MAT_DOMCMPT,Тоне,Природни гас,285129.0
2009,EN_MAT_DOMCMPT,Тоне,Природни гас,162645.0
2010,EN_MAT_DOMCMPT,Тоне,Природни гас,170622.0
2011,EN_MAT_DOMCMPT,Тоне,Природни гас,194166.0
2012,EN_MAT_DOMCMPT,Тоне,Природни гас,178837.0
2013,EN_MAT_DOMCMPT,Тоне,Природни гас,139173.0
2014,EN_MAT_DOMCMPT,Тоне,Природни гас,129450.0
2015,EN_MAT_DOMCMPT,Тоне,Природни гас,162167.0
2016,EN_MAT_DOMCMPT,Тоне,Природни гас,161552.0
2017,EN_MAT_DOMCMPT,Тоне,Природни гас,160936.0
2000,EN_MAT_DOMCMPT,Тоне,Сточна храна и крмно биље,215988.0
2001,EN_MAT_DOMCMPT,Тоне,Сточна храна и крмно биље,64934.0
2002,EN_MAT_DOMCMPT,Тоне,Сточна храна и крмно биље,10345.0
2003,EN_MAT_DOMCMPT,Тоне,Сточна храна и крмно биље,11871.0
2004,EN_MAT_DOMCMPT,Тоне,Сточна храна и крмно биље,15555.0
2005,EN_MAT_DOMCMPT,Тоне,Сточна храна и крмно биље,121154.0
2006,EN_MAT_DOMCMPT,Тоне,Сточна храна и крмно биље,372387.0
2007,EN_MAT_DOMCMPT,Тоне,Сточна храна и крмно биље,762407.0
2008,EN_MAT_DOMCMPT,Тоне,Сточна храна и крмно биље,639254.0
2009,EN_MAT_DOMCMPT,Тоне,Сточна храна и крмно биље,651569.0
2010,EN_MAT_DOMCMPT,Тоне,Сточна храна и крмно биље,926011.0
2011,EN_MAT_DOMCMPT,Тоне,Сточна храна и крмно биље,863410.0
2012,EN_MAT_DOMCMPT,Тоне,Сточна храна и крмно биље,741105.0
2013,EN_MAT_DOMCMPT,Тоне,Сточна храна и крмно биље,746135.0
2014,EN_MAT_DOMCMPT,Тоне,Сточна храна и крмно биље,742237.0
2015,EN_MAT_DOMCMPT,Тоне,Сточна храна и крмно биље,809734.0
2016,EN_MAT_DOMCMPT,Тоне,Сточна храна и крмно биље,877230.0
2017,EN_MAT_DOMCMPT,Тоне,Сточна храна и крмно биље,944726.0
2000,EN_MAT_DOMCMPT,Тоне,Металне руде,617700.0
2001,EN_MAT_DOMCMPT,Тоне,Металне руде,354000.0
2002,EN_MAT_DOMCMPT,Тоне,Металне руде,283300.0
2003,EN_MAT_DOMCMPT,Тоне,Металне руде,906482.0
2004,EN_MAT_DOMCMPT,Тоне,Металне руде,1042616.0
2005,EN_MAT_DOMCMPT,Тоне,Металне руде,2887739.0
2006,EN_MAT_DOMCMPT,Тоне,Металне руде,2776722.0
2007,EN_MAT_DOMCMPT,Тоне,Металне руде,2638404.0
2008,EN_MAT_DOMCMPT,Тоне,Металне руде,3304467.0
2009,EN_MAT_DOMCMPT,Тоне,Металне руде,2804338.0
2010,EN_MAT_DOMCMPT,Тоне,Металне руде,1721511.0
2011,EN_MAT_DOMCMPT,Тоне,Металне руде,1938285.0
2012,EN_MAT_DOMCMPT,Тоне,Металне руде,1860499.0
2013,EN_MAT_DOMCMPT,Тоне,Металне руде,2196611.0
2014,EN_MAT_DOMCMPT,Тоне,Металне руде,2161488.0
2015,EN_MAT_DOMCMPT,Тоне,Металне руде,2301911.0
2016,EN_MAT_DOMCMPT,Тоне,Металне руде,2442334.0
2017,EN_MAT_DOMCMPT,Тоне,Металне руде,2582757.0
2000,EN_MAT_DOMCMPT,Тоне,Руде обојених метала,254700.0
2001,EN_MAT_DOMCMPT,Тоне,Руде обојених метала,90000.0
2002,EN_MAT_DOMCMPT,Тоне,Руде обојених метала,71300.0
2003,EN_MAT_DOMCMPT,Тоне,Руде обојених метала,634719.0
2004,EN_MAT_DOMCMPT,Тоне,Руде обојених метала,674826.0
2005,EN_MAT_DOMCMPT,Тоне,Руде обојених метала,957423.0
2006,EN_MAT_DOMCMPT,Тоне,Руде обојених метала,709581.0
2007,EN_MAT_DOMCMPT,Тоне,Руде обојених метала,637052.0
2008,EN_MAT_DOMCMPT,Тоне,Руде обојених метала,893829.0
2009,EN_MAT_DOMCMPT,Тоне,Руде обојених метала,471073.0
2010,EN_MAT_DOMCMPT,Тоне,Руде обојених метала,880288.0
2011,EN_MAT_DOMCMPT,Тоне,Руде обојених метала,872157.0
2012,EN_MAT_DOMCMPT,Тоне,Руде обојених метала,904645.0
2013,EN_MAT_DOMCMPT,Тоне,Руде обојених метала,904645.0
2014,EN_MAT_DOMCMPT,Тоне,Руде обојених метала,771812.0
2015,EN_MAT_DOMCMPT,Тоне,Руде обојених метала,812117.0
2016,EN_MAT_DOMCMPT,Тоне,Руде обојених метала,852422.0
2017,EN_MAT_DOMCMPT,Тоне,Руде обојених метала,892727.0
2000,EN_MAT_DOMCMPT,Тоне,Неметални минерали - доминантни у индустрији или пољопривреди,712400.0
2001,EN_MAT_DOMCMPT,Тоне,Неметални минерали - доминантни у индустрији или пољопривреди,953712.0
2002,EN_MAT_DOMCMPT,Тоне,Неметални минерали - доминантни у индустрији или пољопривреди,868329.0
2003,EN_MAT_DOMCMPT,Тоне,Неметални минерали - доминантни у индустрији или пољопривреди,474027.0
2004,EN_MAT_DOMCMPT,Тоне,Неметални минерали - доминантни у индустрији или пољопривреди,673221.0
2005,EN_MAT_DOMCMPT,Тоне,Неметални минерали - доминантни у индустрији или пољопривреди,989939.0
2006,EN_MAT_DOMCMPT,Тоне,Неметални минерали - доминантни у индустрији или пољопривреди,1687683.0
2007,EN_MAT_DOMCMPT,Тоне,Неметални минерали - доминантни у индустрији или пољопривреди,2301692.0
2008,EN_MAT_DOMCMPT,Тоне,Неметални минерали - доминантни у индустрији или пољопривреди,2349561.0
2009,EN_MAT_DOMCMPT,Тоне,Неметални минерали - доминантни у индустрији или пољопривреди,1954762.0
2010,EN_MAT_DOMCMPT,Тоне,Неметални минерали - доминантни у индустрији или пољопривреди,1511972.0
2011,EN_MAT_DOMCMPT,Тоне,Неметални минерали - доминантни у индустрији или пољопривреди,1875354.0
2012,EN_MAT_DOMCMPT,Тоне,Неметални минерали - доминантни у индустрији или пољопривреди,1860735.0
2013,EN_MAT_DOMCMPT,Тоне,Неметални минерали - доминантни у индустрији или пољопривреди,1613745.0
2014,EN_MAT_DOMCMPT,Тоне,Неметални минерали - доминантни у индустрији или пољопривреди,1802499.0
2015,EN_MAT_DOMCMPT,Тоне,Неметални минерали - доминантни у индустрији или пољопривреди,1898417.0
2016,EN_MAT_DOMCMPT,Тоне,Неметални минерали - доминантни у индустрији или пољопривреди,1994336.0
2017,EN_MAT_DOMCMPT,Тоне,Неметални минерали - доминантни у индустрији или пољопривреди,2090255.0
2000,EN_MAT_DOMCMPT,Тоне,Неметални минерали - доминантна градња,6413484.0
2001,EN_MAT_DOMCMPT,Тоне,Неметални минерали - доминантна градња,7063890.0
2002,EN_MAT_DOMCMPT,Тоне,Неметални минерали - доминантна градња,8490140.0
2003,EN_MAT_DOMCMPT,Тоне,Неметални минерали - доминантна градња,14417888.0
2004,EN_MAT_DOMCMPT,Тоне,Неметални минерали - доминантна градња,12485677.0
2005,EN_MAT_DOMCMPT,Тоне,Неметални минерали - доминантна градња,9624076.0
2006,EN_MAT_DOMCMPT,Тоне,Неметални минерали - доминантна градња,11916651.0
2007,EN_MAT_DOMCMPT,Тоне,Неметални минерали - доминантна градња,13198376.0
2008,EN_MAT_DOMCMPT,Тоне,Неметални минерали - доминантна градња,14147934.0
2009,EN_MAT_DOMCMPT,Тоне,Неметални минерали - доминантна градња,13570620.0
2010,EN_MAT_DOMCMPT,Тоне,Неметални минерали - доминантна градња,14084845.0
2011,EN_MAT_DOMCMPT,Тоне,Неметални минерали - доминантна градња,13232058.0
2012,EN_MAT_DOMCMPT,Тоне,Неметални минерали - доминантна градња,13938610.0
2013,EN_MAT_DOMCMPT,Тоне,Неметални минерали - доминантна градња,15504799.0
2014,EN_MAT_DOMCMPT,Тоне,Неметални минерали - доминантна градња,16718248.0
2015,EN_MAT_DOMCMPT,Тоне,Неметални минерали - доминантна градња,17747401.0
2016,EN_MAT_DOMCMPT,Тоне,Неметални минерали - доминантна градња,18776554.0
2017,EN_MAT_DOMCMPT,Тоне,Неметални минерали - доминантна градња,19805706.0
2000,EN_MAT_DOMCMPT,Тоне,Неметални минерали,7125884.0
2001,EN_MAT_DOMCMPT,Тоне,Неметални минерали,8017602.0
2002,EN_MAT_DOMCMPT,Тоне,Неметални минерали,9358469.0
2003,EN_MAT_DOMCMPT,Тоне,Неметални минерали,14891914.0
2004,EN_MAT_DOMCMPT,Тоне,Неметални минерали,13158898.0
2005,EN_MAT_DOMCMPT,Тоне,Неметални минерали,10614015.0
2006,EN_MAT_DOMCMPT,Тоне,Неметални минерали,13604334.0
2007,EN_MAT_DOMCMPT,Тоне,Неметални минерали,15500068.0
2008,EN_MAT_DOMCMPT,Тоне,Неметални минерали,16497494.0
2009,EN_MAT_DOMCMPT,Тоне,Неметални минерали,15525382.0
2010,EN_MAT_DOMCMPT,Тоне,Неметални минерали,15596817.0
2011,EN_MAT_DOMCMPT,Тоне,Неметални минерали,15107412.0
2012,EN_MAT_DOMCMPT,Тоне,Неметални минерали,15799345.0
2013,EN_MAT_DOMCMPT,Тоне,Неметални минерали,17118544.0
2014,EN_MAT_DOMCMPT,Тоне,Неметални минерали,18520747.0
2015,EN_MAT_DOMCMPT,Тоне,Неметални минерали,19645818.0
2016,EN_MAT_DOMCMPT,Тоне,Неметални минерали,20770890.0
2017,EN_MAT_DOMCMPT,Тоне,Неметални минерали,21895961.0
2000,EN_MAT_DOMCMPT,Тоне,Нафта,1148000.0
2001,EN_MAT_DOMCMPT,Тоне,Нафта,1123000.0
2002,EN_MAT_DOMCMPT,Тоне,Нафта,1087000.0
2003,EN_MAT_DOMCMPT,Тоне,Нафта,1011000.0
2004,EN_MAT_DOMCMPT,Тоне,Нафта,1187000.0
2005,EN_MAT_DOMCMPT,Тоне,Нафта,1120000.0
2006,EN_MAT_DOMCMPT,Тоне,Нафта,1201000.0
2007,EN_MAT_DOMCMPT,Тоне,Нафта,1278000.0
2008,EN_MAT_DOMCMPT,Тоне,Нафта,1471000.0
2009,EN_MAT_DOMCMPT,Тоне,Нафта,1637000.0
2010,EN_MAT_DOMCMPT,Тоне,Нафта,1670000.0
2011,EN_MAT_DOMCMPT,Тоне,Нафта,1714000.0
2012,EN_MAT_DOMCMPT,Тоне,Нафта,1533000.0
2013,EN_MAT_DOMCMPT,Тоне,Нафта,1489000.0
2014,EN_MAT_DOMCMPT,Тоне,Нафта,1385000.0
2015,EN_MAT_DOMCMPT,Тоне,Нафта,1426607.0
2016,EN_MAT_DOMCMPT,Тоне,Нафта,1468214.0
2017,EN_MAT_DOMCMPT,Тоне,Нафта,1509821.0
2000,EN_MAT_DOMCMPT,Тоне,Дивљи улов и жетва,8465.0
2001,EN_MAT_DOMCMPT,Тоне,Дивљи улов и жетва,8679.0
2002,EN_MAT_DOMCMPT,Тоне,Дивљи улов и жетва,11182.0
2003,EN_MAT_DOMCMPT,Тоне,Дивљи улов и жетва,11748.0
2004,EN_MAT_DOMCMPT,Тоне,Дивљи улов и жетва,13649.0
2005,EN_MAT_DOMCMPT,Тоне,Дивљи улов и жетва,15432.0
2006,EN_MAT_DOMCMPT,Тоне,Дивљи улов и жетва,11180.0
2007,EN_MAT_DOMCMPT,Тоне,Дивљи улов и жетва,11029.0
2008,EN_MAT_DOMCMPT,Тоне,Дивљи улов и жетва,10938.0
2009,EN_MAT_DOMCMPT,Тоне,Дивљи улов и жетва,10162.0
2010,EN_MAT_DOMCMPT,Тоне,Дивљи улов и жетва,9106.0
2011,EN_MAT_DOMCMPT,Тоне,Дивљи улов и жетва,8310.0
2012,EN_MAT_DOMCMPT,Тоне,Дивљи улов и жетва,8391.0
2013,EN_MAT_DOMCMPT,Тоне,Дивљи улов и жетва,8855.0
2014,EN_MAT_DOMCMPT,Тоне,Дивљи улов и жетва,8855.0
2015,EN_MAT_DOMCMPT,Тоне,Дивљи улов и жетва,8682.0
2016,EN_MAT_DOMCMPT,Тоне,Дивљи улов и жетва,8510.0
2017,EN_MAT_DOMCMPT,Тоне,Дивљи улов и жетва,8337.0
2000,EN_MAT_DOMCMPT,Тоне,Дрво,2478757.0
2001,EN_MAT_DOMCMPT,Тоне,Дрво,2185477.0
2002,EN_MAT_DOMCMPT,Тоне,Дрво,2454677.0
2003,EN_MAT_DOMCMPT,Тоне,Дрво,2390059.0
2004,EN_MAT_DOMCMPT,Тоне,Дрво,1830655.0
2005,EN_MAT_DOMCMPT,Тоне,Дрво,1925044.0
2006,EN_MAT_DOMCMPT,Тоне,Дрво,2120334.0
2007,EN_MAT_DOMCMPT,Тоне,Дрво,1853219.0
2008,EN_MAT_DOMCMPT,Тоне,Дрво,2035444.0
2009,EN_MAT_DOMCMPT,Тоне,Дрво,1716285.0
2010,EN_MAT_DOMCMPT,Тоне,Дрво,1926305.0
2011,EN_MAT_DOMCMPT,Тоне,Дрво,2013618.0
2012,EN_MAT_DOMCMPT,Тоне,Дрво,2088522.0
2013,EN_MAT_DOMCMPT,Тоне,Дрво,2221379.0
2014,EN_MAT_DOMCMPT,Тоне,Дрво,2132902.0
2015,EN_MAT_DOMCMPT,Тоне,Дрво,1994345.0
2016,EN_MAT_DOMCMPT,Тоне,Дрво,1982417.0
2017,EN_MAT_DOMCMPT,Тоне,Дрво,1970489.0
