Year,SERIES,UNIT_MEASURE,Пол,Занимање,Value
2006,Просјечна зарада по сату запослених према сполу и занимању (национална валута),CUR_NAC,Оба пола или без подјеле по полу,Сва занимања,2.9
2007,Просјечна зарада по сату запослених према сполу и занимању (национална валута),CUR_NAC,Оба пола или без подјеле по полу,Сва занимања,3.07
2008,Просјечна зарада по сату запослених према сполу и занимању (национална валута),CUR_NAC,Оба пола или без подјеле по полу,Сва занимања,3.06
2009,Просјечна зарада по сату запослених према сполу и занимању (национална валута),CUR_NAC,Оба пола или без подјеле по полу,Сва занимања,3.93
2010,Просјечна зарада по сату запослених према сполу и занимању (национална валута),CUR_NAC,Оба пола или без подјеле по полу,Сва занимања,4.02
2011,Просјечна зарада по сату запослених према сполу и занимању (национална валута),CUR_NAC,Оба пола или без подјеле по полу,Сва занимања,4.79
2012,Просјечна зарада по сату запослених према сполу и занимању (национална валута),CUR_NAC,Оба пола или без подјеле по полу,Сва занимања,4.23
2013,Просјечна зарада по сату запослених према сполу и занимању (национална валута),CUR_NAC,Оба пола или без подјеле по полу,Сва занимања,4.33
2014,Просјечна зарада по сату запослених према сполу и занимању (национална валута),CUR_NAC,Оба пола или без подјеле по полу,Сва занимања,4.27
2015,Просјечна зарада по сату запослених према сполу и занимању (национална валута),CUR_NAC,Оба пола или без подјеле по полу,Сва занимања,4.44
2016,Просјечна зарада по сату запослених према сполу и занимању (национална валута),CUR_NAC,Оба пола или без подјеле по полу,Сва занимања,4.24
2020,Просјечна зарада по сату запослених према сполу и занимању (национална валута),CUR_NAC,Оба пола или без подјеле по полу,Сва занимања,8.44
2010,Просјечна зарада по сату запослених према сполу и занимању (национална валута),CUR_NAC,Оба пола или без подјеле по полу,Занимања оружаних снага,4.98
2011,Просјечна зарада по сату запослених према сполу и занимању (национална валута),CUR_NAC,Оба пола или без подјеле по полу,Занимања оружаних снага,5.03
2012,Просјечна зарада по сату запослених према сполу и занимању (национална валута),CUR_NAC,Оба пола или без подјеле по полу,Занимања оружаних снага,4.71
2013,Просјечна зарада по сату запослених према сполу и занимању (национална валута),CUR_NAC,Оба пола или без подјеле по полу,Занимања оружаних снага,4.63
2014,Просјечна зарада по сату запослених према сполу и занимању (национална валута),CUR_NAC,Оба пола или без подјеле по полу,Занимања оружаних снага,5.47
2015,Просјечна зарада по сату запослених према сполу и занимању (национална валута),CUR_NAC,Оба пола или без подјеле по полу,Занимања оружаних снага,4.7
2016,Просјечна зарада по сату запослених према сполу и занимању (национална валута),CUR_NAC,Оба пола или без подјеле по полу,Занимања оружаних снага,5.28
2020,Просјечна зарада по сату запослених према сполу и занимању (национална валута),CUR_NAC,Оба пола или без подјеле по полу,Занимања оружаних снага,8.27
2010,Просјечна зарада по сату запослених према сполу и занимању (национална валута),CUR_NAC,Оба пола или без подјеле по полу,Менаџери,6.2
2011,Просјечна зарада по сату запослених према сполу и занимању (национална валута),CUR_NAC,Оба пола или без подјеле по полу,Менаџери,6.85
2012,Просјечна зарада по сату запослених према сполу и занимању (национална валута),CUR_NAC,Оба пола или без подјеле по полу,Менаџери,6.84
2013,Просјечна зарада по сату запослених према сполу и занимању (национална валута),CUR_NAC,Оба пола или без подјеле по полу,Менаџери,7.5
2014,Просјечна зарада по сату запослених према сполу и занимању (национална валута),CUR_NAC,Оба пола или без подјеле по полу,Менаџери,7.32
2015,Просјечна зарада по сату запослених према сполу и занимању (национална валута),CUR_NAC,Оба пола или без подјеле по полу,Менаџери,8.41
2016,Просјечна зарада по сату запослених према сполу и занимању (национална валута),CUR_NAC,Оба пола или без подјеле по полу,Менаџери,7.51
2020,Просјечна зарада по сату запослених према сполу и занимању (национална валута),CUR_NAC,Оба пола или без подјеле по полу,Менаџери,10.89
2010,Просјечна зарада по сату запослених према сполу и занимању (национална валута),CUR_NAC,Оба пола или без подјеле по полу,Професионалци,6.52
2011,Просјечна зарада по сату запослених према сполу и занимању (национална валута),CUR_NAC,Оба пола или без подјеле по полу,Професионалци,7.26
2012,Просјечна зарада по сату запослених према сполу и занимању (национална валута),CUR_NAC,Оба пола или без подјеле по полу,Професионалци,7.04
2013,Просјечна зарада по сату запослених према сполу и занимању (национална валута),CUR_NAC,Оба пола или без подјеле по полу,Професионалци,6.51
2014,Просјечна зарада по сату запослених према сполу и занимању (национална валута),CUR_NAC,Оба пола или без подјеле по полу,Професионалци,6.22
2015,Просјечна зарада по сату запослених према сполу и занимању (национална валута),CUR_NAC,Оба пола или без подјеле по полу,Професионалци,7.05
2016,Просјечна зарада по сату запослених према сполу и занимању (национална валута),CUR_NAC,Оба пола или без подјеле по полу,Професионалци,5.89
2020,Просјечна зарада по сату запослених према сполу и занимању (национална валута),CUR_NAC,Оба пола или без подјеле по полу,Професионалци,10.22
2010,Просјечна зарада по сату запослених према сполу и занимању (национална валута),CUR_NAC,Оба пола или без подјеле по полу,Техничари и придружени професионалци,4.57
2011,Просјечна зарада по сату запослених према сполу и занимању (национална валута),CUR_NAC,Оба пола или без подјеле по полу,Техничари и придружени професионалци,4.84
2012,Просјечна зарада по сату запослених према сполу и занимању (национална валута),CUR_NAC,Оба пола или без подјеле по полу,Техничари и придружени професионалци,4.44
2013,Просјечна зарада по сату запослених према сполу и занимању (национална валута),CUR_NAC,Оба пола или без подјеле по полу,Техничари и придружени професионалци,4.93
2014,Просјечна зарада по сату запослених према сполу и занимању (национална валута),CUR_NAC,Оба пола или без подјеле по полу,Техничари и придружени професионалци,4.58
2015,Просјечна зарада по сату запослених према сполу и занимању (национална валута),CUR_NAC,Оба пола или без подјеле по полу,Техничари и придружени професионалци,4.64
2016,Просјечна зарада по сату запослених према сполу и занимању (национална валута),CUR_NAC,Оба пола или без подјеле по полу,Техничари и придружени професионалци,4.44
2020,Просјечна зарада по сату запослених према сполу и занимању (национална валута),CUR_NAC,Оба пола или без подјеле по полу,Техничари и придружени професионалци,8.5
2010,Просјечна зарада по сату запослених према сполу и занимању (национална валута),CUR_NAC,Оба пола или без подјеле по полу,Службеници хитне помоћи,3.65
2011,Просјечна зарада по сату запослених према сполу и занимању (национална валута),CUR_NAC,Оба пола или без подјеле по полу,Службеници хитне помоћи,7.73
2012,Просјечна зарада по сату запослених према сполу и занимању (национална валута),CUR_NAC,Оба пола или без подјеле по полу,Службеници хитне помоћи,4.4
2013,Просјечна зарада по сату запослених према сполу и занимању (национална валута),CUR_NAC,Оба пола или без подјеле по полу,Службеници хитне помоћи,4.11
2014,Просјечна зарада по сату запослених према сполу и занимању (национална валута),CUR_NAC,Оба пола или без подјеле по полу,Службеници хитне помоћи,4.74
2015,Просјечна зарада по сату запослених према сполу и занимању (национална валута),CUR_NAC,Оба пола или без подјеле по полу,Службеници хитне помоћи,4.28
2016,Просјечна зарада по сату запослених према сполу и занимању (национална валута),CUR_NAC,Оба пола или без подјеле по полу,Службеници хитне помоћи,4.9
2020,Просјечна зарада по сату запослених према сполу и занимању (национална валута),CUR_NAC,Оба пола или без подјеле по полу,Службеници хитне помоћи,8.11
2010,Просјечна зарада по сату запослених према сполу и занимању (национална валута),CUR_NAC,Оба пола или без подјеле по полу,Услужни и продајни радници,2.96
2011,Просјечна зарада по сату запослених према сполу и занимању (национална валута),CUR_NAC,Оба пола или без подјеле по полу,Услужни и продајни радници,3.52
2012,Просјечна зарада по сату запослених према сполу и занимању (национална валута),CUR_NAC,Оба пола или без подјеле по полу,Услужни и продајни радници,2.96
2013,Просјечна зарада по сату запослених према сполу и занимању (национална валута),CUR_NAC,Оба пола или без подјеле по полу,Услужни и продајни радници,3.28
2014,Просјечна зарада по сату запослених према сполу и занимању (национална валута),CUR_NAC,Оба пола или без подјеле по полу,Услужни и продајни радници,3.44
2015,Просјечна зарада по сату запослених према сполу и занимању (национална валута),CUR_NAC,Оба пола или без подјеле по полу,Услужни и продајни радници,3.36
2016,Просјечна зарада по сату запослених према сполу и занимању (национална валута),CUR_NAC,Оба пола или без подјеле по полу,Услужни и продајни радници,3.39
2020,Просјечна зарада по сату запослених према сполу и занимању (национална валута),CUR_NAC,Оба пола или без подјеле по полу,Услужни и продајни радници,6.1
2010,Просјечна зарада по сату запослених према сполу и занимању (национална валута),CUR_NAC,Оба пола или без подјеле по полу,"КВ квалифицирани радници у пољопривреди, шумарству и рибарству",3.25
2011,Просјечна зарада по сату запослених према сполу и занимању (национална валута),CUR_NAC,Оба пола или без подјеле по полу,"КВ квалифицирани радници у пољопривреди, шумарству и рибарству",3.21
2012,Просјечна зарада по сату запослених према сполу и занимању (национална валута),CUR_NAC,Оба пола или без подјеле по полу,"КВ квалифицирани радници у пољопривреди, шумарству и рибарству",3.45
2013,Просјечна зарада по сату запослених према сполу и занимању (национална валута),CUR_NAC,Оба пола или без подјеле по полу,"КВ квалифицирани радници у пољопривреди, шумарству и рибарству",3.15
2014,Просјечна зарада по сату запослених према сполу и занимању (национална валута),CUR_NAC,Оба пола или без подјеле по полу,"КВ квалифицирани радници у пољопривреди, шумарству и рибарству",3.67
2015,Просјечна зарада по сату запослених према сполу и занимању (национална валута),CUR_NAC,Оба пола или без подјеле по полу,"КВ квалифицирани радници у пољопривреди, шумарству и рибарству",3.18
2016,Просјечна зарада по сату запослених према сполу и занимању (национална валута),CUR_NAC,Оба пола или без подјеле по полу,"КВ квалифицирани радници у пољопривреди, шумарству и рибарству",4.11
2020,Просјечна зарада по сату запослених према сполу и занимању (национална валута),CUR_NAC,Оба пола или без подјеле по полу,"КВ квалифицирани радници у пољопривреди, шумарству и рибарству",6.93
2010,Просјечна зарада по сату запослених према сполу и занимању (национална валута),CUR_NAC,Оба пола или без подјеле по полу,Занатски и сродни радници,3.62
2011,Просјечна зарада по сату запослених према сполу и занимању (национална валута),CUR_NAC,Оба пола или без подјеле по полу,Занатски и сродни радници,3.68
2012,Просјечна зарада по сату запослених према сполу и занимању (национална валута),CUR_NAC,Оба пола или без подјеле по полу,Занатски и сродни радници,4.08
2013,Просјечна зарада по сату запослених према сполу и занимању (национална валута),CUR_NAC,Оба пола или без подјеле по полу,Занатски и сродни радници,3.81
2014,Просјечна зарада по сату запослених према сполу и занимању (национална валута),CUR_NAC,Оба пола или без подјеле по полу,Занатски и сродни радници,3.92
2015,Просјечна зарада по сату запослених према сполу и занимању (национална валута),CUR_NAC,Оба пола или без подјеле по полу,Занатски и сродни радници,3.75
2016,Просјечна зарада по сату запослених према сполу и занимању (национална валута),CUR_NAC,Оба пола или без подјеле по полу,Занатски и сродни радници,4.02
2020,Просјечна зарада по сату запослених према сполу и занимању (национална валута),CUR_NAC,Оба пола или без подјеле по полу,Занатски и сродни радници,10.88
2010,Просјечна зарада по сату запослених према сполу и занимању (национална валута),CUR_NAC,Оба пола или без подјеле по полу,"Оператери постројења и стројева, те монтери",3.65
2011,Просјечна зарада по сату запослених према сполу и занимању (национална валута),CUR_NAC,Оба пола или без подјеле по полу,"Оператери постројења и стројева, те монтери",3.7
2012,Просјечна зарада по сату запослених према сполу и занимању (национална валута),CUR_NAC,Оба пола или без подјеле по полу,"Оператери постројења и стројева, те монтери",3.64
2013,Просјечна зарада по сату запослених према сполу и занимању (национална валута),CUR_NAC,Оба пола или без подјеле по полу,"Оператери постројења и стројева, те монтери",3.58
2014,Просјечна зарада по сату запослених према сполу и занимању (национална валута),CUR_NAC,Оба пола или без подјеле по полу,"Оператери постројења и стројева, те монтери",3.61
2015,Просјечна зарада по сату запослених према сполу и занимању (национална валута),CUR_NAC,Оба пола или без подјеле по полу,"Оператери постројења и стројева, те монтери",3.89
2016,Просјечна зарада по сату запослених према сполу и занимању (национална валута),CUR_NAC,Оба пола или без подјеле по полу,"Оператери постројења и стројева, те монтери",3.69
2020,Просјечна зарада по сату запослених према сполу и занимању (национална валута),CUR_NAC,Оба пола или без подјеле по полу,"Оператери постројења и стројева, те монтери",8.45
2010,Просјечна зарада по сату запослених према сполу и занимању (национална валута),CUR_NAC,Оба пола или без подјеле по полу,Основна занимања,3.01
2011,Просјечна зарада по сату запослених према сполу и занимању (национална валута),CUR_NAC,Оба пола или без подјеле по полу,Основна занимања,3.63
2012,Просјечна зарада по сату запослених према сполу и занимању (национална валута),CUR_NAC,Оба пола или без подјеле по полу,Основна занимања,3.15
2013,Просјечна зарада по сату запослених према сполу и занимању (национална валута),CUR_NAC,Оба пола или без подјеле по полу,Основна занимања,3.81
2014,Просјечна зарада по сату запослених према сполу и занимању (национална валута),CUR_NAC,Оба пола или без подјеле по полу,Основна занимања,3.19
2015,Просјечна зарада по сату запослених према сполу и занимању (национална валута),CUR_NAC,Оба пола или без подјеле по полу,Основна занимања,4.25
2016,Просјечна зарада по сату запослених према сполу и занимању (национална валута),CUR_NAC,Оба пола или без подјеле по полу,Основна занимања,3.42
2020,Просјечна зарада по сату запослених према сполу и занимању (национална валута),CUR_NAC,Оба пола или без подјеле по полу,Основна занимања,6.05
2010,Просјечна зарада по сату запослених према сполу и занимању (национална валута),CUR_NAC,Жене,Сва занимања,3.96
2011,Просјечна зарада по сату запослених према сполу и занимању (национална валута),CUR_NAC,Жене,Сва занимања,4.99
2012,Просјечна зарада по сату запослених према сполу и занимању (национална валута),CUR_NAC,Жене,Сва занимања,4.26
2013,Просјечна зарада по сату запослених према сполу и занимању (национална валута),CUR_NAC,Жене,Сва занимања,4.22
2014,Просјечна зарада по сату запослених према сполу и занимању (национална валута),CUR_NAC,Жене,Сва занимања,4.05
2015,Просјечна зарада по сату запослених према сполу и занимању (национална валута),CUR_NAC,Жене,Сва занимања,4.61
2016,Просјечна зарада по сату запослених према сполу и занимању (национална валута),CUR_NAC,Жене,Сва занимања,4.01
2020,Просјечна зарада по сату запослених према сполу и занимању (национална валута),CUR_NAC,Жене,Сва занимања,7.3
2020,Просјечна зарада по сату запослених према сполу и занимању (национална валута),CUR_NAC,Жене,Занимања оружаних снага,11.1
2010,Просјечна зарада по сату запослених према сполу и занимању (национална валута),CUR_NAC,Жене,Менаџери,4.66
2011,Просјечна зарада по сату запослених према сполу и занимању (национална валута),CUR_NAC,Жене,Менаџери,5.87
2012,Просјечна зарада по сату запослених према сполу и занимању (национална валута),CUR_NAC,Жене,Менаџери,7.07
2013,Просјечна зарада по сату запослених према сполу и занимању (национална валута),CUR_NAC,Жене,Менаџери,6.58
2014,Просјечна зарада по сату запослених према сполу и занимању (национална валута),CUR_NAC,Жене,Менаџери,7.33
2015,Просјечна зарада по сату запослених према сполу и занимању (национална валута),CUR_NAC,Жене,Менаџери,7.58
2016,Просјечна зарада по сату запослених према сполу и занимању (национална валута),CUR_NAC,Жене,Менаџери,6.94
2020,Просјечна зарада по сату запослених према сполу и занимању (национална валута),CUR_NAC,Жене,Менаџери,10.44
2010,Просјечна зарада по сату запослених према сполу и занимању (национална валута),CUR_NAC,Жене,Професионалци,6.44
2011,Просјечна зарада по сату запослених према сполу и занимању (национална валута),CUR_NAC,Жене,Професионалци,7.02
2012,Просјечна зарада по сату запослених према сполу и занимању (национална валута),CUR_NAC,Жене,Професионалци,8.0
2013,Просјечна зарада по сату запослених према сполу и занимању (национална валута),CUR_NAC,Жене,Професионалци,5.82
2014,Просјечна зарада по сату запослених према сполу и занимању (национална валута),CUR_NAC,Жене,Професионалци,5.93
2015,Просјечна зарада по сату запослених према сполу и занимању (национална валута),CUR_NAC,Жене,Професионалци,7.18
2016,Просјечна зарада по сату запослених према сполу и занимању (национална валута),CUR_NAC,Жене,Професионалци,5.46
2020,Просјечна зарада по сату запослених према сполу и занимању (национална валута),CUR_NAC,Жене,Професионалци,10.61
2010,Просјечна зарада по сату запослених према сполу и занимању (национална валута),CUR_NAC,Жене,Техничари и придружени професионалци,4.78
2011,Просјечна зарада по сату запослених према сполу и занимању (национална валута),CUR_NAC,Жене,Техничари и придружени професионалци,4.08
2012,Просјечна зарада по сату запослених према сполу и занимању (национална валута),CUR_NAC,Жене,Техничари и придружени професионалци,4.28
2013,Просјечна зарада по сату запослених према сполу и занимању (национална валута),CUR_NAC,Жене,Техничари и придружени професионалци,4.83
2014,Просјечна зарада по сату запослених према сполу и занимању (национална валута),CUR_NAC,Жене,Техничари и придружени професионалци,4.26
2015,Просјечна зарада по сату запослених према сполу и занимању (национална валута),CUR_NAC,Жене,Техничари и придружени професионалци,4.45
2016,Просјечна зарада по сату запослених према сполу и занимању (национална валута),CUR_NAC,Жене,Техничари и придружени професионалци,4.27
2020,Просјечна зарада по сату запослених према сполу и занимању (национална валута),CUR_NAC,Жене,Техничари и придружени професионалци,8.2
2010,Просјечна зарада по сату запослених према сполу и занимању (национална валута),CUR_NAC,Жене,Службеници хитне помоћи,3.62
2011,Просјечна зарада по сату запослених према сполу и занимању (национална валута),CUR_NAC,Жене,Службеници хитне помоћи,9.0
2012,Просјечна зарада по сату запослених према сполу и занимању (национална валута),CUR_NAC,Жене,Службеници хитне помоћи,4.13
2013,Просјечна зарада по сату запослених према сполу и занимању (национална валута),CUR_NAC,Жене,Службеници хитне помоћи,4.05
2014,Просјечна зарада по сату запослених према сполу и занимању (национална валута),CUR_NAC,Жене,Службеници хитне помоћи,4.87
2015,Просјечна зарада по сату запослених према сполу и занимању (национална валута),CUR_NAC,Жене,Службеници хитне помоћи,4.28
2016,Просјечна зарада по сату запослених према сполу и занимању (национална валута),CUR_NAC,Жене,Службеници хитне помоћи,5.14
2020,Просјечна зарада по сату запослених према сполу и занимању (национална валута),CUR_NAC,Жене,Службеници хитне помоћи,8.24
2010,Просјечна зарада по сату запослених према сполу и занимању (национална валута),CUR_NAC,Жене,Услужни и продајни радници,2.62
2011,Просјечна зарада по сату запослених према сполу и занимању (национална валута),CUR_NAC,Жене,Услужни и продајни радници,2.99
2012,Просјечна зарада по сату запослених према сполу и занимању (национална валута),CUR_NAC,Жене,Услужни и продајни радници,2.62
2013,Просјечна зарада по сату запослених према сполу и занимању (национална валута),CUR_NAC,Жене,Услужни и продајни радници,2.93
2014,Просјечна зарада по сату запослених према сполу и занимању (национална валута),CUR_NAC,Жене,Услужни и продајни радници,2.79
2015,Просјечна зарада по сату запослених према сполу и занимању (национална валута),CUR_NAC,Жене,Услужни и продајни радници,3.05
2016,Просјечна зарада по сату запослених према сполу и занимању (национална валута),CUR_NAC,Жене,Услужни и продајни радници,3.04
2020,Просјечна зарада по сату запослених према сполу и занимању (национална валута),CUR_NAC,Жене,Услужни и продајни радници,4.93
2011,Просјечна зарада по сату запослених према сполу и занимању (национална валута),CUR_NAC,Жене,"КВ квалифицирани радници у пољопривреди, шумарству и рибарству",2.3
2012,Просјечна зарада по сату запослених према сполу и занимању (национална валута),CUR_NAC,Жене,"КВ квалифицирани радници у пољопривреди, шумарству и рибарству",2.75
2020,Просјечна зарада по сату запослених према сполу и занимању (национална валута),CUR_NAC,Жене,"КВ квалифицирани радници у пољопривреди, шумарству и рибарству",5.57
2010,Просјечна зарада по сату запослених према сполу и занимању (национална валута),CUR_NAC,Жене,Занатски и сродни радници,2.26
2011,Просјечна зарада по сату запослених према сполу и занимању (национална валута),CUR_NAC,Жене,Занатски и сродни радници,2.34
2012,Просјечна зарада по сату запослених према сполу и занимању (национална валута),CUR_NAC,Жене,Занатски и сродни радници,2.44
2013,Просјечна зарада по сату запослених према сполу и занимању (национална валута),CUR_NAC,Жене,Занатски и сродни радници,3.18
2014,Просјечна зарада по сату запослених према сполу и занимању (национална валута),CUR_NAC,Жене,Занатски и сродни радници,2.73
2015,Просјечна зарада по сату запослених према сполу и занимању (национална валута),CUR_NAC,Жене,Занатски и сродни радници,2.36
2016,Просјечна зарада по сату запослених према сполу и занимању (национална валута),CUR_NAC,Жене,Занатски и сродни радници,3.01
2020,Просјечна зарада по сату запослених према сполу и занимању (национална валута),CUR_NAC,Жене,Занатски и сродни радници,6.35
2010,Просјечна зарада по сату запослених према сполу и занимању (национална валута),CUR_NAC,Жене,"Оператери постројења и стројева, те монтери",2.39
2011,Просјечна зарада по сату запослених према сполу и занимању (национална валута),CUR_NAC,Жене,"Оператери постројења и стројева, те монтери",2.84
2012,Просјечна зарада по сату запослених према сполу и занимању (национална валута),CUR_NAC,Жене,"Оператери постројења и стројева, те монтери",2.53
2013,Просјечна зарада по сату запослених према сполу и занимању (национална валута),CUR_NAC,Жене,"Оператери постројења и стројева, те монтери",2.21
2014,Просјечна зарада по сату запослених према сполу и занимању (национална валута),CUR_NAC,Жене,"Оператери постројења и стројева, те монтери",2.44
2015,Просјечна зарада по сату запослених према сполу и занимању (национална валута),CUR_NAC,Жене,"Оператери постројења и стројева, те монтери",2.92
2016,Просјечна зарада по сату запослених према сполу и занимању (национална валута),CUR_NAC,Жене,"Оператери постројења и стројева, те монтери",3.19
2020,Просјечна зарада по сату запослених према сполу и занимању (национална валута),CUR_NAC,Жене,"Оператери постројења и стројева, те монтери",4.61
2010,Просјечна зарада по сату запослених према сполу и занимању (национална валута),CUR_NAC,Жене,Основна занимања,2.8
2011,Просјечна зарада по сату запослених према сполу и занимању (национална валута),CUR_NAC,Жене,Основна занимања,2.63
2012,Просјечна зарада по сату запослених према сполу и занимању (национална валута),CUR_NAC,Жене,Основна занимања,2.94
2013,Просјечна зарада по сату запослених према сполу и занимању (национална валута),CUR_NAC,Жене,Основна занимања,4.23
2014,Просјечна зарада по сату запослених према сполу и занимању (национална валута),CUR_NAC,Жене,Основна занимања,2.83
2015,Просјечна зарада по сату запослених према сполу и занимању (национална валута),CUR_NAC,Жене,Основна занимања,5.34
2016,Просјечна зарада по сату запослених према сполу и занимању (национална валута),CUR_NAC,Жене,Основна занимања,2.91
2020,Просјечна зарада по сату запослених према сполу и занимању (национална валута),CUR_NAC,Жене,Основна занимања,5.11
2010,SL_EMP_AEARN,CUR_NAC,Мушкарци,Сва занимања,4.0
2011,SL_EMP_AEARN,CUR_NAC,Мушкарци,Сва занимања,4.1
2012,SL_EMP_AEARN,CUR_NAC,Мушкарци,Сва занимања,4.0
2013,SL_EMP_AEARN,CUR_NAC,Мушкарци,Сва занимања,4.1
2014,SL_EMP_AEARN,CUR_NAC,Мушкарци,Сва занимања,4.3
2015,SL_EMP_AEARN,CUR_NAC,Мушкарци,Сва занимања,4.2
2016,SL_EMP_AEARN,CUR_NAC,Мушкарци,Сва занимања,4.3
2017,SL_EMP_AEARN,CUR_NAC,Мушкарци,Сва занимања,4.4
2018,SL_EMP_AEARN,CUR_NAC,Мушкарци,Сва занимања,4.4
2019,SL_EMP_AEARN,CUR_NAC,Мушкарци,Сва занимања,4.8
2010,SL_EMP_AEARN,CUR_NAC,Мушкарци,Занимања оружаних снага,5.0
2011,SL_EMP_AEARN,CUR_NAC,Мушкарци,Занимања оружаних снага,5.1
2012,SL_EMP_AEARN,CUR_NAC,Мушкарци,Занимања оружаних снага,4.7
2013,SL_EMP_AEARN,CUR_NAC,Мушкарци,Занимања оружаних снага,4.7
2014,SL_EMP_AEARN,CUR_NAC,Мушкарци,Занимања оружаних снага,5.4
2015,SL_EMP_AEARN,CUR_NAC,Мушкарци,Занимања оружаних снага,4.6
2016,SL_EMP_AEARN,CUR_NAC,Мушкарци,Занимања оружаних снага,5.4
2017,SL_EMP_AEARN,CUR_NAC,Мушкарци,Занимања оружаних снага,5.0
2018,SL_EMP_AEARN,CUR_NAC,Мушкарци,Занимања оружаних снага,5.7
2019,SL_EMP_AEARN,CUR_NAC,Мушкарци,Занимања оружаних снага,5.3
2010,SL_EMP_AEARN,CUR_NAC,Мушкарци,Менаџери,6.9
2011,SL_EMP_AEARN,CUR_NAC,Мушкарци,Менаџери,7.1
2012,SL_EMP_AEARN,CUR_NAC,Мушкарци,Менаџери,6.8
2013,SL_EMP_AEARN,CUR_NAC,Мушкарци,Менаџери,7.8
2014,SL_EMP_AEARN,CUR_NAC,Мушкарци,Менаџери,7.3
2015,SL_EMP_AEARN,CUR_NAC,Мушкарци,Менаџери,7.7
2016,SL_EMP_AEARN,CUR_NAC,Мушкарци,Менаџери,7.7
2017,SL_EMP_AEARN,CUR_NAC,Мушкарци,Менаџери,6.8
2018,SL_EMP_AEARN,CUR_NAC,Мушкарци,Менаџери,6.9
2019,SL_EMP_AEARN,CUR_NAC,Мушкарци,Менаџери,8.9
2010,SL_EMP_AEARN,CUR_NAC,Мушкарци,Професионалци,6.5
2011,SL_EMP_AEARN,CUR_NAC,Мушкарци,Професионалци,6.2
2012,SL_EMP_AEARN,CUR_NAC,Мушкарци,Професионалци,5.9
2013,SL_EMP_AEARN,CUR_NAC,Мушкарци,Професионалци,6.6
2014,SL_EMP_AEARN,CUR_NAC,Мушкарци,Професионалци,6.6
2015,SL_EMP_AEARN,CUR_NAC,Мушкарци,Професионалци,6.7
2016,SL_EMP_AEARN,CUR_NAC,Мушкарци,Професионалци,6.5
2017,SL_EMP_AEARN,CUR_NAC,Мушкарци,Професионалци,6.4
2018,SL_EMP_AEARN,CUR_NAC,Мушкарци,Професионалци,6.5
2019,SL_EMP_AEARN,CUR_NAC,Мушкарци,Професионалци,7.1
2010,SL_EMP_AEARN,CUR_NAC,Мушкарци,Техничари и придружени професионалци,4.4
2011,SL_EMP_AEARN,CUR_NAC,Мушкарци,Техничари и придружени професионалци,4.5
2012,SL_EMP_AEARN,CUR_NAC,Мушкарци,Техничари и придружени професионалци,4.6
2013,SL_EMP_AEARN,CUR_NAC,Мушкарци,Техничари и придружени професионалци,4.8
2014,SL_EMP_AEARN,CUR_NAC,Мушкарци,Техничари и придружени професионалци,4.9
2015,SL_EMP_AEARN,CUR_NAC,Мушкарци,Техничари и придружени професионалци,4.8
2016,SL_EMP_AEARN,CUR_NAC,Мушкарци,Техничари и придружени професионалци,4.6
2017,SL_EMP_AEARN,CUR_NAC,Мушкарци,Техничари и придружени професионалци,4.8
2018,SL_EMP_AEARN,CUR_NAC,Мушкарци,Техничари и придружени професионалци,5.0
2019,SL_EMP_AEARN,CUR_NAC,Мушкарци,Техничари и придружени професионалци,5.3
2010,SL_EMP_AEARN,CUR_NAC,Мушкарци,Службеници хитне помоћи,3.7
2011,SL_EMP_AEARN,CUR_NAC,Мушкарци,Службеници хитне помоћи,3.4
2012,SL_EMP_AEARN,CUR_NAC,Мушкарци,Службеници хитне помоћи,4.1
2013,SL_EMP_AEARN,CUR_NAC,Мушкарци,Службеници хитне помоћи,4.2
2014,SL_EMP_AEARN,CUR_NAC,Мушкарци,Службеници хитне помоћи,4.5
2015,SL_EMP_AEARN,CUR_NAC,Мушкарци,Службеници хитне помоћи,4.2
2016,SL_EMP_AEARN,CUR_NAC,Мушкарци,Службеници хитне помоћи,4.6
2017,SL_EMP_AEARN,CUR_NAC,Мушкарци,Службеници хитне помоћи,4.4
2018,SL_EMP_AEARN,CUR_NAC,Мушкарци,Службеници хитне помоћи,4.7
2019,SL_EMP_AEARN,CUR_NAC,Мушкарци,Службеници хитне помоћи,5.1
2010,SL_EMP_AEARN,CUR_NAC,Жене,Услужни и продајни радници,3.3
2011,SL_EMP_AEARN,CUR_NAC,Жене,Услужни и продајни радници,3.5
2012,SL_EMP_AEARN,CUR_NAC,Жене,Услужни и продајни радници,3.2
2013,SL_EMP_AEARN,CUR_NAC,Жене,Услужни и продајни радници,3.4
2014,SL_EMP_AEARN,CUR_NAC,Жене,Услужни и продајни радници,3.6
2015,SL_EMP_AEARN,CUR_NAC,Жене,Услужни и продајни радници,3.5
2016,SL_EMP_AEARN,CUR_NAC,Жене,Услужни и продајни радници,3.7
2017,SL_EMP_AEARN,CUR_NAC,Жене,Услужни и продајни радници,3.7
2018,SL_EMP_AEARN,CUR_NAC,Жене,Услужни и продајни радници,3.8
2019,SL_EMP_AEARN,CUR_NAC,Жене,Услужни и продајни радници,4.2
2010,SL_EMP_AEARN,CUR_NAC,Мушкарци,"КВ квалифицирани радници у пољопривреди, шумарству и рибарству",3.3
2011,SL_EMP_AEARN,CUR_NAC,Мушкарци,"КВ квалифицирани радници у пољопривреди, шумарству и рибарству",3.3
2012,SL_EMP_AEARN,CUR_NAC,Мушкарци,"КВ квалифицирани радници у пољопривреди, шумарству и рибарству",3.4
2013,SL_EMP_AEARN,CUR_NAC,Мушкарци,"КВ квалифицирани радници у пољопривреди, шумарству и рибарству",3.3
2014,SL_EMP_AEARN,CUR_NAC,Мушкарци,"КВ квалифицирани радници у пољопривреди, шумарству и рибарству",3.5
2015,SL_EMP_AEARN,CUR_NAC,Мушкарци,"КВ квалифицирани радници у пољопривреди, шумарству и рибарству",3.1
2016,SL_EMP_AEARN,CUR_NAC,Мушкарци,"КВ квалифицирани радници у пољопривреди, шумарству и рибарству",4.3
2017,SL_EMP_AEARN,CUR_NAC,Мушкарци,"КВ квалифицирани радници у пољопривреди, шумарству и рибарству",3.3
2018,SL_EMP_AEARN,CUR_NAC,Мушкарци,"КВ квалифицирани радници у пољопривреди, шумарству и рибарству",3.4
2019,SL_EMP_AEARN,CUR_NAC,Мушкарци,"КВ квалифицирани радници у пољопривреди, шумарству и рибарству",4.9
2010,SL_EMP_AEARN,CUR_NAC,Мушкарци,Занатски и сродни радници,3.7
2011,SL_EMP_AEARN,CUR_NAC,Мушкарци,Занатски и сродни радници,3.6
2012,SL_EMP_AEARN,CUR_NAC,Мушкарци,Занатски и сродни радници,3.7
2013,SL_EMP_AEARN,CUR_NAC,Мушкарци,Занатски и сродни радници,3.7
2014,SL_EMP_AEARN,CUR_NAC,Мушкарци,Занатски и сродни радници,4.1
2015,SL_EMP_AEARN,CUR_NAC,Мушкарци,Занатски и сродни радници,3.8
2016,SL_EMP_AEARN,CUR_NAC,Мушкарци,Занатски и сродни радници,4.0
2017,SL_EMP_AEARN,CUR_NAC,Мушкарци,Занатски и сродни радници,4.2
2018,SL_EMP_AEARN,CUR_NAC,Мушкарци,Занатски и сродни радници,4.3
2019,SL_EMP_AEARN,CUR_NAC,Мушкарци,Занатски и сродни радници,4.5
2010,SL_EMP_AEARN,CUR_NAC,Мушкарци,"Оператери постројења и стројева, те монтери",3.7
2011,SL_EMP_AEARN,CUR_NAC,Мушкарци,"Оператери постројења и стројева, те монтери",3.6
2012,SL_EMP_AEARN,CUR_NAC,Мушкарци,"Оператери постројења и стројева, те монтери",3.7
2013,SL_EMP_AEARN,CUR_NAC,Мушкарци,"Оператери постројења и стројева, те монтери",3.7
2014,SL_EMP_AEARN,CUR_NAC,Мушкарци,"Оператери постројења и стројева, те монтери",3.7
2015,SL_EMP_AEARN,CUR_NAC,Мушкарци,"Оператери постројења и стројева, те монтери",3.9
2016,SL_EMP_AEARN,CUR_NAC,Мушкарци,"Оператери постројења и стројева, те монтери",3.7
2017,SL_EMP_AEARN,CUR_NAC,Мушкарци,"Оператери постројења и стројева, те монтери",4.2
2018,SL_EMP_AEARN,CUR_NAC,Мушкарци,"Оператери постројења и стројева, те монтери",4.1
2019,SL_EMP_AEARN,CUR_NAC,Мушкарци,"Оператери постројења и стројева, те монтери",4.4
2010,SL_EMP_AEARN,CUR_NAC,Мушкарци,Основна занимања,3.1
2011,SL_EMP_AEARN,CUR_NAC,Мушкарци,Основна занимања,3.3
2012,SL_EMP_AEARN,CUR_NAC,Мушкарци,Основна занимања,3.2
2013,SL_EMP_AEARN,CUR_NAC,Мушкарци,Основна занимања,3.2
2014,SL_EMP_AEARN,CUR_NAC,Мушкарци,Основна занимања,3.4
2015,SL_EMP_AEARN,CUR_NAC,Мушкарци,Основна занимања,3.2
2016,SL_EMP_AEARN,CUR_NAC,Мушкарци,Основна занимања,3.6
2017,SL_EMP_AEARN,CUR_NAC,Мушкарци,Основна занимања,3.2
2018,SL_EMP_AEARN,CUR_NAC,Мушкарци,Основна занимања,3.3
2019,SL_EMP_AEARN,CUR_NAC,Мушкарци,Основна занимања,3.9
