Year,SERIES,UNIT_MEASURE,Value
2019,"Постојање развијене и операционализоване националне стратегије за запошљавање младих, као посебне стратегије или као дио националне стратегије запошљавања",Резултат,0
2020,"Постојање развијене и операционализоване националне стратегије за запошљавање младих, као посебне стратегије или као дио националне стратегије запошљавања",Резултат,0
2021,"Постојање развијене и операционализоване националне стратегије за запошљавање младих, као посебне стратегије или као дио националне стратегије запошљавања",Резултат,1
2022,"Постојање развијене и операционализоване националне стратегије за запошљавање младих, као посебне стратегије или као дио националне стратегије запошљавања",Резултат,2
