Year,SERIES,UNIT_MEASURE,Привредна активност,Value
2006,Запосленост у прерађивачкој индустрији као удио укупне запослености - 13. ICLS (%),PT,Производња,17.0
2007,Запосленост у прерађивачкој индустрији као удио укупне запослености - 13. ICLS (%),PT,Производња,17.9
2008,Запосленост у прерађивачкој индустрији као удио укупне запослености - 13. ICLS (%),PT,Производња,16.6
2009,Запосленост у прерађивачкој индустрији као удио укупне запослености - 13. ICLS (%),PT,Производња,16.4
2010,Запосленост у прерађивачкој индустрији као удио укупне запослености - 13. ICLS (%),PT,Производња,16.8
2011,Запосленост у прерађивачкој индустрији као удио укупне запослености - 13. ICLS (%),PT,Производња,16.0
2012,Запосленост у прерађивачкој индустрији као удио укупне запослености - 13. ICLS (%),PT,Производња,15.5
2013,Запосленост у прерађивачкој индустрији као удио укупне запослености - 13. ICLS (%),PT,Производња,16.0
2014,Запосленост у прерађивачкој индустрији као удио укупне запослености - 13. ICLS (%),PT,Производња,16.1
2015,Запосленост у прерађивачкој индустрији као удио укупне запослености - 13. ICLS (%),PT,Производња,16.1
2016,Запосленост у прерађивачкој индустрији као удио укупне запослености - 13. ICLS (%),PT,Производња,17.3
2017,Запосленост у прерађивачкој индустрији као удио укупне запослености - 13. ICLS (%),PT,Производња,16.5
2018,Запосленост у прерађивачкој индустрији као удио укупне запослености - 13. ICLS (%),PT,Производња,17.7
2019,Запосленост у прерађивачкој индустрији као удио укупне запослености - 13. ICLS (%),PT,Производња,18.6
2020,Запосленост у прерађивачкој индустрији као удио укупне запослености - 13. ICLS (%),PT,Производња,18.9
2021,Запосленост у прерађивачкој индустрији као удио укупне запослености - 13. ICLS (%),PT,Производња,17.3
2021,Запосленост у прерађивачкој индустрији као удио укупне запослености - 19. ICLS (%),PT,Производња,18.99
