Year,SERIES,UNIT_MEASURE,Value
2015,Удио малих индустрија у укупној додатој вриједности индустрије,Проценат,15.22
2016,Удио малих индустрија у укупној додатој вриједности индустрије,Проценат,15.07
2017,Удио малих индустрија у укупној додатој вриједности индустрије,Проценат,11.79
2018,Удио малих индустрија у укупној додатој вриједности индустрије,Проценат,11.39
2019,Удио малих индустрија у укупној додатој вриједности индустрије,Проценат,11.13
2020,Удио малих индустрија у укупној додатој вриједности индустрије,Проценат,11.57
