Year,SERIES,UNIT_MEASURE,Value
2003,Истраживачи (у еквиваленту пуног радног времена) на милион становника,На милион становника,61.59419
2004,Истраживачи (у еквиваленту пуног радног времена) на милион становника,На милион становника,63.42766
2005,Истраживачи (у еквиваленту пуног радног времена) на милион становника,На милион становника,67.1423
2006,Истраживачи (у еквиваленту пуног радног времена) на милион становника,На милион становника,178.23305
2007,Истраживачи (у еквиваленту пуног радног времена) на милион становника,На милион становника,198.03677
2012,Истраживачи (у еквиваленту пуног радног времена) на милион становника,На милион становника,160.13994
2013,Истраживачи (у еквиваленту пуног радног времена) на милион становника,На милион становника,233.86738
2014,Истраживачи (у еквиваленту пуног радног времена) на милион становника,На милион становника,292.38061
2015,Истраживачи (у еквиваленту пуног радног времена) на милион становника,На милион становника,365.22839
2016,Истраживачи (у еквиваленту пуног радног времена) на милион становника,На милион становника,419.99063
2017,Истраживачи (у еквиваленту пуног радног времена) на милион становника,На милион становника,485.42082
2018,Истраживачи (у еквиваленту пуног радног времена) на милион становника,На милион становника,471.2501
