Year,UNIT_MEASURE,Тип,Value
a)2019 Q1,Тоне,Превезено тона робе,442
b)2019 Q2,Тоне,Превезено тона робе,514
c)2019 Q3,Тоне,Превезено тона робе,737
d)2019 Q4,Тоне,Превезено тона робе,542
e)2020 Q1,Тоне,Превезено тона робе,423
f)2020 Q2,Тоне,Превезено тона робе,566
g)2020 Q3,Тоне,Превезено тона робе,963
h)2020 Q4,Тоне,Превезено тона робе,463
