Year,UNIT_MEASURE,Тип,Value
a)2019 Q1,TONNES_T,Превезено тона робе,2149
b)2019 Q2,TONNES_T,Превезено тона робе,2210
c)2019 Q3,TONNES_T,Превезено тона робе,2532
d)2019 Q4,TONNES_T,Превезено тона робе,2336
e)2020 Q1,TONNES_T,Превезено тона робе,1973
f)2020 Q2,TONNES_T,Превезено тона робе,2007
g)2020 Q3,TONNES_T,Превезено тона робе,2310
h)2020 Q4,TONNES_T,Превезено тона робе,2232
