Year,SERIES,UNIT_MEASURE,PRODUCT,Value
2000,EN_MAT_DOMCMPC,TONNES,ALP,6.66751
2001,EN_MAT_DOMCMPC,TONNES,ALP,6.91586
2002,EN_MAT_DOMCMPC,TONNES,ALP,7.31228
2003,EN_MAT_DOMCMPC,TONNES,ALP,8.69966
2004,EN_MAT_DOMCMPC,TONNES,ALP,9.28786
2005,EN_MAT_DOMCMPC,TONNES,ALP,9.80739
2006,EN_MAT_DOMCMPC,TONNES,ALP,10.78876
2007,EN_MAT_DOMCMPC,TONNES,ALP,10.89829
2008,EN_MAT_DOMCMPC,TONNES,ALP,12.12867
2009,EN_MAT_DOMCMPC,TONNES,ALP,11.40177
2010,EN_MAT_DOMCMPC,TONNES,ALP,11.12588
2011,EN_MAT_DOMCMPC,TONNES,ALP,11.71399
2012,EN_MAT_DOMCMPC,TONNES,ALP,12.08488
2013,EN_MAT_DOMCMPC,TONNES,ALP,11.4451
2014,EN_MAT_DOMCMPC,TONNES,ALP,11.17667
2015,EN_MAT_DOMCMPC,TONNES,ALP,12.47721
2016,EN_MAT_DOMCMPC,TONNES,ALP,13.67454
2017,EN_MAT_DOMCMPC,TONNES,ALP,12.8607
2018,EN_MAT_DOMCMPC,TONNES,ALP,14.19415
2019,EN_MAT_DOMCMPC,TONNES,ALP,14.46275
2000,EN_MAT_DOMCMPC,TONNES,BIM,2.5325
2001,EN_MAT_DOMCMPC,TONNES,BIM,2.69833
2002,EN_MAT_DOMCMPC,TONNES,BIM,2.73528
2003,EN_MAT_DOMCMPC,TONNES,BIM,2.31352
2004,EN_MAT_DOMCMPC,TONNES,BIM,2.83925
2005,EN_MAT_DOMCMPC,TONNES,BIM,2.8148
2006,EN_MAT_DOMCMPC,TONNES,BIM,2.90239
2007,EN_MAT_DOMCMPC,TONNES,BIM,2.51972
2008,EN_MAT_DOMCMPC,TONNES,BIM,2.80323
2009,EN_MAT_DOMCMPC,TONNES,BIM,2.70012
2010,EN_MAT_DOMCMPC,TONNES,BIM,2.59111
2011,EN_MAT_DOMCMPC,TONNES,BIM,2.59921
2012,EN_MAT_DOMCMPC,TONNES,BIM,2.3632
2013,EN_MAT_DOMCMPC,TONNES,BIM,2.70089
2014,EN_MAT_DOMCMPC,TONNES,BIM,2.55069
2015,EN_MAT_DOMCMPC,TONNES,BIM,2.79108
2016,EN_MAT_DOMCMPC,TONNES,BIM,3.26414
2017,EN_MAT_DOMCMPC,TONNES,BIM,2.78267
2018,EN_MAT_DOMCMPC,TONNES,BIM,3.39949
2019,EN_MAT_DOMCMPC,TONNES,BIM,3.51815
2000,EN_MAT_DOMCMPC,TONNES,COL,1.96685
2001,EN_MAT_DOMCMPC,TONNES,COL,1.99573
2002,EN_MAT_DOMCMPC,TONNES,COL,2.06789
2003,EN_MAT_DOMCMPC,TONNES,COL,2.24046
2004,EN_MAT_DOMCMPC,TONNES,COL,2.32347
2005,EN_MAT_DOMCMPC,TONNES,COL,2.49965
2006,EN_MAT_DOMCMPC,TONNES,COL,2.72931
2007,EN_MAT_DOMCMPC,TONNES,COL,2.68365
2008,EN_MAT_DOMCMPC,TONNES,COL,3.08796
2009,EN_MAT_DOMCMPC,TONNES,COL,3.24336
2010,EN_MAT_DOMCMPC,TONNES,COL,3.20714
2011,EN_MAT_DOMCMPC,TONNES,COL,3.70264
2012,EN_MAT_DOMCMPC,TONNES,COL,3.53956
2013,EN_MAT_DOMCMPC,TONNES,COL,3.54909
2014,EN_MAT_DOMCMPC,TONNES,COL,3.63228
2015,EN_MAT_DOMCMPC,TONNES,COL,3.84736
2016,EN_MAT_DOMCMPC,TONNES,COL,4.35102
2017,EN_MAT_DOMCMPC,TONNES,COL,4.55235
2018,EN_MAT_DOMCMPC,TONNES,COL,4.75971
2019,EN_MAT_DOMCMPC,TONNES,COL,5.05564
2000,EN_MAT_DOMCMPC,TONNES,CPR,0.33995
2001,EN_MAT_DOMCMPC,TONNES,CPR,0.43442
2002,EN_MAT_DOMCMPC,TONNES,CPR,0.49739
2003,EN_MAT_DOMCMPC,TONNES,CPR,0.30594
2004,EN_MAT_DOMCMPC,TONNES,CPR,0.54609
2005,EN_MAT_DOMCMPC,TONNES,CPR,0.52252
2006,EN_MAT_DOMCMPC,TONNES,CPR,0.51706
2007,EN_MAT_DOMCMPC,TONNES,CPR,0.38303
2008,EN_MAT_DOMCMPC,TONNES,CPR,0.52794
2009,EN_MAT_DOMCMPC,TONNES,CPR,0.53095
2010,EN_MAT_DOMCMPC,TONNES,CPR,0.43655
2011,EN_MAT_DOMCMPC,TONNES,CPR,0.44098
2012,EN_MAT_DOMCMPC,TONNES,CPR,0.35425
2013,EN_MAT_DOMCMPC,TONNES,CPR,0.48951
2014,EN_MAT_DOMCMPC,TONNES,CPR,0.44769
2015,EN_MAT_DOMCMPC,TONNES,CPR,0.47583
2016,EN_MAT_DOMCMPC,TONNES,CPR,0.69881
2017,EN_MAT_DOMCMPC,TONNES,CPR,0.49026
2018,EN_MAT_DOMCMPC,TONNES,CPR,0.75175
2019,EN_MAT_DOMCMPC,TONNES,CPR,0.75922
2000,EN_MAT_DOMCMPC,TONNES,CRO,0.82726
2001,EN_MAT_DOMCMPC,TONNES,CRO,1.00305
2002,EN_MAT_DOMCMPC,TONNES,CRO,0.94311
2003,EN_MAT_DOMCMPC,TONNES,CRO,0.70471
2004,EN_MAT_DOMCMPC,TONNES,CRO,1.16369
2005,EN_MAT_DOMCMPC,TONNES,CRO,1.13542
2006,EN_MAT_DOMCMPC,TONNES,CRO,1.09678
2007,EN_MAT_DOMCMPC,TONNES,CRO,0.9971
2008,EN_MAT_DOMCMPC,TONNES,CRO,1.12042
2009,EN_MAT_DOMCMPC,TONNES,CRO,1.09826
2010,EN_MAT_DOMCMPC,TONNES,CRO,1.02595
2011,EN_MAT_DOMCMPC,TONNES,CRO,1.03345
2012,EN_MAT_DOMCMPC,TONNES,CRO,0.92331
2013,EN_MAT_DOMCMPC,TONNES,CRO,1.12377
2014,EN_MAT_DOMCMPC,TONNES,CRO,1.03808
2015,EN_MAT_DOMCMPC,TONNES,CRO,1.14174
2016,EN_MAT_DOMCMPC,TONNES,CRO,1.3502
2017,EN_MAT_DOMCMPC,TONNES,CRO,1.14346
2018,EN_MAT_DOMCMPC,TONNES,CRO,1.41392
2019,EN_MAT_DOMCMPC,TONNES,CRO,1.41321
2000,EN_MAT_DOMCMPC,TONNES,FEO,0.09677
2001,EN_MAT_DOMCMPC,TONNES,FEO,0.0703
2002,EN_MAT_DOMCMPC,TONNES,FEO,0.05639
2003,EN_MAT_DOMCMPC,TONNES,FEO,0.08027
2004,EN_MAT_DOMCMPC,TONNES,FEO,0.1232
2005,EN_MAT_DOMCMPC,TONNES,FEO,0.49246
2006,EN_MAT_DOMCMPC,TONNES,FEO,0.50163
2007,EN_MAT_DOMCMPC,TONNES,FEO,0.44725
2008,EN_MAT_DOMCMPC,TONNES,FEO,0.57663
2009,EN_MAT_DOMCMPC,TONNES,FEO,0.63231
2010,EN_MAT_DOMCMPC,TONNES,FEO,0.26833
2011,EN_MAT_DOMCMPC,TONNES,FEO,0.35823
2012,EN_MAT_DOMCMPC,TONNES,FEO,0.30919
2013,EN_MAT_DOMCMPC,TONNES,FEO,0.39631
2014,EN_MAT_DOMCMPC,TONNES,FEO,0.4134
2015,EN_MAT_DOMCMPC,TONNES,FEO,0.54462
2016,EN_MAT_DOMCMPC,TONNES,FEO,0.44157
2017,EN_MAT_DOMCMPC,TONNES,FEO,0.46571
2018,EN_MAT_DOMCMPC,TONNES,FEO,0.41356
2019,EN_MAT_DOMCMPC,TONNES,FEO,0.39741
2000,EN_MAT_DOMCMPC,TONNES,FOF,2.15229
2001,EN_MAT_DOMCMPC,TONNES,FOF,2.09481
2002,EN_MAT_DOMCMPC,TONNES,FOF,2.16027
2003,EN_MAT_DOMCMPC,TONNES,FOF,2.29718
2004,EN_MAT_DOMCMPC,TONNES,FOF,2.42779
2005,EN_MAT_DOMCMPC,TONNES,FOF,2.60424
2006,EN_MAT_DOMCMPC,TONNES,FOF,2.80334
2007,EN_MAT_DOMCMPC,TONNES,FOF,2.76034
2008,EN_MAT_DOMCMPC,TONNES,FOF,3.18904
2009,EN_MAT_DOMCMPC,TONNES,FOF,3.53458
2010,EN_MAT_DOMCMPC,TONNES,FOF,3.55006
2011,EN_MAT_DOMCMPC,TONNES,FOF,4.07062
2012,EN_MAT_DOMCMPC,TONNES,FOF,3.8662
2013,EN_MAT_DOMCMPC,TONNES,FOF,3.87385
2014,EN_MAT_DOMCMPC,TONNES,FOF,3.93617
2015,EN_MAT_DOMCMPC,TONNES,FOF,4.1569
2016,EN_MAT_DOMCMPC,TONNES,FOF,4.66478
2017,EN_MAT_DOMCMPC,TONNES,FOF,4.85336
2018,EN_MAT_DOMCMPC,TONNES,FOF,5.01431
2019,EN_MAT_DOMCMPC,TONNES,FOF,5.32783
2000,EN_MAT_DOMCMPC,TONNES,GAS,0.04362
2001,EN_MAT_DOMCMPC,TONNES,GAS,0.0285
2002,EN_MAT_DOMCMPC,TONNES,GAS,0.02694
2003,EN_MAT_DOMCMPC,TONNES,GAS,0.0352
2004,EN_MAT_DOMCMPC,TONNES,GAS,0.05544
2005,EN_MAT_DOMCMPC,TONNES,GAS,0.06582
2006,EN_MAT_DOMCMPC,TONNES,GAS,0.06925
2007,EN_MAT_DOMCMPC,TONNES,GAS,0.07324
2008,EN_MAT_DOMCMPC,TONNES,GAS,0.07285
2009,EN_MAT_DOMCMPC,TONNES,GAS,0.04176
2010,EN_MAT_DOMCMPC,TONNES,GAS,0.04417
2011,EN_MAT_DOMCMPC,TONNES,GAS,0.05087
2012,EN_MAT_DOMCMPC,TONNES,GAS,0.04758
2013,EN_MAT_DOMCMPC,TONNES,GAS,0.03768
2014,EN_MAT_DOMCMPC,TONNES,GAS,0.03566
2015,EN_MAT_DOMCMPC,TONNES,GAS,0.04243
2016,EN_MAT_DOMCMPC,TONNES,GAS,0.04473
2017,EN_MAT_DOMCMPC,TONNES,GAS,0.04888
2018,EN_MAT_DOMCMPC,TONNES,GAS,0.04912
2019,EN_MAT_DOMCMPC,TONNES,GAS,0.0498
2000,EN_MAT_DOMCMPC,TONNES,GBO,0.70588
2001,EN_MAT_DOMCMPC,TONNES,GBO,0.68107
2002,EN_MAT_DOMCMPC,TONNES,GBO,0.64274
2003,EN_MAT_DOMCMPC,TONNES,GBO,0.68804
2004,EN_MAT_DOMCMPC,TONNES,GBO,0.72523
2005,EN_MAT_DOMCMPC,TONNES,GBO,0.73455
2006,EN_MAT_DOMCMPC,TONNES,GBO,0.81591
2007,EN_MAT_DOMCMPC,TONNES,GBO,0.76327
2008,EN_MAT_DOMCMPC,TONNES,GBO,0.75129
2009,EN_MAT_DOMCMPC,TONNES,GBO,0.75533
2010,EN_MAT_DOMCMPC,TONNES,GBO,0.76264
2011,EN_MAT_DOMCMPC,TONNES,GBO,0.75896
2012,EN_MAT_DOMCMPC,TONNES,GBO,0.75371
2013,EN_MAT_DOMCMPC,TONNES,GBO,0.77249
2014,EN_MAT_DOMCMPC,TONNES,GBO,0.78306
2015,EN_MAT_DOMCMPC,TONNES,GBO,0.80777
2016,EN_MAT_DOMCMPC,TONNES,GBO,0.81762
2017,EN_MAT_DOMCMPC,TONNES,GBO,0.81097
2018,EN_MAT_DOMCMPC,TONNES,GBO,0.80666
2019,EN_MAT_DOMCMPC,TONNES,GBO,0.80886
2000,EN_MAT_DOMCMPC,TONNES,MEO,0.1681
2001,EN_MAT_DOMCMPC,TONNES,MEO,0.09772
2002,EN_MAT_DOMCMPC,TONNES,MEO,0.08991
2003,EN_MAT_DOMCMPC,TONNES,MEO,0.25214
2004,EN_MAT_DOMCMPC,TONNES,MEO,0.29717
2005,EN_MAT_DOMCMPC,TONNES,MEO,0.73427
2006,EN_MAT_DOMCMPC,TONNES,MEO,0.6931
2007,EN_MAT_DOMCMPC,TONNES,MEO,0.59598
2008,EN_MAT_DOMCMPC,TONNES,MEO,0.77925
2009,EN_MAT_DOMCMPC,TONNES,MEO,0.73648
2010,EN_MAT_DOMCMPC,TONNES,MEO,0.54023
2011,EN_MAT_DOMCMPC,TONNES,MEO,0.52544
2012,EN_MAT_DOMCMPC,TONNES,MEO,0.50591
2013,EN_MAT_DOMCMPC,TONNES,MEO,0.58568
2014,EN_MAT_DOMCMPC,TONNES,MEO,0.59533
2015,EN_MAT_DOMCMPC,TONNES,MEO,0.78207
2016,EN_MAT_DOMCMPC,TONNES,MEO,0.65656
2017,EN_MAT_DOMCMPC,TONNES,MEO,0.6808
2018,EN_MAT_DOMCMPC,TONNES,MEO,0.66773
2019,EN_MAT_DOMCMPC,TONNES,MEO,0.65267
2000,EN_MAT_DOMCMPC,TONNES,NFO,0.07134
2001,EN_MAT_DOMCMPC,TONNES,NFO,0.02743
2002,EN_MAT_DOMCMPC,TONNES,NFO,0.03352
2003,EN_MAT_DOMCMPC,TONNES,NFO,0.17187
2004,EN_MAT_DOMCMPC,TONNES,NFO,0.17397
2005,EN_MAT_DOMCMPC,TONNES,NFO,0.24181
2006,EN_MAT_DOMCMPC,TONNES,NFO,0.19148
2007,EN_MAT_DOMCMPC,TONNES,NFO,0.14872
2008,EN_MAT_DOMCMPC,TONNES,NFO,0.20261
2009,EN_MAT_DOMCMPC,TONNES,NFO,0.10417
2010,EN_MAT_DOMCMPC,TONNES,NFO,0.14224
2011,EN_MAT_DOMCMPC,TONNES,NFO,0.182
2012,EN_MAT_DOMCMPC,TONNES,NFO,0.19671
2013,EN_MAT_DOMCMPC,TONNES,NFO,0.18937
2014,EN_MAT_DOMCMPC,TONNES,NFO,0.18193
2015,EN_MAT_DOMCMPC,TONNES,NFO,0.23745
2016,EN_MAT_DOMCMPC,TONNES,NFO,0.21499
2017,EN_MAT_DOMCMPC,TONNES,NFO,0.21509
2018,EN_MAT_DOMCMPC,TONNES,NFO,0.25417
2019,EN_MAT_DOMCMPC,TONNES,NFO,0.25526
2000,EN_MAT_DOMCMPC,TONNES,NMA,0.10943
2001,EN_MAT_DOMCMPC,TONNES,NMA,0.13942
2002,EN_MAT_DOMCMPC,TONNES,NMA,0.04607
2003,EN_MAT_DOMCMPC,TONNES,NMA,0.08761
2004,EN_MAT_DOMCMPC,TONNES,NMA,0.13588
2005,EN_MAT_DOMCMPC,TONNES,NMA,0.19862
2006,EN_MAT_DOMCMPC,TONNES,NMA,0.35223
2007,EN_MAT_DOMCMPC,TONNES,NMA,0.42364
2008,EN_MAT_DOMCMPC,TONNES,NMA,0.4501
2009,EN_MAT_DOMCMPC,TONNES,NMA,0.37312
2010,EN_MAT_DOMCMPC,TONNES,NMA,0.30845
2011,EN_MAT_DOMCMPC,TONNES,NMA,0.31825
2012,EN_MAT_DOMCMPC,TONNES,NMA,0.33326
2013,EN_MAT_DOMCMPC,TONNES,NMA,0.32326
2014,EN_MAT_DOMCMPC,TONNES,NMA,0.37169
2015,EN_MAT_DOMCMPC,TONNES,NMA,0.40165
2016,EN_MAT_DOMCMPC,TONNES,NMA,0.43234
2017,EN_MAT_DOMCMPC,TONNES,NMA,0.45378
2018,EN_MAT_DOMCMPC,TONNES,NMA,0.49092
2019,EN_MAT_DOMCMPC,TONNES,NMA,0.48513
2000,EN_MAT_DOMCMPC,TONNES,NMC,1.70518
2001,EN_MAT_DOMCMPC,TONNES,NMC,1.88558
2002,EN_MAT_DOMCMPC,TONNES,NMC,2.28075
2003,EN_MAT_DOMCMPC,TONNES,NMC,3.7492
2004,EN_MAT_DOMCMPC,TONNES,NMC,3.58777
2005,EN_MAT_DOMCMPC,TONNES,NMC,3.45544
2006,EN_MAT_DOMCMPC,TONNES,NMC,4.03769
2007,EN_MAT_DOMCMPC,TONNES,NMC,4.5986
2008,EN_MAT_DOMCMPC,TONNES,NMC,4.90705
2009,EN_MAT_DOMCMPC,TONNES,NMC,4.05747
2010,EN_MAT_DOMCMPC,TONNES,NMC,4.2657
2011,EN_MAT_DOMCMPC,TONNES,NMC,4.18568
2012,EN_MAT_DOMCMPC,TONNES,NMC,5.01631
2013,EN_MAT_DOMCMPC,TONNES,NMC,3.96143
2014,EN_MAT_DOMCMPC,TONNES,NMC,3.72279
2015,EN_MAT_DOMCMPC,TONNES,NMC,4.34552
2016,EN_MAT_DOMCMPC,TONNES,NMC,4.65673
2017,EN_MAT_DOMCMPC,TONNES,NMC,4.0901
2018,EN_MAT_DOMCMPC,TONNES,NMC,4.6217
2019,EN_MAT_DOMCMPC,TONNES,NMC,4.47897
2000,EN_MAT_DOMCMPC,TONNES,NMM,1.81461
2001,EN_MAT_DOMCMPC,TONNES,NMM,2.025
2002,EN_MAT_DOMCMPC,TONNES,NMM,2.32682
2003,EN_MAT_DOMCMPC,TONNES,NMM,3.83681
2004,EN_MAT_DOMCMPC,TONNES,NMM,3.72365
2005,EN_MAT_DOMCMPC,TONNES,NMM,3.65407
2006,EN_MAT_DOMCMPC,TONNES,NMM,4.38992
2007,EN_MAT_DOMCMPC,TONNES,NMM,5.02225
2008,EN_MAT_DOMCMPC,TONNES,NMM,5.35716
2009,EN_MAT_DOMCMPC,TONNES,NMM,4.43059
2010,EN_MAT_DOMCMPC,TONNES,NMM,4.57415
2011,EN_MAT_DOMCMPC,TONNES,NMM,4.50393
2012,EN_MAT_DOMCMPC,TONNES,NMM,5.34957
2013,EN_MAT_DOMCMPC,TONNES,NMM,4.28469
2014,EN_MAT_DOMCMPC,TONNES,NMM,4.09448
2015,EN_MAT_DOMCMPC,TONNES,NMM,4.74717
2016,EN_MAT_DOMCMPC,TONNES,NMM,5.08907
2017,EN_MAT_DOMCMPC,TONNES,NMM,4.54387
2018,EN_MAT_DOMCMPC,TONNES,NMM,5.11262
2019,EN_MAT_DOMCMPC,TONNES,NMM,4.9641
2000,EN_MAT_DOMCMPC,TONNES,ONT,0.0
2001,EN_MAT_DOMCMPC,TONNES,ONT,0.0
2002,EN_MAT_DOMCMPC,TONNES,ONT,0.0
2003,EN_MAT_DOMCMPC,TONNES,ONT,0.0
2004,EN_MAT_DOMCMPC,TONNES,ONT,0.0
2005,EN_MAT_DOMCMPC,TONNES,ONT,0.0
2006,EN_MAT_DOMCMPC,TONNES,ONT,0.0
2007,EN_MAT_DOMCMPC,TONNES,ONT,0.0
2008,EN_MAT_DOMCMPC,TONNES,ONT,0.0
2009,EN_MAT_DOMCMPC,TONNES,ONT,0.0
2010,EN_MAT_DOMCMPC,TONNES,ONT,0.0
2011,EN_MAT_DOMCMPC,TONNES,ONT,0.0
2012,EN_MAT_DOMCMPC,TONNES,ONT,0.0
2013,EN_MAT_DOMCMPC,TONNES,ONT,0.0
2014,EN_MAT_DOMCMPC,TONNES,ONT,0.0
2015,EN_MAT_DOMCMPC,TONNES,ONT,0.0
2016,EN_MAT_DOMCMPC,TONNES,ONT,0.0
2017,EN_MAT_DOMCMPC,TONNES,ONT,0.0
2018,EN_MAT_DOMCMPC,TONNES,ONT,0.0
2019,EN_MAT_DOMCMPC,TONNES,ONT,0.0
2000,EN_MAT_DOMCMPC,TONNES,PET,0.14182
2001,EN_MAT_DOMCMPC,TONNES,PET,0.07056
2002,EN_MAT_DOMCMPC,TONNES,PET,0.06544
2003,EN_MAT_DOMCMPC,TONNES,PET,0.02153
2004,EN_MAT_DOMCMPC,TONNES,PET,0.04888
2005,EN_MAT_DOMCMPC,TONNES,PET,0.03877
2006,EN_MAT_DOMCMPC,TONNES,PET,0.00478
2007,EN_MAT_DOMCMPC,TONNES,PET,0.00345
2008,EN_MAT_DOMCMPC,TONNES,PET,0.02823
2009,EN_MAT_DOMCMPC,TONNES,PET,0.24947
2010,EN_MAT_DOMCMPC,TONNES,PET,0.29875
2011,EN_MAT_DOMCMPC,TONNES,PET,0.31711
2012,EN_MAT_DOMCMPC,TONNES,PET,0.27906
2013,EN_MAT_DOMCMPC,TONNES,PET,0.28708
2014,EN_MAT_DOMCMPC,TONNES,PET,0.26823
2015,EN_MAT_DOMCMPC,TONNES,PET,0.26711
2016,EN_MAT_DOMCMPC,TONNES,PET,0.26903
2017,EN_MAT_DOMCMPC,TONNES,PET,0.25212
2018,EN_MAT_DOMCMPC,TONNES,PET,0.20548
2019,EN_MAT_DOMCMPC,TONNES,PET,0.2224
2000,EN_MAT_DOMCMPC,TONNES,WCH,0.00274
2001,EN_MAT_DOMCMPC,TONNES,WCH,0.00197
2002,EN_MAT_DOMCMPC,TONNES,WCH,0.00322
2003,EN_MAT_DOMCMPC,TONNES,WCH,0.00336
2004,EN_MAT_DOMCMPC,TONNES,WCH,0.00366
2005,EN_MAT_DOMCMPC,TONNES,WCH,0.00408
2006,EN_MAT_DOMCMPC,TONNES,WCH,0.00254
2007,EN_MAT_DOMCMPC,TONNES,WCH,0.00181
2008,EN_MAT_DOMCMPC,TONNES,WCH,0.00266
2009,EN_MAT_DOMCMPC,TONNES,WCH,0.00231
2010,EN_MAT_DOMCMPC,TONNES,WCH,0.00198
2011,EN_MAT_DOMCMPC,TONNES,WCH,0.00191
2012,EN_MAT_DOMCMPC,TONNES,WCH,0.00187
2013,EN_MAT_DOMCMPC,TONNES,WCH,0.00222
2014,EN_MAT_DOMCMPC,TONNES,WCH,0.00204
2015,EN_MAT_DOMCMPC,TONNES,WCH,0.00228
2016,EN_MAT_DOMCMPC,TONNES,WCH,0.00244
2017,EN_MAT_DOMCMPC,TONNES,WCH,0.00226
2018,EN_MAT_DOMCMPC,TONNES,WCH,0.00227
2019,EN_MAT_DOMCMPC,TONNES,WCH,0.00238
2000,EN_MAT_DOMCMPC,TONNES,WOD,0.65667
2001,EN_MAT_DOMCMPC,TONNES,WOD,0.57781
2002,EN_MAT_DOMCMPC,TONNES,WOD,0.64883
2003,EN_MAT_DOMCMPC,TONNES,WOD,0.61147
2004,EN_MAT_DOMCMPC,TONNES,WOD,0.40058
2005,EN_MAT_DOMCMPC,TONNES,WOD,0.41824
2006,EN_MAT_DOMCMPC,TONNES,WOD,0.4701
2007,EN_MAT_DOMCMPC,TONNES,WOD,0.37452
2008,EN_MAT_DOMCMPC,TONNES,WOD,0.40091
2009,EN_MAT_DOMCMPC,TONNES,WOD,0.31328
2010,EN_MAT_DOMCMPC,TONNES,WOD,0.36399
2011,EN_MAT_DOMCMPC,TONNES,WOD,0.3639
2012,EN_MAT_DOMCMPC,TONNES,WOD,0.33007
2013,EN_MAT_DOMCMPC,TONNES,WOD,0.3129
2014,EN_MAT_DOMCMPC,TONNES,WOD,0.27981
2015,EN_MAT_DOMCMPC,TONNES,WOD,0.36346
2016,EN_MAT_DOMCMPC,TONNES,WOD,0.39508
2017,EN_MAT_DOMCMPC,TONNES,WOD,0.33572
2018,EN_MAT_DOMCMPC,TONNES,WOD,0.42488
2019,EN_MAT_DOMCMPC,TONNES,WOD,0.5345
2000,EN_MAT_DOMCMPG,KG_PER_CON_USD,ALP,2.34264
2001,EN_MAT_DOMCMPG,KG_PER_CON_USD,ALP,2.37515
2002,EN_MAT_DOMCMPG,KG_PER_CON_USD,ALP,2.39355
2003,EN_MAT_DOMCMPG,KG_PER_CON_USD,ALP,2.7437
2004,EN_MAT_DOMCMPG,KG_PER_CON_USD,ALP,2.75642
2005,EN_MAT_DOMCMPG,KG_PER_CON_USD,ALP,2.80228
2006,EN_MAT_DOMCMPG,KG_PER_CON_USD,ALP,2.92443
2007,EN_MAT_DOMCMPG,KG_PER_CON_USD,ALP,2.78866
2008,EN_MAT_DOMCMPG,KG_PER_CON_USD,ALP,2.93665
2009,EN_MAT_DOMCMPG,KG_PER_CON_USD,ALP,2.83228
2010,EN_MAT_DOMCMPG,KG_PER_CON_USD,ALP,2.71768
2011,EN_MAT_DOMCMPG,KG_PER_CON_USD,ALP,2.80025
2012,EN_MAT_DOMCMPG,KG_PER_CON_USD,ALP,2.86814
2013,EN_MAT_DOMCMPG,KG_PER_CON_USD,ALP,2.60802
2014,EN_MAT_DOMCMPG,KG_PER_CON_USD,ALP,2.47481
2015,EN_MAT_DOMCMPG,KG_PER_CON_USD,ALP,2.6394
2016,EN_MAT_DOMCMPG,KG_PER_CON_USD,ALP,2.7691
2017,EN_MAT_DOMCMPG,KG_PER_CON_USD,ALP,2.49835
2018,EN_MAT_DOMCMPG,KG_PER_CON_USD,ALP,2.63609
2019,EN_MAT_DOMCMPG,KG_PER_CON_USD,ALP,2.59401
2000,EN_MAT_DOMCMPG,KG_PER_CON_USD,BIM,0.89243
2001,EN_MAT_DOMCMPG,KG_PER_CON_USD,BIM,0.92704
2002,EN_MAT_DOMCMPG,KG_PER_CON_USD,BIM,0.89556
2003,EN_MAT_DOMCMPG,KG_PER_CON_USD,BIM,0.72959
2004,EN_MAT_DOMCMPG,KG_PER_CON_USD,BIM,0.84266
2005,EN_MAT_DOMCMPG,KG_PER_CON_USD,BIM,0.80428
2006,EN_MAT_DOMCMPG,KG_PER_CON_USD,BIM,0.78673
2007,EN_MAT_DOMCMPG,KG_PER_CON_USD,BIM,0.64475
2008,EN_MAT_DOMCMPG,KG_PER_CON_USD,BIM,0.67873
2009,EN_MAT_DOMCMPG,KG_PER_CON_USD,BIM,0.67073
2010,EN_MAT_DOMCMPG,KG_PER_CON_USD,BIM,0.63292
2011,EN_MAT_DOMCMPG,KG_PER_CON_USD,BIM,0.62135
2012,EN_MAT_DOMCMPG,KG_PER_CON_USD,BIM,0.56087
2013,EN_MAT_DOMCMPG,KG_PER_CON_USD,BIM,0.61546
2014,EN_MAT_DOMCMPG,KG_PER_CON_USD,BIM,0.56479
2015,EN_MAT_DOMCMPG,KG_PER_CON_USD,BIM,0.59042
2016,EN_MAT_DOMCMPG,KG_PER_CON_USD,BIM,0.66099
2017,EN_MAT_DOMCMPG,KG_PER_CON_USD,BIM,0.54057
2018,EN_MAT_DOMCMPG,KG_PER_CON_USD,BIM,0.63134
2019,EN_MAT_DOMCMPG,KG_PER_CON_USD,BIM,0.63195
2000,EN_MAT_DOMCMPG,KG_PER_CON_USD,COL,0.6931
2001,EN_MAT_DOMCMPG,KG_PER_CON_USD,COL,0.68566
2002,EN_MAT_DOMCMPG,KG_PER_CON_USD,COL,0.67705
2003,EN_MAT_DOMCMPG,KG_PER_CON_USD,COL,0.70655
2004,EN_MAT_DOMCMPG,KG_PER_CON_USD,COL,0.68958
2005,EN_MAT_DOMCMPG,KG_PER_CON_USD,COL,0.71423
2006,EN_MAT_DOMCMPG,KG_PER_CON_USD,COL,0.73981
2007,EN_MAT_DOMCMPG,KG_PER_CON_USD,COL,0.68669
2008,EN_MAT_DOMCMPG,KG_PER_CON_USD,COL,0.74767
2009,EN_MAT_DOMCMPG,KG_PER_CON_USD,COL,0.80567
2010,EN_MAT_DOMCMPG,KG_PER_CON_USD,COL,0.7834
2011,EN_MAT_DOMCMPG,KG_PER_CON_USD,COL,0.88512
2012,EN_MAT_DOMCMPG,KG_PER_CON_USD,COL,0.84005
2013,EN_MAT_DOMCMPG,KG_PER_CON_USD,COL,0.80874
2014,EN_MAT_DOMCMPG,KG_PER_CON_USD,COL,0.80428
2015,EN_MAT_DOMCMPG,KG_PER_CON_USD,COL,0.81386
2016,EN_MAT_DOMCMPG,KG_PER_CON_USD,COL,0.88108
2017,EN_MAT_DOMCMPG,KG_PER_CON_USD,COL,0.88435
2018,EN_MAT_DOMCMPG,KG_PER_CON_USD,COL,0.88396
2019,EN_MAT_DOMCMPG,KG_PER_CON_USD,COL,0.90812
2000,EN_MAT_DOMCMPG,KG_PER_CON_USD,CPR,0.1198
2001,EN_MAT_DOMCMPG,KG_PER_CON_USD,CPR,0.14925
2002,EN_MAT_DOMCMPG,KG_PER_CON_USD,CPR,0.16285
2003,EN_MAT_DOMCMPG,KG_PER_CON_USD,CPR,0.09648
2004,EN_MAT_DOMCMPG,KG_PER_CON_USD,CPR,0.16207
2005,EN_MAT_DOMCMPG,KG_PER_CON_USD,CPR,0.1493
2006,EN_MAT_DOMCMPG,KG_PER_CON_USD,CPR,0.14016
2007,EN_MAT_DOMCMPG,KG_PER_CON_USD,CPR,0.09801
2008,EN_MAT_DOMCMPG,KG_PER_CON_USD,CPR,0.12783
2009,EN_MAT_DOMCMPG,KG_PER_CON_USD,CPR,0.13189
2010,EN_MAT_DOMCMPG,KG_PER_CON_USD,CPR,0.10663
2011,EN_MAT_DOMCMPG,KG_PER_CON_USD,CPR,0.10542
2012,EN_MAT_DOMCMPG,KG_PER_CON_USD,CPR,0.08407
2013,EN_MAT_DOMCMPG,KG_PER_CON_USD,CPR,0.11155
2014,EN_MAT_DOMCMPG,KG_PER_CON_USD,CPR,0.09913
2015,EN_MAT_DOMCMPG,KG_PER_CON_USD,CPR,0.10066
2016,EN_MAT_DOMCMPG,KG_PER_CON_USD,CPR,0.14151
2017,EN_MAT_DOMCMPG,KG_PER_CON_USD,CPR,0.09524
2018,EN_MAT_DOMCMPG,KG_PER_CON_USD,CPR,0.13961
2019,EN_MAT_DOMCMPG,KG_PER_CON_USD,CPR,0.13637
2000,EN_MAT_DOMCMPG,KG_PER_CON_USD,CRO,0.29152
2001,EN_MAT_DOMCMPG,KG_PER_CON_USD,CRO,0.34461
2002,EN_MAT_DOMCMPG,KG_PER_CON_USD,CRO,0.30878
2003,EN_MAT_DOMCMPG,KG_PER_CON_USD,CRO,0.22224
2004,EN_MAT_DOMCMPG,KG_PER_CON_USD,CRO,0.34537
2005,EN_MAT_DOMCMPG,KG_PER_CON_USD,CRO,0.32442
2006,EN_MAT_DOMCMPG,KG_PER_CON_USD,CRO,0.2973
2007,EN_MAT_DOMCMPG,KG_PER_CON_USD,CRO,0.25514
2008,EN_MAT_DOMCMPG,KG_PER_CON_USD,CRO,0.27128
2009,EN_MAT_DOMCMPG,KG_PER_CON_USD,CRO,0.27281
2010,EN_MAT_DOMCMPG,KG_PER_CON_USD,CRO,0.25061
2011,EN_MAT_DOMCMPG,KG_PER_CON_USD,CRO,0.24705
2012,EN_MAT_DOMCMPG,KG_PER_CON_USD,CRO,0.21913
2013,EN_MAT_DOMCMPG,KG_PER_CON_USD,CRO,0.25608
2014,EN_MAT_DOMCMPG,KG_PER_CON_USD,CRO,0.22986
2015,EN_MAT_DOMCMPG,KG_PER_CON_USD,CRO,0.24152
2016,EN_MAT_DOMCMPG,KG_PER_CON_USD,CRO,0.27342
2017,EN_MAT_DOMCMPG,KG_PER_CON_USD,CRO,0.22213
2018,EN_MAT_DOMCMPG,KG_PER_CON_USD,CRO,0.26259
2019,EN_MAT_DOMCMPG,KG_PER_CON_USD,CRO,0.25385
2000,EN_MAT_DOMCMPG,KG_PER_CON_USD,FEO,0.0341
2001,EN_MAT_DOMCMPG,KG_PER_CON_USD,FEO,0.02415
2002,EN_MAT_DOMCMPG,KG_PER_CON_USD,FEO,0.01846
2003,EN_MAT_DOMCMPG,KG_PER_CON_USD,FEO,0.02531
2004,EN_MAT_DOMCMPG,KG_PER_CON_USD,FEO,0.03657
2005,EN_MAT_DOMCMPG,KG_PER_CON_USD,FEO,0.14071
2006,EN_MAT_DOMCMPG,KG_PER_CON_USD,FEO,0.13597
2007,EN_MAT_DOMCMPG,KG_PER_CON_USD,FEO,0.11444
2008,EN_MAT_DOMCMPG,KG_PER_CON_USD,FEO,0.13962
2009,EN_MAT_DOMCMPG,KG_PER_CON_USD,FEO,0.15707
2010,EN_MAT_DOMCMPG,KG_PER_CON_USD,FEO,0.06554
2011,EN_MAT_DOMCMPG,KG_PER_CON_USD,FEO,0.08563
2012,EN_MAT_DOMCMPG,KG_PER_CON_USD,FEO,0.07338
2013,EN_MAT_DOMCMPG,KG_PER_CON_USD,FEO,0.09031
2014,EN_MAT_DOMCMPG,KG_PER_CON_USD,FEO,0.09154
2015,EN_MAT_DOMCMPG,KG_PER_CON_USD,FEO,0.11521
2016,EN_MAT_DOMCMPG,KG_PER_CON_USD,FEO,0.08942
2017,EN_MAT_DOMCMPG,KG_PER_CON_USD,FEO,0.09047
2018,EN_MAT_DOMCMPG,KG_PER_CON_USD,FEO,0.07681
2019,EN_MAT_DOMCMPG,KG_PER_CON_USD,FEO,0.07138
2000,EN_MAT_DOMCMPG,KG_PER_CON_USD,FOF,0.75845
2001,EN_MAT_DOMCMPG,KG_PER_CON_USD,FOF,0.7197
2002,EN_MAT_DOMCMPG,KG_PER_CON_USD,FOF,0.7073
2003,EN_MAT_DOMCMPG,KG_PER_CON_USD,FOF,0.72444
2004,EN_MAT_DOMCMPG,KG_PER_CON_USD,FOF,0.72054
2005,EN_MAT_DOMCMPG,KG_PER_CON_USD,FOF,0.74411
2006,EN_MAT_DOMCMPG,KG_PER_CON_USD,FOF,0.75988
2007,EN_MAT_DOMCMPG,KG_PER_CON_USD,FOF,0.70632
2008,EN_MAT_DOMCMPG,KG_PER_CON_USD,FOF,0.87801
2009,EN_MAT_DOMCMPG,KG_PER_CON_USD,FOF,0.79441
2010,EN_MAT_DOMCMPG,KG_PER_CON_USD,FOF,0.86716
2011,EN_MAT_DOMCMPG,KG_PER_CON_USD,FOF,0.97309
2012,EN_MAT_DOMCMPG,KG_PER_CON_USD,FOF,0.91758
2013,EN_MAT_DOMCMPG,KG_PER_CON_USD,FOF,0.88274
2014,EN_MAT_DOMCMPG,KG_PER_CON_USD,FOF,0.87157
2015,EN_MAT_DOMCMPG,KG_PER_CON_USD,FOF,0.87934
2016,EN_MAT_DOMCMPG,KG_PER_CON_USD,FOF,0.94462
2017,EN_MAT_DOMCMPG,KG_PER_CON_USD,FOF,0.94283
2018,EN_MAT_DOMCMPG,KG_PER_CON_USD,FOF,0.93124
2019,EN_MAT_DOMCMPG,KG_PER_CON_USD,FOF,0.95701
2000,EN_MAT_DOMCMPG,KG_PER_CON_USD,GAS,0.01537
2001,EN_MAT_DOMCMPG,KG_PER_CON_USD,GAS,0.0098
2002,EN_MAT_DOMCMPG,KG_PER_CON_USD,GAS,0.00882
2003,EN_MAT_DOMCMPG,KG_PER_CON_USD,GAS,0.0111
2004,EN_MAT_DOMCMPG,KG_PER_CON_USD,GAS,0.01645
2005,EN_MAT_DOMCMPG,KG_PER_CON_USD,GAS,0.01881
2006,EN_MAT_DOMCMPG,KG_PER_CON_USD,GAS,0.01877
2007,EN_MAT_DOMCMPG,KG_PER_CON_USD,GAS,0.01874
2008,EN_MAT_DOMCMPG,KG_PER_CON_USD,GAS,0.01764
2009,EN_MAT_DOMCMPG,KG_PER_CON_USD,GAS,0.01037
2010,EN_MAT_DOMCMPG,KG_PER_CON_USD,GAS,0.01079
2011,EN_MAT_DOMCMPG,KG_PER_CON_USD,GAS,0.01216
2012,EN_MAT_DOMCMPG,KG_PER_CON_USD,GAS,0.01129
2013,EN_MAT_DOMCMPG,KG_PER_CON_USD,GAS,0.00859
2014,EN_MAT_DOMCMPG,KG_PER_CON_USD,GAS,0.0079
2015,EN_MAT_DOMCMPG,KG_PER_CON_USD,GAS,0.00898
2016,EN_MAT_DOMCMPG,KG_PER_CON_USD,GAS,0.00906
2017,EN_MAT_DOMCMPG,KG_PER_CON_USD,GAS,0.0095
2018,EN_MAT_DOMCMPG,KG_PER_CON_USD,GAS,0.00912
2019,EN_MAT_DOMCMPG,KG_PER_CON_USD,GAS,0.00894
2000,EN_MAT_DOMCMPG,KG_PER_CON_USD,GBO,0.24875
2001,EN_MAT_DOMCMPG,KG_PER_CON_USD,GBO,0.23399
2002,EN_MAT_DOMCMPG,KG_PER_CON_USD,GBO,0.21044
2003,EN_MAT_DOMCMPG,KG_PER_CON_USD,GBO,0.21698
2004,EN_MAT_DOMCMPG,KG_PER_CON_USD,GBO,0.21524
2005,EN_MAT_DOMCMPG,KG_PER_CON_USD,GBO,0.20988
2006,EN_MAT_DOMCMPG,KG_PER_CON_USD,GBO,0.22116
2007,EN_MAT_DOMCMPG,KG_PER_CON_USD,GBO,0.19531
2008,EN_MAT_DOMCMPG,KG_PER_CON_USD,GBO,0.18191
2009,EN_MAT_DOMCMPG,KG_PER_CON_USD,GBO,0.18763
2010,EN_MAT_DOMCMPG,KG_PER_CON_USD,GBO,0.18629
2011,EN_MAT_DOMCMPG,KG_PER_CON_USD,GBO,0.18143
2012,EN_MAT_DOMCMPG,KG_PER_CON_USD,GBO,0.17888
2013,EN_MAT_DOMCMPG,KG_PER_CON_USD,GBO,0.17603
2014,EN_MAT_DOMCMPG,KG_PER_CON_USD,GBO,0.17339
2015,EN_MAT_DOMCMPG,KG_PER_CON_USD,GBO,0.17087
2016,EN_MAT_DOMCMPG,KG_PER_CON_USD,GBO,0.16557
2017,EN_MAT_DOMCMPG,KG_PER_CON_USD,GBO,0.15754
2018,EN_MAT_DOMCMPG,KG_PER_CON_USD,GBO,0.14981
2019,EN_MAT_DOMCMPG,KG_PER_CON_USD,GBO,0.14529
2000,EN_MAT_DOMCMPG,KG_PER_CON_USD,MEO,0.05924
2001,EN_MAT_DOMCMPG,KG_PER_CON_USD,MEO,0.03357
2002,EN_MAT_DOMCMPG,KG_PER_CON_USD,MEO,0.02944
2003,EN_MAT_DOMCMPG,KG_PER_CON_USD,MEO,0.07951
2004,EN_MAT_DOMCMPG,KG_PER_CON_USD,MEO,0.0882
2005,EN_MAT_DOMCMPG,KG_PER_CON_USD,MEO,0.2098
2006,EN_MAT_DOMCMPG,KG_PER_CON_USD,MEO,0.18787
2007,EN_MAT_DOMCMPG,KG_PER_CON_USD,MEO,0.1525
2008,EN_MAT_DOMCMPG,KG_PER_CON_USD,MEO,0.18867
2009,EN_MAT_DOMCMPG,KG_PER_CON_USD,MEO,0.18295
2010,EN_MAT_DOMCMPG,KG_PER_CON_USD,MEO,0.10029
2011,EN_MAT_DOMCMPG,KG_PER_CON_USD,MEO,0.12914
2012,EN_MAT_DOMCMPG,KG_PER_CON_USD,MEO,0.12007
2013,EN_MAT_DOMCMPG,KG_PER_CON_USD,MEO,0.13346
2014,EN_MAT_DOMCMPG,KG_PER_CON_USD,MEO,0.13182
2015,EN_MAT_DOMCMPG,KG_PER_CON_USD,MEO,0.16544
2016,EN_MAT_DOMCMPG,KG_PER_CON_USD,MEO,0.13295
2017,EN_MAT_DOMCMPG,KG_PER_CON_USD,MEO,0.13225
2018,EN_MAT_DOMCMPG,KG_PER_CON_USD,MEO,0.12401
2019,EN_MAT_DOMCMPG,KG_PER_CON_USD,MEO,0.11724
2000,EN_MAT_DOMCMPG,KG_PER_CON_USD,MF22,0.02113
2001,EN_MAT_DOMCMPG,KG_PER_CON_USD,MF22,0.00727
2002,EN_MAT_DOMCMPG,KG_PER_CON_USD,MF22,0.00548
2003,EN_MAT_DOMCMPG,KG_PER_CON_USD,MF22,0.04699
2004,EN_MAT_DOMCMPG,KG_PER_CON_USD,MF22,0.04699
2005,EN_MAT_DOMCMPG,KG_PER_CON_USD,MF22,0.06416
2006,EN_MAT_DOMCMPG,KG_PER_CON_USD,MF22,0.04511
2007,EN_MAT_DOMCMPG,KG_PER_CON_USD,MF22,0.03826
2008,EN_MAT_DOMCMPG,KG_PER_CON_USD,MF22,0.05092
2009,EN_MAT_DOMCMPG,KG_PER_CON_USD,MF22,0.02766
2010,EN_MAT_DOMCMPG,KG_PER_CON_USD,MF22,0.05125
2011,EN_MAT_DOMCMPG,KG_PER_CON_USD,MF22,0.0503
2012,EN_MAT_DOMCMPG,KG_PER_CON_USD,MF22,0.0526
2013,EN_MAT_DOMCMPG,KG_PER_CON_USD,MF22,0.0504
2014,EN_MAT_DOMCMPG,KG_PER_CON_USD,MF22,0.04335
2015,EN_MAT_DOMCMPG,KG_PER_CON_USD,MF22,0.04425
2016,EN_MAT_DOMCMPG,KG_PER_CON_USD,MF22,0.04503
2017,EN_MAT_DOMCMPG,KG_PER_CON_USD,MF22,0.04578
2000,EN_MAT_DOMCMPG,KG_PER_CON_USD,MF_AGG3B,0.0591
2001,EN_MAT_DOMCMPG,KG_PER_CON_USD,MF_AGG3B,0.07705
2002,EN_MAT_DOMCMPG,KG_PER_CON_USD,MF_AGG3B,0.06679
2003,EN_MAT_DOMCMPG,KG_PER_CON_USD,MF_AGG3B,0.03509
2004,EN_MAT_DOMCMPG,KG_PER_CON_USD,MF_AGG3B,0.04688
2005,EN_MAT_DOMCMPG,KG_PER_CON_USD,MF_AGG3B,0.06634
2006,EN_MAT_DOMCMPG,KG_PER_CON_USD,MF_AGG3B,0.10729
2007,EN_MAT_DOMCMPG,KG_PER_CON_USD,MF_AGG3B,0.13823
2008,EN_MAT_DOMCMPG,KG_PER_CON_USD,MF_AGG3B,0.13384
2009,EN_MAT_DOMCMPG,KG_PER_CON_USD,MF_AGG3B,0.11479
2010,EN_MAT_DOMCMPG,KG_PER_CON_USD,MF_AGG3B,0.08803
2011,EN_MAT_DOMCMPG,KG_PER_CON_USD,MF_AGG3B,0.10815
2012,EN_MAT_DOMCMPG,KG_PER_CON_USD,MF_AGG3B,0.1082
2013,EN_MAT_DOMCMPG,KG_PER_CON_USD,MF_AGG3B,0.09168
2014,EN_MAT_DOMCMPG,KG_PER_CON_USD,MF_AGG3B,0.10124
2015,EN_MAT_DOMCMPG,KG_PER_CON_USD,MF_AGG3B,0.10345
2016,EN_MAT_DOMCMPG,KG_PER_CON_USD,MF_AGG3B,0.10536
2017,EN_MAT_DOMCMPG,KG_PER_CON_USD,MF_AGG3B,0.10718
2000,EN_MAT_DOMCMPG,KG_PER_CON_USD,MF_AGG3A,0.53208
2001,EN_MAT_DOMCMPG,KG_PER_CON_USD,MF_AGG3A,0.57069
2002,EN_MAT_DOMCMPG,KG_PER_CON_USD,MF_AGG3A,0.653
2003,EN_MAT_DOMCMPG,KG_PER_CON_USD,MF_AGG3A,1.06731
2004,EN_MAT_DOMCMPG,KG_PER_CON_USD,MF_AGG3A,0.86938
2005,EN_MAT_DOMCMPG,KG_PER_CON_USD,MF_AGG3A,0.64496
2006,EN_MAT_DOMCMPG,KG_PER_CON_USD,MF_AGG3A,0.75758
2007,EN_MAT_DOMCMPG,KG_PER_CON_USD,MF_AGG3A,0.79266
2008,EN_MAT_DOMCMPG,KG_PER_CON_USD,MF_AGG3A,0.80594
2009,EN_MAT_DOMCMPG,KG_PER_CON_USD,MF_AGG3A,0.79693
2010,EN_MAT_DOMCMPG,KG_PER_CON_USD,MF_AGG3A,0.82002
2011,EN_MAT_DOMCMPG,KG_PER_CON_USD,MF_AGG3A,0.76307
2012,EN_MAT_DOMCMPG,KG_PER_CON_USD,MF_AGG3A,0.81051
2013,EN_MAT_DOMCMPG,KG_PER_CON_USD,MF_AGG3A,0.88088
2014,EN_MAT_DOMCMPG,KG_PER_CON_USD,MF_AGG3A,0.93902
2015,EN_MAT_DOMCMPG,KG_PER_CON_USD,MF_AGG3A,0.9671
2016,EN_MAT_DOMCMPG,KG_PER_CON_USD,MF_AGG3A,0.99199
2017,EN_MAT_DOMCMPG,KG_PER_CON_USD,MF_AGG3A,1.01558
2000,EN_MAT_DOMCMPG,KG_PER_CON_USD,MF3,0.59118
2001,EN_MAT_DOMCMPG,KG_PER_CON_USD,MF3,0.64774
2002,EN_MAT_DOMCMPG,KG_PER_CON_USD,MF3,0.71979
2003,EN_MAT_DOMCMPG,KG_PER_CON_USD,MF3,1.1024
2004,EN_MAT_DOMCMPG,KG_PER_CON_USD,MF3,0.91626
2005,EN_MAT_DOMCMPG,KG_PER_CON_USD,MF3,0.71131
2006,EN_MAT_DOMCMPG,KG_PER_CON_USD,MF3,0.86487
2007,EN_MAT_DOMCMPG,KG_PER_CON_USD,MF3,0.9309
2008,EN_MAT_DOMCMPG,KG_PER_CON_USD,MF3,0.93978
2009,EN_MAT_DOMCMPG,KG_PER_CON_USD,MF3,0.91173
2010,EN_MAT_DOMCMPG,KG_PER_CON_USD,MF3,0.90804
2011,EN_MAT_DOMCMPG,KG_PER_CON_USD,MF3,0.87122
2012,EN_MAT_DOMCMPG,KG_PER_CON_USD,MF3,0.91871
2013,EN_MAT_DOMCMPG,KG_PER_CON_USD,MF3,0.97256
2014,EN_MAT_DOMCMPG,KG_PER_CON_USD,MF3,1.04026
2015,EN_MAT_DOMCMPG,KG_PER_CON_USD,MF3,1.07055
2016,EN_MAT_DOMCMPG,KG_PER_CON_USD,MF3,1.09735
2017,EN_MAT_DOMCMPG,KG_PER_CON_USD,MF3,1.12276
2000,EN_MAT_DOMCMPG,KG_PER_CON_USD,MF421,0.09524
2001,EN_MAT_DOMCMPG,KG_PER_CON_USD,MF421,0.09073
2002,EN_MAT_DOMCMPG,KG_PER_CON_USD,MF421,0.0836
2003,EN_MAT_DOMCMPG,KG_PER_CON_USD,MF421,0.07484
2004,EN_MAT_DOMCMPG,KG_PER_CON_USD,MF421,0.08265
2005,EN_MAT_DOMCMPG,KG_PER_CON_USD,MF421,0.07506
2006,EN_MAT_DOMCMPG,KG_PER_CON_USD,MF421,0.07635
2007,EN_MAT_DOMCMPG,KG_PER_CON_USD,MF421,0.07675
2008,EN_MAT_DOMCMPG,KG_PER_CON_USD,MF421,0.0838
2009,EN_MAT_DOMCMPG,KG_PER_CON_USD,MF421,0.09613
2010,EN_MAT_DOMCMPG,KG_PER_CON_USD,MF421,0.09723
2011,EN_MAT_DOMCMPG,KG_PER_CON_USD,MF421,0.09884
2012,EN_MAT_DOMCMPG,KG_PER_CON_USD,MF421,0.08914
2013,EN_MAT_DOMCMPG,KG_PER_CON_USD,MF421,0.08459
2014,EN_MAT_DOMCMPG,KG_PER_CON_USD,MF421,0.07779
2015,EN_MAT_DOMCMPG,KG_PER_CON_USD,MF421,0.07774
2016,EN_MAT_DOMCMPG,KG_PER_CON_USD,MF421,0.07757
2017,EN_MAT_DOMCMPG,KG_PER_CON_USD,MF421,0.07742
2000,EN_MAT_DOMCMPG,KG_PER_CON_USD,MF14,0.0007
2001,EN_MAT_DOMCMPG,KG_PER_CON_USD,MF14,0.0007
2002,EN_MAT_DOMCMPG,KG_PER_CON_USD,MF14,0.00086
2003,EN_MAT_DOMCMPG,KG_PER_CON_USD,MF14,0.00087
2004,EN_MAT_DOMCMPG,KG_PER_CON_USD,MF14,0.00095
2005,EN_MAT_DOMCMPG,KG_PER_CON_USD,MF14,0.00103
2006,EN_MAT_DOMCMPG,KG_PER_CON_USD,MF14,0.00071
2007,EN_MAT_DOMCMPG,KG_PER_CON_USD,MF14,0.00066
2008,EN_MAT_DOMCMPG,KG_PER_CON_USD,MF14,0.00062
2009,EN_MAT_DOMCMPG,KG_PER_CON_USD,MF14,0.0006
2010,EN_MAT_DOMCMPG,KG_PER_CON_USD,MF14,0.00053
2011,EN_MAT_DOMCMPG,KG_PER_CON_USD,MF14,0.00048
2012,EN_MAT_DOMCMPG,KG_PER_CON_USD,MF14,0.00049
2013,EN_MAT_DOMCMPG,KG_PER_CON_USD,MF14,0.0005
2014,EN_MAT_DOMCMPG,KG_PER_CON_USD,MF14,0.0005
2015,EN_MAT_DOMCMPG,KG_PER_CON_USD,MF14,0.00047
2016,EN_MAT_DOMCMPG,KG_PER_CON_USD,MF14,0.00045
2017,EN_MAT_DOMCMPG,KG_PER_CON_USD,MF14,0.00043
2000,EN_MAT_DOMCMPG,KG_PER_CON_USD,MF13,0.20564
2001,EN_MAT_DOMCMPG,KG_PER_CON_USD,MF13,0.17656
2002,EN_MAT_DOMCMPG,KG_PER_CON_USD,MF13,0.1888
2003,EN_MAT_DOMCMPG,KG_PER_CON_USD,MF13,0.17693
2004,EN_MAT_DOMCMPG,KG_PER_CON_USD,MF13,0.12747
2005,EN_MAT_DOMCMPG,KG_PER_CON_USD,MF13,0.12901
2006,EN_MAT_DOMCMPG,KG_PER_CON_USD,MF13,0.1348
2007,EN_MAT_DOMCMPG,KG_PER_CON_USD,MF13,0.1113
2008,EN_MAT_DOMCMPG,KG_PER_CON_USD,MF13,0.11595
2009,EN_MAT_DOMCMPG,KG_PER_CON_USD,MF13,0.10079
2010,EN_MAT_DOMCMPG,KG_PER_CON_USD,MF13,0.11215
2011,EN_MAT_DOMCMPG,KG_PER_CON_USD,MF13,0.11612
2012,EN_MAT_DOMCMPG,KG_PER_CON_USD,MF13,0.12145
2013,EN_MAT_DOMCMPG,KG_PER_CON_USD,MF13,0.1262
2014,EN_MAT_DOMCMPG,KG_PER_CON_USD,MF13,0.1198
2015,EN_MAT_DOMCMPG,KG_PER_CON_USD,MF13,0.10868
2016,EN_MAT_DOMCMPG,KG_PER_CON_USD,MF13,0.10473
2017,EN_MAT_DOMCMPG,KG_PER_CON_USD,MF13,0.10104
2000,EN_MAT_DOMCMPT,TONNES,_T,23365825.75365
2001,EN_MAT_DOMCMPT,TONNES,_T,24613314.28434
2002,EN_MAT_DOMCMPT,TONNES,_T,26390478.3
2003,EN_MAT_DOMCMPT,TONNES,_T,31600971.235
2004,EN_MAT_DOMCMPT,TONNES,_T,32465536.662
2005,EN_MAT_DOMCMPT,TONNES,_T,32188746.13883
2006,EN_MAT_DOMCMPT,TONNES,_T,36275747.3839
2007,EN_MAT_DOMCMPT,TONNES,_T,37152644.0546
2008,EN_MAT_DOMCMPT,TONNES,_T,41532236.07692
2009,EN_MAT_DOMCMPT,TONNES,_T,40348689.97848
2010,EN_MAT_DOMCMPT,TONNES,_T,38823258.16083
2011,EN_MAT_DOMCMPT,TONNES,_T,40395999.20143
2012,EN_MAT_DOMCMPT,TONNES,_T,39402478.74455
2013,EN_MAT_DOMCMPT,TONNES,_T,41976401.6291
2014,EN_MAT_DOMCMPT,TONNES,_T,42791244.54296
2015,EN_MAT_DOMCMPT,TONNES,_T,45513731.42272
2016,EN_MAT_DOMCMPT,TONNES,_T,47360105.11949
2017,EN_MAT_DOMCMPT,TONNES,_T,49206478.81624
2000,EN_MAT_DOMCMPT,TONNES,MF1,6925657.0
2001,EN_MAT_DOMCMPT,TONNES,MF1,7512072.0
2002,EN_MAT_DOMCMPT,TONNES,MF1,7782116.0
2003,EN_MAT_DOMCMPT,TONNES,MF1,6224523.0
2004,EN_MAT_DOMCMPT,TONNES,MF1,8323459.0
2005,EN_MAT_DOMCMPT,TONNES,MF1,8329607.0
2006,EN_MAT_DOMCMPT,TONNES,MF1,8604851.0
2007,EN_MAT_DOMCMPT,TONNES,MF1,7841856.0
2008,EN_MAT_DOMCMPT,TONNES,MF1,8899146.0
2009,EN_MAT_DOMCMPT,TONNES,MF1,8491325.0
2010,EN_MAT_DOMCMPT,TONNES,MF1,8296309.0
2011,EN_MAT_DOMCMPT,TONNES,MF1,8310136.0
2012,EN_MAT_DOMCMPT,TONNES,MF1,7469798.0
2013,EN_MAT_DOMCMPT,TONNES,MF1,8718073.0
2014,EN_MAT_DOMCMPT,TONNES,MF1,8291559.0
2015,EN_MAT_DOMCMPT,TONNES,MF1,8273228.0
2016,EN_MAT_DOMCMPT,TONNES,MF1,8382525.0
2017,EN_MAT_DOMCMPT,TONNES,MF1,8491821.0
2000,EN_MAT_DOMCMPT,TONNES,MF41,7378000.0
2001,EN_MAT_DOMCMPT,TONNES,MF41,7495000.0
2002,EN_MAT_DOMCMPT,TONNES,MF41,7774000.0
2003,EN_MAT_DOMCMPT,TONNES,MF41,8429000.0
2004,EN_MAT_DOMCMPT,TONNES,MF41,8536000.0
2005,EN_MAT_DOMCMPT,TONNES,MF41,8979000.0
2006,EN_MAT_DOMCMPT,TONNES,MF41,9817000.0
2007,EN_MAT_DOMCMPT,TONNES,MF41,9607000.0
2008,EN_MAT_DOMCMPT,TONNES,MF41,11075000.0
2009,EN_MAT_DOMCMPT,TONNES,MF41,11728000.0
2010,EN_MAT_DOMCMPT,TONNES,MF41,11368000.0
2011,EN_MAT_DOMCMPT,TONNES,MF41,13132000.0
2012,EN_MAT_DOMCMPT,TONNES,MF41,12561000.0
2013,EN_MAT_DOMCMPT,TONNES,MF41,12315000.0
2014,EN_MAT_DOMCMPT,TONNES,MF41,12303000.0
2015,EN_MAT_DOMCMPT,TONNES,MF41,13704000.0
2016,EN_MAT_DOMCMPT,TONNES,MF41,14134591.0
2017,EN_MAT_DOMCMPT,TONNES,MF41,14565182.0
2000,EN_MAT_DOMCMPT,TONNES,MF121,1274913.0
2001,EN_MAT_DOMCMPT,TONNES,MF121,1631232.0
2002,EN_MAT_DOMCMPT,TONNES,MF121,1869727.0
2003,EN_MAT_DOMCMPT,TONNES,MF121,1150939.0
2004,EN_MAT_DOMCMPT,TONNES,MF121,2055582.0
2005,EN_MAT_DOMCMPT,TONNES,MF121,1967457.0
2006,EN_MAT_DOMCMPT,TONNES,MF121,1946952.0
2007,EN_MAT_DOMCMPT,TONNES,MF121,1441252.0
2008,EN_MAT_DOMCMPT,TONNES,MF121,1982034.0
2009,EN_MAT_DOMCMPT,TONNES,MF121,1983541.0
2010,EN_MAT_DOMCMPT,TONNES,MF121,1617069.0
2011,EN_MAT_DOMCMPT,TONNES,MF121,1613679.0
2012,EN_MAT_DOMCMPT,TONNES,MF121,1276287.0
2013,EN_MAT_DOMCMPT,TONNES,MF121,1734085.0
2014,EN_MAT_DOMCMPT,TONNES,MF121,1558809.0
2015,EN_MAT_DOMCMPT,TONNES,MF121,1559670.0
2016,EN_MAT_DOMCMPT,TONNES,MF121,1560531.0
2017,EN_MAT_DOMCMPT,TONNES,MF121,1561392.0
2000,EN_MAT_DOMCMPT,TONNES,MF11,2947535.0
2001,EN_MAT_DOMCMPT,TONNES,MF11,3621751.0
2002,EN_MAT_DOMCMPT,TONNES,MF11,3436185.0
2003,EN_MAT_DOMCMPT,TONNES,MF11,2659906.0
2004,EN_MAT_DOMCMPT,TONNES,MF11,4408017.0
2005,EN_MAT_DOMCMPT,TONNES,MF11,4300520.0
2006,EN_MAT_DOMCMPT,TONNES,MF11,4153998.0
2007,EN_MAT_DOMCMPT,TONNES,MF11,3773949.0
2008,EN_MAT_DOMCMPT,TONNES,MF11,4231476.0
2009,EN_MAT_DOMCMPT,TONNES,MF11,4129768.0
2010,EN_MAT_DOMCMPT,TONNES,MF11,3817818.0
2011,EN_MAT_DOMCMPT,TONNES,MF11,3811119.0
2012,EN_MAT_DOMCMPT,TONNES,MF11,3355493.0
2013,EN_MAT_DOMCMPT,TONNES,MF11,4007620.0
2014,EN_MAT_DOMCMPT,TONNES,MF11,3848757.0
2015,EN_MAT_DOMCMPT,TONNES,MF11,3900797.0
2016,EN_MAT_DOMCMPT,TONNES,MF11,3953837.0
2017,EN_MAT_DOMCMPT,TONNES,MF11,4006877.0
2000,EN_MAT_DOMCMPT,TONNES,MF21,363000.0
2001,EN_MAT_DOMCMPT,TONNES,MF21,264000.0
2002,EN_MAT_DOMCMPT,TONNES,MF21,212000.0
2003,EN_MAT_DOMCMPT,TONNES,MF21,271762.0
2004,EN_MAT_DOMCMPT,TONNES,MF21,367790.0
2005,EN_MAT_DOMCMPT,TONNES,MF21,1930316.0
2006,EN_MAT_DOMCMPT,TONNES,MF21,2067141.0
2007,EN_MAT_DOMCMPT,TONNES,MF21,2001352.0
2008,EN_MAT_DOMCMPT,TONNES,MF21,2410638.0
2009,EN_MAT_DOMCMPT,TONNES,MF21,2333265.0
2010,EN_MAT_DOMCMPT,TONNES,MF21,841223.0
2011,EN_MAT_DOMCMPT,TONNES,MF21,1066128.0
2012,EN_MAT_DOMCMPT,TONNES,MF21,955854.0
2013,EN_MAT_DOMCMPT,TONNES,MF21,1309470.0
2014,EN_MAT_DOMCMPT,TONNES,MF21,1389676.0
2015,EN_MAT_DOMCMPT,TONNES,MF21,1489794.0
2016,EN_MAT_DOMCMPT,TONNES,MF21,1589912.0
2017,EN_MAT_DOMCMPT,TONNES,MF21,1690030.0
2000,EN_MAT_DOMCMPT,TONNES,MF4,8696585.0
2001,EN_MAT_DOMCMPT,TONNES,MF4,8729640.0
2002,EN_MAT_DOMCMPT,TONNES,MF4,8966593.0
2003,EN_MAT_DOMCMPT,TONNES,MF4,9578052.0
2004,EN_MAT_DOMCMPT,TONNES,MF4,9940564.0
2005,EN_MAT_DOMCMPT,TONNES,MF4,10357386.0
2006,EN_MAT_DOMCMPT,TONNES,MF4,11289840.0
2007,EN_MAT_DOMCMPT,TONNES,MF4,11172316.0
2008,EN_MAT_DOMCMPT,TONNES,MF4,12831129.0
2009,EN_MAT_DOMCMPT,TONNES,MF4,13527645.0
2010,EN_MAT_DOMCMPT,TONNES,MF4,13208622.0
2011,EN_MAT_DOMCMPT,TONNES,MF4,15040166.0
2012,EN_MAT_DOMCMPT,TONNES,MF4,14272837.0
2013,EN_MAT_DOMCMPT,TONNES,MF4,13943173.0
2014,EN_MAT_DOMCMPT,TONNES,MF4,13817450.0
2015,EN_MAT_DOMCMPT,TONNES,MF4,15292774.0
2016,EN_MAT_DOMCMPT,TONNES,MF4,15764357.0
2017,EN_MAT_DOMCMPT,TONNES,MF4,16235940.0
2000,EN_MAT_DOMCMPT,TONNES,MF422,170585.0
2001,EN_MAT_DOMCMPT,TONNES,MF422,111640.0
2002,EN_MAT_DOMCMPT,TONNES,MF422,105593.0
2003,EN_MAT_DOMCMPT,TONNES,MF422,138052.0
2004,EN_MAT_DOMCMPT,TONNES,MF422,217564.0
2005,EN_MAT_DOMCMPT,TONNES,MF422,258386.0
2006,EN_MAT_DOMCMPT,TONNES,MF422,271840.0
2007,EN_MAT_DOMCMPT,TONNES,MF422,287316.0
2008,EN_MAT_DOMCMPT,TONNES,MF422,285129.0
2009,EN_MAT_DOMCMPT,TONNES,MF422,162645.0
2010,EN_MAT_DOMCMPT,TONNES,MF422,170622.0
2011,EN_MAT_DOMCMPT,TONNES,MF422,194166.0
2012,EN_MAT_DOMCMPT,TONNES,MF422,178837.0
2013,EN_MAT_DOMCMPT,TONNES,MF422,139173.0
2014,EN_MAT_DOMCMPT,TONNES,MF422,129450.0
2015,EN_MAT_DOMCMPT,TONNES,MF422,162167.0
2016,EN_MAT_DOMCMPT,TONNES,MF422,161552.0
2017,EN_MAT_DOMCMPT,TONNES,MF422,160936.0
2000,EN_MAT_DOMCMPT,TONNES,MF122,215988.0
2001,EN_MAT_DOMCMPT,TONNES,MF122,64934.0
2002,EN_MAT_DOMCMPT,TONNES,MF122,10345.0
2003,EN_MAT_DOMCMPT,TONNES,MF122,11871.0
2004,EN_MAT_DOMCMPT,TONNES,MF122,15555.0
2005,EN_MAT_DOMCMPT,TONNES,MF122,121154.0
2006,EN_MAT_DOMCMPT,TONNES,MF122,372387.0
2007,EN_MAT_DOMCMPT,TONNES,MF122,762407.0
2008,EN_MAT_DOMCMPT,TONNES,MF122,639254.0
2009,EN_MAT_DOMCMPT,TONNES,MF122,651569.0
2010,EN_MAT_DOMCMPT,TONNES,MF122,926011.0
2011,EN_MAT_DOMCMPT,TONNES,MF122,863410.0
2012,EN_MAT_DOMCMPT,TONNES,MF122,741105.0
2013,EN_MAT_DOMCMPT,TONNES,MF122,746135.0
2014,EN_MAT_DOMCMPT,TONNES,MF122,742237.0
2015,EN_MAT_DOMCMPT,TONNES,MF122,809734.0
2016,EN_MAT_DOMCMPT,TONNES,MF122,877230.0
2017,EN_MAT_DOMCMPT,TONNES,MF122,944726.0
2000,EN_MAT_DOMCMPT,TONNES,MF2,617700.0
2001,EN_MAT_DOMCMPT,TONNES,MF2,354000.0
2002,EN_MAT_DOMCMPT,TONNES,MF2,283300.0
2003,EN_MAT_DOMCMPT,TONNES,MF2,906482.0
2004,EN_MAT_DOMCMPT,TONNES,MF2,1042616.0
2005,EN_MAT_DOMCMPT,TONNES,MF2,2887739.0
2006,EN_MAT_DOMCMPT,TONNES,MF2,2776722.0
2007,EN_MAT_DOMCMPT,TONNES,MF2,2638404.0
2008,EN_MAT_DOMCMPT,TONNES,MF2,3304467.0
2009,EN_MAT_DOMCMPT,TONNES,MF2,2804338.0
2010,EN_MAT_DOMCMPT,TONNES,MF2,1721511.0
2011,EN_MAT_DOMCMPT,TONNES,MF2,1938285.0
2012,EN_MAT_DOMCMPT,TONNES,MF2,1860499.0
2013,EN_MAT_DOMCMPT,TONNES,MF2,2196611.0
2014,EN_MAT_DOMCMPT,TONNES,MF2,2161488.0
2015,EN_MAT_DOMCMPT,TONNES,MF2,2301911.0
2016,EN_MAT_DOMCMPT,TONNES,MF2,2442334.0
2017,EN_MAT_DOMCMPT,TONNES,MF2,2582757.0
2000,EN_MAT_DOMCMPT,TONNES,MF22,254700.0
2001,EN_MAT_DOMCMPT,TONNES,MF22,90000.0
2002,EN_MAT_DOMCMPT,TONNES,MF22,71300.0
2003,EN_MAT_DOMCMPT,TONNES,MF22,634719.0
2004,EN_MAT_DOMCMPT,TONNES,MF22,674826.0
2005,EN_MAT_DOMCMPT,TONNES,MF22,957423.0
2006,EN_MAT_DOMCMPT,TONNES,MF22,709581.0
2007,EN_MAT_DOMCMPT,TONNES,MF22,637052.0
2008,EN_MAT_DOMCMPT,TONNES,MF22,893829.0
2009,EN_MAT_DOMCMPT,TONNES,MF22,471073.0
2010,EN_MAT_DOMCMPT,TONNES,MF22,880288.0
2011,EN_MAT_DOMCMPT,TONNES,MF22,872157.0
2012,EN_MAT_DOMCMPT,TONNES,MF22,904645.0
2013,EN_MAT_DOMCMPT,TONNES,MF22,887141.0
2014,EN_MAT_DOMCMPT,TONNES,MF22,771812.0
2015,EN_MAT_DOMCMPT,TONNES,MF22,812117.0
2016,EN_MAT_DOMCMPT,TONNES,MF22,852422.0
2017,EN_MAT_DOMCMPT,TONNES,MF22,892727.0
2000,EN_MAT_DOMCMPT,TONNES,MF_AGG3B,712400.0
2001,EN_MAT_DOMCMPT,TONNES,MF_AGG3B,953712.0
2002,EN_MAT_DOMCMPT,TONNES,MF_AGG3B,868329.0
2003,EN_MAT_DOMCMPT,TONNES,MF_AGG3B,474027.0
2004,EN_MAT_DOMCMPT,TONNES,MF_AGG3B,673221.0
2005,EN_MAT_DOMCMPT,TONNES,MF_AGG3B,989939.0
2006,EN_MAT_DOMCMPT,TONNES,MF_AGG3B,1687683.0
2007,EN_MAT_DOMCMPT,TONNES,MF_AGG3B,2301692.0
2008,EN_MAT_DOMCMPT,TONNES,MF_AGG3B,2349561.0
2009,EN_MAT_DOMCMPT,TONNES,MF_AGG3B,1954762.0
2010,EN_MAT_DOMCMPT,TONNES,MF_AGG3B,1511972.0
2011,EN_MAT_DOMCMPT,TONNES,MF_AGG3B,1875354.0
2012,EN_MAT_DOMCMPT,TONNES,MF_AGG3B,1860735.0
2013,EN_MAT_DOMCMPT,TONNES,MF_AGG3B,1613745.0
2014,EN_MAT_DOMCMPT,TONNES,MF_AGG3B,1802499.0
2015,EN_MAT_DOMCMPT,TONNES,MF_AGG3B,1898417.0
2016,EN_MAT_DOMCMPT,TONNES,MF_AGG3B,1994336.0
2017,EN_MAT_DOMCMPT,TONNES,MF_AGG3B,2090255.0
2000,EN_MAT_DOMCMPT,TONNES,MF_AGG3A,6413484.0
2001,EN_MAT_DOMCMPT,TONNES,MF_AGG3A,7063890.0
2002,EN_MAT_DOMCMPT,TONNES,MF_AGG3A,8490140.0
2003,EN_MAT_DOMCMPT,TONNES,MF_AGG3A,14417888.0
2004,EN_MAT_DOMCMPT,TONNES,MF_AGG3A,12485677.0
2005,EN_MAT_DOMCMPT,TONNES,MF_AGG3A,9624076.0
2006,EN_MAT_DOMCMPT,TONNES,MF_AGG3A,11916651.0
2007,EN_MAT_DOMCMPT,TONNES,MF_AGG3A,13198376.0
2008,EN_MAT_DOMCMPT,TONNES,MF_AGG3A,14147934.0
2009,EN_MAT_DOMCMPT,TONNES,MF_AGG3A,13570620.0
2010,EN_MAT_DOMCMPT,TONNES,MF_AGG3A,14084845.0
2011,EN_MAT_DOMCMPT,TONNES,MF_AGG3A,13232058.0
2012,EN_MAT_DOMCMPT,TONNES,MF_AGG3A,13938610.0
2013,EN_MAT_DOMCMPT,TONNES,MF_AGG3A,15504799.0
2014,EN_MAT_DOMCMPT,TONNES,MF_AGG3A,16718248.0
2015,EN_MAT_DOMCMPT,TONNES,MF_AGG3A,17747401.0
2016,EN_MAT_DOMCMPT,TONNES,MF_AGG3A,18776554.0
2017,EN_MAT_DOMCMPT,TONNES,MF_AGG3A,19805706.0
2000,EN_MAT_DOMCMPT,TONNES,MF3,7125884.0
2001,EN_MAT_DOMCMPT,TONNES,MF3,8017602.0
2002,EN_MAT_DOMCMPT,TONNES,MF3,9358469.0
2003,EN_MAT_DOMCMPT,TONNES,MF3,14891914.0
2004,EN_MAT_DOMCMPT,TONNES,MF3,13158898.0
2005,EN_MAT_DOMCMPT,TONNES,MF3,10614015.0
2006,EN_MAT_DOMCMPT,TONNES,MF3,13604334.0
2007,EN_MAT_DOMCMPT,TONNES,MF3,15500068.0
2008,EN_MAT_DOMCMPT,TONNES,MF3,16497494.0
2009,EN_MAT_DOMCMPT,TONNES,MF3,15525382.0
2010,EN_MAT_DOMCMPT,TONNES,MF3,15596817.0
2011,EN_MAT_DOMCMPT,TONNES,MF3,15107412.0
2012,EN_MAT_DOMCMPT,TONNES,MF3,15799345.0
2013,EN_MAT_DOMCMPT,TONNES,MF3,17118544.0
2014,EN_MAT_DOMCMPT,TONNES,MF3,18520747.0
2015,EN_MAT_DOMCMPT,TONNES,MF3,19645818.0
2016,EN_MAT_DOMCMPT,TONNES,MF3,20770890.0
2017,EN_MAT_DOMCMPT,TONNES,MF3,21895961.0
2000,EN_MAT_DOMCMPT,TONNES,MF421,1148000.0
2001,EN_MAT_DOMCMPT,TONNES,MF421,1123000.0
2002,EN_MAT_DOMCMPT,TONNES,MF421,1087000.0
2003,EN_MAT_DOMCMPT,TONNES,MF421,1011000.0
2004,EN_MAT_DOMCMPT,TONNES,MF421,1187000.0
2005,EN_MAT_DOMCMPT,TONNES,MF421,1120000.0
2006,EN_MAT_DOMCMPT,TONNES,MF421,1201000.0
2007,EN_MAT_DOMCMPT,TONNES,MF421,1278000.0
2008,EN_MAT_DOMCMPT,TONNES,MF421,1471000.0
2009,EN_MAT_DOMCMPT,TONNES,MF421,1637000.0
2010,EN_MAT_DOMCMPT,TONNES,MF421,1670000.0
2011,EN_MAT_DOMCMPT,TONNES,MF421,1714000.0
2012,EN_MAT_DOMCMPT,TONNES,MF421,1533000.0
2013,EN_MAT_DOMCMPT,TONNES,MF421,1489000.0
2014,EN_MAT_DOMCMPT,TONNES,MF421,1385000.0
2015,EN_MAT_DOMCMPT,TONNES,MF421,1426607.0
2016,EN_MAT_DOMCMPT,TONNES,MF421,1468214.0
2017,EN_MAT_DOMCMPT,TONNES,MF421,1509821.0
2000,EN_MAT_DOMCMPT,TONNES,MF14,8465.0
2001,EN_MAT_DOMCMPT,TONNES,MF14,8679.0
2002,EN_MAT_DOMCMPT,TONNES,MF14,11182.0
2003,EN_MAT_DOMCMPT,TONNES,MF14,11748.0
2004,EN_MAT_DOMCMPT,TONNES,MF14,13649.0
2005,EN_MAT_DOMCMPT,TONNES,MF14,15432.0
2006,EN_MAT_DOMCMPT,TONNES,MF14,11180.0
2007,EN_MAT_DOMCMPT,TONNES,MF14,11029.0
2008,EN_MAT_DOMCMPT,TONNES,MF14,10938.0
2009,EN_MAT_DOMCMPT,TONNES,MF14,10162.0
2010,EN_MAT_DOMCMPT,TONNES,MF14,9106.0
2011,EN_MAT_DOMCMPT,TONNES,MF14,8310.0
2012,EN_MAT_DOMCMPT,TONNES,MF14,8391.0
2013,EN_MAT_DOMCMPT,TONNES,MF14,8855.0
2014,EN_MAT_DOMCMPT,TONNES,MF14,8855.0
2015,EN_MAT_DOMCMPT,TONNES,MF14,8682.0
2016,EN_MAT_DOMCMPT,TONNES,MF14,8510.0
2017,EN_MAT_DOMCMPT,TONNES,MF14,8337.0
2000,EN_MAT_DOMCMPT,TONNES,MF13,2478757.0
2001,EN_MAT_DOMCMPT,TONNES,MF13,2185477.0
2002,EN_MAT_DOMCMPT,TONNES,MF13,2454677.0
2003,EN_MAT_DOMCMPT,TONNES,MF13,2390059.0
2004,EN_MAT_DOMCMPT,TONNES,MF13,1830655.0
2005,EN_MAT_DOMCMPT,TONNES,MF13,1925044.0
2006,EN_MAT_DOMCMPT,TONNES,MF13,2120334.0
2007,EN_MAT_DOMCMPT,TONNES,MF13,1853219.0
2008,EN_MAT_DOMCMPT,TONNES,MF13,2035444.0
2009,EN_MAT_DOMCMPT,TONNES,MF13,1716285.0
2010,EN_MAT_DOMCMPT,TONNES,MF13,1926305.0
2011,EN_MAT_DOMCMPT,TONNES,MF13,2013618.0
2012,EN_MAT_DOMCMPT,TONNES,MF13,2088522.0
2013,EN_MAT_DOMCMPT,TONNES,MF13,2221379.0
2014,EN_MAT_DOMCMPT,TONNES,MF13,2132902.0
2015,EN_MAT_DOMCMPT,TONNES,MF13,1994345.0
2016,EN_MAT_DOMCMPT,TONNES,MF13,1982417.0
2017,EN_MAT_DOMCMPT,TONNES,MF13,1970489.0
