Year,SERIES,UNIT_MEASURE,WASTE_TREATMENT,ACTIVITY,Value
2003,EN_HAZ_EXP,TONNES,,,7094.29981
2004,EN_HAZ_EXP,TONNES,,,709.42999
2005,EN_HAZ_EXP,TONNES,,,656.0
2006,EN_HAZ_EXP,TONNES,,,666.0
2007,EN_HAZ_EXP,TONNES,,,444.73599
2008,EN_HAZ_EXP,TONNES,,,497.05621
2009,EN_HAZ_EXP,TONNES,,,314.5
2010,EN_HAZ_EXP,TONNES,,,87.0
2011,EN_HAZ_EXP,TONNES,,,426.194
2012,EN_HAZ_EXP,TONNES,,,554.39203
2013,EN_HAZ_EXP,TONNES,,,506.28299
2014,EN_HAZ_EXP,TONNES,,,568.88599
2008,EN_HAZ_GENV,TONNES,,,10588.0
2009,EN_HAZ_GENV,TONNES,,,9632.0
2010,EN_HAZ_GENV,TONNES,,,10320.0
2012,EN_HAZ_GENV,TONNES,,,945923.0
2014,EN_HAZ_GENV,TONNES,,,8703.0
2016,EN_HAZ_GENV,TONNES,,,13292.0
2018,EN_HAZ_GENV,TONNES,,,14162.0
2020,EN_HAZ_GENV,TONNES,,,9943.0
2008,EN_HAZ_PCAP,KG,,,2.685
2009,EN_HAZ_PCAP,KG,,,2.4839
2010,EN_HAZ_PCAP,KG,,,2.7079
2012,EN_HAZ_PCAP,KG,,,2.5743
2014,EN_HAZ_PCAP,KG,,,2.4371
2016,EN_HAZ_PCAP,KG,,,3.8185
2018,EN_HAZ_PCAP,KG,,,4.1651
2020,EN_HAZ_PCAP,KG,,,2.9963
2008,EN_HAZ_GENGDP,KG_PER_CON_USD,,,0.0007
2009,EN_HAZ_GENGDP,KG_PER_CON_USD,,,0.0006
2010,EN_HAZ_GENGDP,KG_PER_CON_USD,,,0.0007
2012,EN_HAZ_GENGDP,KG_PER_CON_USD,,,0.0623
2014,EN_HAZ_GENGDP,KG_PER_CON_USD,,,0.0006
2016,EN_HAZ_GENGDP,KG_PER_CON_USD,,,0.0008
2018,EN_HAZ_GENGDP,KG_PER_CON_USD,,,0.0008
2020,EN_HAZ_GENGDP,KG_PER_CON_USD,,,0.0006
2004,EN_HAZ_IMP,TONNES,,,0.0
2006,EN_HAZ_IMP,TONNES,,,0.0
2008,EN_HAZ_IMP,TONNES,,,0.0
2010,EN_HAZ_IMP,TONNES,,,0.0
2011,EN_HAZ_IMP,TONNES,,,0.0
2012,EN_HAZ_IMP,TONNES,,,0.0
2013,EN_HAZ_IMP,TONNES,,,0.0
2014,EN_HAZ_IMP,TONNES,,,0.0
2004,EN_HAZ_TREATV,TONNES,INCINRT,,0.0
2006,EN_HAZ_TREATV,TONNES,INCINRT,,0.0
2008,EN_HAZ_TREATV,TONNES,INCINRT,,0.0
2010,EN_HAZ_TREATV,TONNES,INCINRT,,0.0
2011,EN_HAZ_TREATV,TONNES,INCINRT,,0.0
2012,EN_HAZ_TREATV,TONNES,INCINRT,,0.0
2008,EN_MWT_COLLV,TONNES,,,
2008,EN_MWT_GENV,TONNES,,,1367000.0
2009,EN_MWT_GENV,TONNES,,,1362000.0
2010,EN_MWT_GENV,TONNES,,,1276000.0
2011,EN_MWT_GENV,TONNES,,,1307000.0
2012,EN_MWT_GENV,TONNES,,,1303000.0
2013,EN_MWT_GENV,TONNES,,,1192000.0
2014,EN_MWT_GENV,TONNES,,,1335000.0
2015,EN_MWT_GENV,TONNES,,,1249000.0
2016,EN_MWT_GENV,TONNES,,,1244000.0
2017,EN_MWT_GENV,TONNES,,,1235000.0
2018,EN_MWT_GENV,TONNES,,,1244000.0
2019,EN_MWT_GENV,TONNES,,,1228000.0
2020,EN_MWT_GENV,TONNES,,,1206000.0
2021,EN_MWT_GENV,TONNES,,,1229000.0
2017,EN_MWT_TREATR,PT,LANDFIL,,
2018,EN_MWT_TREATR,PT,LANDFIL,,
2019,EN_MWT_TREATR,PT,LANDFIL,,
2020,EN_MWT_TREATR,PT,LANDFIL,,
2021,EN_MWT_TREATR,PT,LANDFIL,,
2008,EN_MWT_TREATR,PT,INCINRT,,0.0
2009,EN_MWT_TREATR,PT,INCINRT,,0.0
2010,EN_MWT_TREATR,PT,INCINRT,,0.0
2011,EN_MWT_TREATR,PT,INCINRT,,0.0
2012,EN_MWT_TREATR,PT,INCINRT,,0.0
2013,EN_MWT_TREATR,PT,INCINRT,,0.0
2014,EN_MWT_TREATR,PT,INCINRT,,0.0
2015,EN_MWT_TREATR,PT,INCINRT,,0.0
2016,EN_MWT_TREATR,PT,INCINRT,,0.0
2017,EN_MWT_TREATR,PT,INCINRT,,0.0
2018,EN_MWT_TREATR,PT,INCINRT,,0.0
2019,EN_MWT_TREATR,PT,INCINRT,,0.0
2020,EN_MWT_TREATR,PT,INCINRT,,0.0
2021,EN_MWT_TREATR,PT,INCINRT,,78.60049
2008,EN_MWT_TREATR,PT,INCINRT_EGY,,0.0
2009,EN_MWT_TREATR,PT,INCINRT_EGY,,0.0
2010,EN_MWT_TREATR,PT,INCINRT_EGY,,0.0
2011,EN_MWT_TREATR,PT,INCINRT_EGY,,0.0
2012,EN_MWT_TREATR,PT,INCINRT_EGY,,0.0
2013,EN_MWT_TREATR,PT,INCINRT_EGY,,0.0
2014,EN_MWT_TREATR,PT,INCINRT_EGY,,0.0
2015,EN_MWT_TREATR,PT,INCINRT_EGY,,0.0
2016,EN_MWT_TREATR,PT,INCINRT_EGY,,0.0
2017,EN_MWT_TREATR,PT,INCINRT_EGY,,0.0
2012,EN_TWT_GENV,TONNES,,ISIC4_A,0.0
2014,EN_TWT_GENV,TONNES,,ISIC4_A,0.0
2016,EN_TWT_GENV,TONNES,,ISIC4_A,0.0
2018,EN_TWT_GENV,TONNES,,ISIC4_A,0.0
2020,EN_TWT_GENV,TONNES,,ISIC4_A,0.0
2008,EN_TWT_GENV,TONNES,,ISIC4_B,87148.003
2009,EN_TWT_GENV,TONNES,,ISIC4_B,83616.997
2010,EN_TWT_GENV,TONNES,,ISIC4_B,104000.0
2012,EN_TWT_GENV,TONNES,,ISIC4_B,72364.0
2014,EN_TWT_GENV,TONNES,,ISIC4_B,85279.0
2016,EN_TWT_GENV,TONNES,,ISIC4_B,216356.0
2018,EN_TWT_GENV,TONNES,,ISIC4_B,551584.0
2020,EN_TWT_GENV,TONNES,,ISIC4_B,765270.0
2008,EN_TWT_GENV,TONNES,,ISIC4_C,3563000.0
2009,EN_TWT_GENV,TONNES,,ISIC4_C,3077568.115
2010,EN_TWT_GENV,TONNES,,ISIC4_C,1325000.0
2012,EN_TWT_GENV,TONNES,,ISIC4_C,1213475.0
2014,EN_TWT_GENV,TONNES,,ISIC4_C,1304841.0
2016,EN_TWT_GENV,TONNES,,ISIC4_C,1422448.0
2018,EN_TWT_GENV,TONNES,,ISIC4_C,1893270.0
2020,EN_TWT_GENV,TONNES,,ISIC4_C,1842260.0
2008,EN_TWT_GENV,TONNES,,ISIC4_D,1059000.0
2009,EN_TWT_GENV,TONNES,,ISIC4_D,1563614.014
2010,EN_TWT_GENV,TONNES,,ISIC4_D,1583119.995
2012,EN_TWT_GENV,TONNES,,ISIC4_D,3170717.0
2014,EN_TWT_GENV,TONNES,,ISIC4_D,2666984.0
2016,EN_TWT_GENV,TONNES,,ISIC4_D,3061988.0
2018,EN_TWT_GENV,TONNES,,ISIC4_D,3247689.0
2020,EN_TWT_GENV,TONNES,,ISIC4_D,3129364.0
2014,EN_TWT_GENV,TONNES,,ISIC4_F,149146.0
2016,EN_TWT_GENV,TONNES,,ISIC4_F,156918.0
2018,EN_TWT_GENV,TONNES,,ISIC4_F,122916.0
2020,EN_TWT_GENV,TONNES,,ISIC4_F,85972.0
2003,EN_TWT_GENV,TONNES,,ISIC4_T,915165.283
2004,EN_TWT_GENV,TONNES,,ISIC4_T,894664.429
2005,EN_TWT_GENV,TONNES,,ISIC4_T,948811.89
2006,EN_TWT_GENV,TONNES,,ISIC4_T,1002959.412
2007,EN_TWT_GENV,TONNES,,ISIC4_T,1057106.934
2008,EN_TWT_GENV,TONNES,,ISIC4_T,1065105.225
2009,EN_TWT_GENV,TONNES,,ISIC4_T,996164.978
2010,EN_TWT_GENV,TONNES,,ISIC4_T,839164.978
2011,EN_TWT_GENV,TONNES,,ISIC4_T,836145.02
2013,EN_TWT_GENV,TONNES,,ISIC4_T,705317.017
2014,EN_TWT_GENV,TONNES,,ISIC4_T,761536.987
2015,EN_TWT_GENV,TONNES,,ISIC4_T,715000.0
2018,EN_TWT_GENV,TONNES,,ISIC4_T,920541.0
2020,EN_TWT_GENV,TONNES,,ISIC4_T,902567.0
2003,EN_TWT_GENV,TONNES,,_T,915165.283
2004,EN_TWT_GENV,TONNES,,_T,894664.429
2005,EN_TWT_GENV,TONNES,,_T,948811.89
2006,EN_TWT_GENV,TONNES,,_T,1002959.412
2007,EN_TWT_GENV,TONNES,,_T,1057106.934
2008,EN_TWT_GENV,TONNES,,_T,5774253.418
2009,EN_TWT_GENV,TONNES,,_T,5720964.355
2010,EN_TWT_GENV,TONNES,,_T,3851284.912
2011,EN_TWT_GENV,TONNES,,_T,836145.02
2012,EN_TWT_GENV,TONNES,,_T,4456556.0
2013,EN_TWT_GENV,TONNES,,_T,705317.017
2014,EN_TWT_GENV,TONNES,,_T,5540772.0
2015,EN_TWT_GENV,TONNES,,_T,715000.0
2016,EN_TWT_GENV,TONNES,,_T,6127022.0
2018,EN_TWT_GENV,TONNES,,_T,6747605.0
2020,EN_TWT_GENV,TONNES,,_T,6753458.0
