Year,SERIES,UNIT_MEASURE,WASTE_TREATMENT,ACTIVITY,Value
2014,EN_HAZ_EXP,TONNES,,,0.0
2016,EN_HAZ_GENV,TONNES,,,13292.0
2018,EN_HAZ_GENV,TONNES,,,14157.0
2020,EN_HAZ_GENV,TONNES,,,9942.0
2016,EN_HAZ_PCAP,KG,,,3.9
2018,EN_HAZ_PCAP,KG,,,3.8
2020,EN_HAZ_PCAP,KG,,,2.9
2016,EN_HAZ_GENGDP,KG_PER_CON_USD,,,0.0008
2014,EN_HAZ_IMP,TONNES,,,0.0
2012,EN_HAZ_TREATV,TONNES,INCINRT,,0.0
2008,EN_MWT_COLLV,TONNES,,,1367090.0
2009,EN_MWT_COLLV,TONNES,,,1260060.0
2010,EN_MWT_COLLV,TONNES,,,1057768.0
2011,EN_MWT_COLLV,TONNES,,,1027006.0
2012,EN_MWT_COLLV,TONNES,,,964121.0
2013,EN_MWT_COLLV,TONNES,,,882049.0
2014,EN_MWT_COLLV,TONNES,,,989546.0
2015,EN_MWT_COLLV,TONNES,,,924051.0
2016,EN_MWT_COLLV,TONNES,,,920478.0
2017,EN_MWT_COLLV,TONNES,,,914232.0
2018,EN_MWT_COLLV,TONNES,,,920540.0
2019,EN_MWT_COLLV,TONNES,,,933455.0
2020,EN_MWT_COLLV,TONNES,,,922844.0
2021,EN_MWT_COLLV,TONNES,,,940405.0
2016,EN_MWT_GENV,TONNES,,,1243889.0
2019,EN_MWT_GENV,TONNES,,,1228309.0
2020,EN_MWT_GENV,TONNES,,,1206147.0
2021,EN_MWT_GENV,TONNES,,,1228916.0
2017,EN_MWT_TREATR,PT,LANDFIL,,76.59919
2008,EN_TWT_GENV,TONNES,,ISIC4_B,87148.00263
2009,EN_TWT_GENV,TONNES,,ISIC4_B,83616.99677
2010,EN_TWT_GENV,TONNES,,ISIC4_B,104000.0
2012,EN_TWT_GENV,TONNES,,ISIC4_B,72363.99841
2014,EN_TWT_GENV,TONNES,,ISIC4_B,85000.0
2008,EN_TWT_GENV,TONNES,,ISIC4_C,3563000.0
2009,EN_TWT_GENV,TONNES,,ISIC4_C,3077568.115
2010,EN_TWT_GENV,TONNES,,ISIC4_C,1325000.0
2012,EN_TWT_GENV,TONNES,,ISIC4_C,1213474.976
2014,EN_TWT_GENV,TONNES,,ISIC4_C,1305000.0
2008,EN_TWT_GENV,TONNES,,ISIC4_D,1059000.0
2009,EN_TWT_GENV,TONNES,,ISIC4_D,1563614.014
2010,EN_TWT_GENV,TONNES,,ISIC4_D,1583119.995
2012,EN_TWT_GENV,TONNES,,ISIC4_D,3170717.041
2014,EN_TWT_GENV,TONNES,,ISIC4_D,2656462.891
2000,EN_TWT_GENV,TONNES,,ISIC4_T,837669.4336
2001,EN_TWT_GENV,TONNES,,ISIC4_T,863226.7456
2002,EN_TWT_GENV,TONNES,,ISIC4_T,892008.3618
2003,EN_TWT_GENV,TONNES,,ISIC4_T,915165.2832
2004,EN_TWT_GENV,TONNES,,ISIC4_T,894664.4287
2005,EN_TWT_GENV,TONNES,,ISIC4_T,948811.8896
2006,EN_TWT_GENV,TONNES,,ISIC4_T,1002959.412
2007,EN_TWT_GENV,TONNES,,ISIC4_T,1057106.934
2008,EN_TWT_GENV,TONNES,,ISIC4_T,1065105.225
2009,EN_TWT_GENV,TONNES,,ISIC4_T,996164.978
2010,EN_TWT_GENV,TONNES,,ISIC4_T,839164.978
2011,EN_TWT_GENV,TONNES,,ISIC4_T,836145.0195
2012,EN_TWT_GENV,TONNES,,ISIC4_T,773823.9746
2013,EN_TWT_GENV,TONNES,,ISIC4_T,705317.0166
2014,EN_TWT_GENV,TONNES,,ISIC4_T,761536.9873
2015,EN_TWT_GENV,TONNES,,ISIC4_T,715000.0
2000,EN_TWT_GENV,TONNES,,_T,837669.4336
2001,EN_TWT_GENV,TONNES,,_T,863226.7456
2002,EN_TWT_GENV,TONNES,,_T,892008.3618
2003,EN_TWT_GENV,TONNES,,_T,915165.2832
2004,EN_TWT_GENV,TONNES,,_T,894664.4287
2005,EN_TWT_GENV,TONNES,,_T,948811.8896
2006,EN_TWT_GENV,TONNES,,_T,1002959.412
2007,EN_TWT_GENV,TONNES,,_T,1057106.934
2008,EN_TWT_GENV,TONNES,,_T,5774253.418
2009,EN_TWT_GENV,TONNES,,_T,5720964.355
2010,EN_TWT_GENV,TONNES,,_T,3851284.912
2011,EN_TWT_GENV,TONNES,,_T,836145.0195
2012,EN_TWT_GENV,TONNES,,_T,5230379.883
2013,EN_TWT_GENV,TONNES,,_T,705317.0166
2014,EN_TWT_GENV,TONNES,,_T,4808000.0
2015,EN_TWT_GENV,TONNES,,_T,715000.0
