Year,SERIES,UNIT_MEASURE,AGE,SEX,Value
2015,AG_PRD_FIESMS,PT,Y_GE15,F,9.61827
2016,AG_PRD_FIESMS,PT,Y_GE15,F,9.06745
2017,AG_PRD_FIESMS,PT,Y_GE15,F,7.78605
2018,AG_PRD_FIESMS,PT,Y_GE15,F,8.17431
2015,AG_PRD_FIESMS,PT,Y_GE15,M,9.18687
2016,AG_PRD_FIESMS,PT,Y_GE15,M,10.96086
2017,AG_PRD_FIESMS,PT,Y_GE15,M,9.20166
2018,AG_PRD_FIESMS,PT,Y_GE15,M,9.61538
2015,AG_PRD_FIESMS,PT,_T,_T,9.59245
2016,AG_PRD_FIESMS,PT,_T,_T,10.26853
2017,AG_PRD_FIESMS,PT,_T,_T,8.6838
2018,AG_PRD_FIESMS,PT,_T,_T,9.18705
2015,AG_PRD_FIESS,PT,Y_GE15,F,1.36182
2016,AG_PRD_FIESS,PT,Y_GE15,F,1.36499
2017,AG_PRD_FIESS,PT,Y_GE15,F,1.00075
2018,AG_PRD_FIESS,PT,Y_GE15,F,1.17074
2015,AG_PRD_FIESS,PT,Y_GE15,M,1.72603
2016,AG_PRD_FIESS,PT,Y_GE15,M,2.09713
2017,AG_PRD_FIESS,PT,Y_GE15,M,1.53019
2018,AG_PRD_FIESS,PT,Y_GE15,M,1.55626
2015,AG_PRD_FIESS,PT,_T,_T,1.5382
2016,AG_PRD_FIESS,PT,_T,_T,1.76184
2017,AG_PRD_FIESS,PT,_T,_T,1.32249
2018,AG_PRD_FIESS,PT,_T,_T,1.45702
2015,AG_PRD_FIESMSN,THOUSANDS,Y_GE15,F,143.9
2016,AG_PRD_FIESMSN,THOUSANDS,Y_GE15,F,134.2
2017,AG_PRD_FIESMSN,THOUSANDS,Y_GE15,F,114.3
2018,AG_PRD_FIESMSN,THOUSANDS,Y_GE15,F,119.1
2019,AG_PRD_FIESMSN,THOUSANDS,Y_GE15,F,153.9
2020,AG_PRD_FIESMSN,THOUSANDS,Y_GE15,F,198.4
2015,AG_PRD_FIESMSN,THOUSANDS,Y_GE15,M,130.2
2016,AG_PRD_FIESMSN,THOUSANDS,Y_GE15,M,153.6
2017,AG_PRD_FIESMSN,THOUSANDS,Y_GE15,M,127.8
2018,AG_PRD_FIESMSN,THOUSANDS,Y_GE15,M,132.5
2019,AG_PRD_FIESMSN,THOUSANDS,Y_GE15,M,134.8
2020,AG_PRD_FIESMSN,THOUSANDS,Y_GE15,M,150.6
2015,AG_PRD_FIESMSN,THOUSANDS,_T,_T,329.3
2016,AG_PRD_FIESMSN,THOUSANDS,_T,_T,348.0
2017,AG_PRD_FIESMSN,THOUSANDS,_T,_T,291.2
2018,AG_PRD_FIESMSN,THOUSANDS,_T,_T,305.5
2019,AG_PRD_FIESMSN,THOUSANDS,_T,_T,331.8
2020,AG_PRD_FIESMSN,THOUSANDS,_T,_T,413.2
2015,AG_PRD_FIESSN,THOUSANDS,Y_GE15,F,20.37518
2016,AG_PRD_FIESSN,THOUSANDS,Y_GE15,F,20.20242
2017,AG_PRD_FIESSN,THOUSANDS,Y_GE15,F,14.6899
2018,AG_PRD_FIESSN,THOUSANDS,Y_GE15,F,17.06139
2015,AG_PRD_FIESSN,THOUSANDS,Y_GE15,M,24.45721
2016,AG_PRD_FIESSN,THOUSANDS,Y_GE15,M,29.3821
2017,AG_PRD_FIESSN,THOUSANDS,Y_GE15,M,21.2497
2018,AG_PRD_FIESSN,THOUSANDS,Y_GE15,M,21.43889
2015,AG_PRD_FIESSN,THOUSANDS,_T,_T,52.79993
2016,AG_PRD_FIESSN,THOUSANDS,_T,_T,59.70975
2017,AG_PRD_FIESSN,THOUSANDS,_T,_T,44.35517
2018,AG_PRD_FIESSN,THOUSANDS,_T,_T,48.45317
