Year,SERIES,UNIT_MEASURE,Value
2000,DC_TOF_AGRL,USD,101.23285
2001,DC_TOF_AGRL,USD,84.27593
2002,DC_TOF_AGRL,USD,9.61141
2003,DC_TOF_AGRL,USD,12.45719
2004,DC_TOF_AGRL,USD,38.93128
2005,DC_TOF_AGRL,USD,11.65837
2006,DC_TOF_AGRL,USD,11.78383
2007,DC_TOF_AGRL,USD,11.906
2008,DC_TOF_AGRL,USD,12.98218
2009,DC_TOF_AGRL,USD,19.31165
2010,DC_TOF_AGRL,USD,15.04609
2011,DC_TOF_AGRL,USD,17.41843
2012,DC_TOF_AGRL,USD,19.4012
2013,DC_TOF_AGRL,USD,20.96925
2014,DC_TOF_AGRL,USD,17.95875
2015,DC_TOF_AGRL,USD,10.89256
2016,DC_TOF_AGRL,USD,7.73341
2017,DC_TOF_AGRL,USD,9.5384
2018,DC_TOF_AGRL,USD,14.23957
