Year,SERIES,UNIT_MEASURE,SEX,COMPOSITE_BREAKDOWN,Value
2017,SE_ADT_ACTS,PT,_T,SKILL_ICTSSHT,9.16614
2019,SE_ADT_ACTS,PT,_T,SKILL_ICTSSHT,7.52968
2017,SE_ADT_ACTS,PT,_T,SKILL_ICTCMFL,59.63432
2019,SE_ADT_ACTS,PT,_T,SKILL_ICTCMFL,44.59803
2017,SE_ADT_ACTS,PT,_T,SKILL_ICTCPT,28.14609
2019,SE_ADT_ACTS,PT,_T,SKILL_ICTCPT,22.46445
2019,SE_ADT_ACTS,PT,_T,SKILL_ICTATCH,30.09595
2017,SE_ADT_ACTS,PT,_T,SKILL_ICTPST,12.45847
2019,SE_ADT_ACTS,PT,_T,SKILL_ICTPST,11.0905
2017,SE_ADT_ACTS,PT,_T,SKILL_ICTPRGM,2.08691
2019,SE_ADT_ACTS,PT,_T,SKILL_ICTPRGM,2.13639
2017,SE_ADT_ACTS,PT,_T,SKILL_ICTSFWR,22.29269
2017,SE_ADT_ACTS,PT,_T,SKILL_ICTTRFF,59.74172
2019,SE_ADT_ACTS,PT,_T,SKILL_ICTTRFF,49.02722
2017,SE_ADT_ACTS,PT,F,SKILL_ICTSSHT,9.29936
2019,SE_ADT_ACTS,PT,F,SKILL_ICTSSHT,6.28157
2017,SE_ADT_ACTS,PT,F,SKILL_ICTCMFL,57.95128
2019,SE_ADT_ACTS,PT,F,SKILL_ICTCMFL,43.36247
2017,SE_ADT_ACTS,PT,F,SKILL_ICTCPT,25.87817
2019,SE_ADT_ACTS,PT,F,SKILL_ICTCPT,19.28883
2019,SE_ADT_ACTS,PT,F,SKILL_ICTATCH,26.12795
2017,SE_ADT_ACTS,PT,F,SKILL_ICTPST,10.67309
2019,SE_ADT_ACTS,PT,F,SKILL_ICTPST,9.24555
2017,SE_ADT_ACTS,PT,F,SKILL_ICTPRGM,1.0229
2019,SE_ADT_ACTS,PT,F,SKILL_ICTPRGM,0.98752
2017,SE_ADT_ACTS,PT,F,SKILL_ICTSFWR,19.90068
2017,SE_ADT_ACTS,PT,F,SKILL_ICTTRFF,56.43204
2019,SE_ADT_ACTS,PT,F,SKILL_ICTTRFF,46.93722
2017,SE_ADT_ACTS,PT,M,SKILL_ICTSSHT,9.01728
2019,SE_ADT_ACTS,PT,M,SKILL_ICTSSHT,8.9678
2017,SE_ADT_ACTS,PT,M,SKILL_ICTCMFL,61.51488
2019,SE_ADT_ACTS,PT,M,SKILL_ICTCMFL,46.02169
2017,SE_ADT_ACTS,PT,M,SKILL_ICTCPT,30.68018
2019,SE_ADT_ACTS,PT,M,SKILL_ICTCPT,26.12354
2019,SE_ADT_ACTS,PT,M,SKILL_ICTATCH,34.66806
2017,SE_ADT_ACTS,PT,M,SKILL_ICTPST,14.45337
2019,SE_ADT_ACTS,PT,M,SKILL_ICTPST,13.21634
2017,SE_ADT_ACTS,PT,M,SKILL_ICTPRGM,3.27579
2019,SE_ADT_ACTS,PT,M,SKILL_ICTPRGM,3.46017
2017,SE_ADT_ACTS,PT,M,SKILL_ICTSFWR,24.96542
2017,SE_ADT_ACTS,PT,M,SKILL_ICTTRFF,63.43982
2019,SE_ADT_ACTS,PT,M,SKILL_ICTTRFF,51.43541
