Year,SERIES,UNIT_MEASURE,EDUCATION_LEV,INCOME_WEALTH_QUANTILE,SEX,COMPOSITE_BREAKDOWN,URBANISATION,Value
2000,SE_AGP_CPRA,RO,ISCED11_2,_T,,,_T,1.00164
2006,SE_AGP_CPRA,RO,ISCED11_2,_T,,,_T,0.99919
2012,SE_AGP_CPRA,RO,ISCED11_2,_T,,,_T,1.00151
2012,SE_AGP_CPRA,RO,ISCED11_2,Q1,,,_T,0.91118
2012,SE_AGP_CPRA,RO,ISCED11_2,Q2,,,_T,1.10629
2012,SE_AGP_CPRA,RO,ISCED11_2,Q3,,,_T,1.02274
2012,SE_AGP_CPRA,RO,ISCED11_2,Q4,,,_T,0.96968
2012,SE_AGP_CPRA,RO,ISCED11_2,Q5,,,_T,1.0
2000,SE_AGP_CPRA,RO,ISCED11_1,_T,,,_T,1.00713
2006,SE_AGP_CPRA,RO,ISCED11_1,_T,,,_T,0.99829
2012,SE_AGP_CPRA,RO,ISCED11_1,_T,,,_T,1.00303
2012,SE_AGP_CPRA,RO,ISCED11_1,Q1,,,_T,0.99409
2012,SE_AGP_CPRA,RO,ISCED11_1,Q2,,,_T,1.0
2012,SE_AGP_CPRA,RO,ISCED11_1,Q3,,,_T,1.01929
2012,SE_AGP_CPRA,RO,ISCED11_1,Q4,,,_T,1.0
2012,SE_AGP_CPRA,RO,ISCED11_1,Q5,,,_T,1.0
2000,SE_AGP_CPRA,RO,ISCED11_3,_T,,,_T,1.0333
2006,SE_AGP_CPRA,RO,ISCED11_3,_T,,,_T,1.12687
2012,SE_AGP_CPRA,RO,ISCED11_3,_T,,,_T,1.00844
2012,SE_AGP_CPRA,RO,ISCED11_3,Q1,,,_T,0.97794
2012,SE_AGP_CPRA,RO,ISCED11_3,Q2,,,_T,0.98184
2012,SE_AGP_CPRA,RO,ISCED11_3,Q3,,,_T,1.01683
2012,SE_AGP_CPRA,RO,ISCED11_3,Q4,,,_T,1.03215
2012,SE_AGP_CPRA,RO,ISCED11_3,Q5,,,_T,0.99224
2012,SE_AGP_CPRA,RO,ISCED11_2,_T,,,R,1.00371
2012,SE_AGP_CPRA,RO,ISCED11_2,Q1,,,R,0.96297
2012,SE_AGP_CPRA,RO,ISCED11_2,Q2,,,R,1.08995
2012,SE_AGP_CPRA,RO,ISCED11_2,Q3,,,R,1.02782
2012,SE_AGP_CPRA,RO,ISCED11_2,Q4,,,R,0.94893
2012,SE_AGP_CPRA,RO,ISCED11_2,Q5,,,R,0.0
2012,SE_AGP_CPRA,RO,ISCED11_1,_T,,,R,1.005
2012,SE_AGP_CPRA,RO,ISCED11_1,Q1,,,R,0.99663
2012,SE_AGP_CPRA,RO,ISCED11_1,Q2,,,R,1.0
2012,SE_AGP_CPRA,RO,ISCED11_1,Q3,,,R,1.02204
2012,SE_AGP_CPRA,RO,ISCED11_1,Q4,,,R,1.0
2012,SE_AGP_CPRA,RO,ISCED11_1,Q5,,,R,1.0
2012,SE_AGP_CPRA,RO,ISCED11_3,_T,,,R,1.01019
2012,SE_AGP_CPRA,RO,ISCED11_3,Q1,,,R,0.95803
2012,SE_AGP_CPRA,RO,ISCED11_3,Q2,,,R,0.95574
2012,SE_AGP_CPRA,RO,ISCED11_3,Q3,,,R,1.02983
2012,SE_AGP_CPRA,RO,ISCED11_3,Q4,,,R,1.02649
2012,SE_AGP_CPRA,RO,ISCED11_3,Q5,,,R,0.0
2012,SE_AGP_CPRA,RO,ISCED11_2,_T,,,U,0.99678
2012,SE_AGP_CPRA,RO,ISCED11_2,Q1,,,U,0.0
2012,SE_AGP_CPRA,RO,ISCED11_2,Q2,,,U,0.0
2012,SE_AGP_CPRA,RO,ISCED11_2,Q3,,,U,0.0
2012,SE_AGP_CPRA,RO,ISCED11_2,Q4,,,U,0.0
2012,SE_AGP_CPRA,RO,ISCED11_2,Q5,,,U,0.0
2012,SE_AGP_CPRA,RO,ISCED11_1,_T,,,U,0.99838
2012,SE_AGP_CPRA,RO,ISCED11_1,Q1,,,U,0.0
2012,SE_AGP_CPRA,RO,ISCED11_1,Q2,,,U,0.0
2012,SE_AGP_CPRA,RO,ISCED11_1,Q3,,,U,0.0
2012,SE_AGP_CPRA,RO,ISCED11_1,Q4,,,U,1.0
2012,SE_AGP_CPRA,RO,ISCED11_1,Q5,,,U,1.0
2012,SE_AGP_CPRA,RO,ISCED11_3,_T,,,U,1.00534
2012,SE_AGP_CPRA,RO,ISCED11_3,Q1,,,U,0.0
2012,SE_AGP_CPRA,RO,ISCED11_3,Q2,,,U,0.0
2012,SE_AGP_CPRA,RO,ISCED11_3,Q3,,,U,0.0
2012,SE_AGP_CPRA,RO,ISCED11_3,Q4,,,U,0.0
2012,SE_AGP_CPRA,RO,ISCED11_3,Q5,,,U,0.99243
2000,SE_ALP_CPLRRO,,ISCED11_2,_T,_T,,,0.97704
2006,SE_ALP_CPLRRO,,ISCED11_2,_T,_T,,,0.99838
2012,SE_ALP_CPLRRO,,ISCED11_2,_T,_T,,,0.98434
2012,SE_ALP_CPLRRO,,ISCED11_2,_T,F,,,0.98805
2012,SE_ALP_CPLRRO,,ISCED11_2,_T,M,,,0.98121
2012,SE_ALP_CPLR,RO,ISCED11_2,Q1,_T,,,0.0
2012,SE_ALP_CPLR,RO,ISCED11_2,Q1,F,,,0.0
2012,SE_ALP_CPLR,RO,ISCED11_2,Q1,M,,,0.0
2012,SE_ALP_CPLR,RO,ISCED11_2,Q2,_T,,,0.0
2012,SE_ALP_CPLR,RO,ISCED11_2,Q2,F,,,0.0
2012,SE_ALP_CPLR,RO,ISCED11_2,Q2,M,,,0.0
2012,SE_ALP_CPLR,RO,ISCED11_2,Q3,_T,,,0.98433
2012,SE_ALP_CPLR,RO,ISCED11_2,Q3,F,,,0.0
2012,SE_ALP_CPLR,RO,ISCED11_2,Q3,M,,,0.0
2012,SE_ALP_CPLR,RO,ISCED11_2,Q4,_T,,,0.97623
2012,SE_ALP_CPLR,RO,ISCED11_2,Q4,F,,,0.0
2012,SE_ALP_CPLR,RO,ISCED11_2,Q4,M,,,1.00326
2012,SE_ALP_CPLR,RO,ISCED11_2,Q5,_T,,,1.0
2012,SE_ALP_CPLR,RO,ISCED11_2,Q5,F,,,0.0
2012,SE_ALP_CPLR,RO,ISCED11_2,Q5,M,,,0.0
2000,SE_ALP_CPLRRO,,ISCED11_1,_T,_T,,,0.99638
2006,SE_ALP_CPLRRO,,ISCED11_1,_T,_T,,,1.01804
2012,SE_ALP_CPLRRO,,ISCED11_1,_T,_T,,,0.99747
2012,SE_ALP_CPLRRO,,ISCED11_1,_T,F,,,1.00079
2012,SE_ALP_CPLRRO,,ISCED11_1,_T,M,,,0.99417
2012,SE_ALP_CPLR,RO,ISCED11_1,Q1,_T,,,0.0
2012,SE_ALP_CPLR,RO,ISCED11_1,Q1,F,,,0.0
2012,SE_ALP_CPLR,RO,ISCED11_1,Q1,M,,,0.0
2012,SE_ALP_CPLR,RO,ISCED11_1,Q2,_T,,,0.0
2012,SE_ALP_CPLR,RO,ISCED11_1,Q2,F,,,0.0
2012,SE_ALP_CPLR,RO,ISCED11_1,Q2,M,,,0.0
2012,SE_ALP_CPLR,RO,ISCED11_1,Q3,_T,,,0.98717
2012,SE_ALP_CPLR,RO,ISCED11_1,Q3,F,,,0.0
2012,SE_ALP_CPLR,RO,ISCED11_1,Q3,M,,,0.0
2012,SE_ALP_CPLR,RO,ISCED11_1,Q4,_T,,,1.0
2012,SE_ALP_CPLR,RO,ISCED11_1,Q4,F,,,1.0
2012,SE_ALP_CPLR,RO,ISCED11_1,Q4,M,,,1.0
2012,SE_ALP_CPLR,RO,ISCED11_1,Q5,_T,,,1.0
2012,SE_ALP_CPLR,RO,ISCED11_1,Q5,F,,,1.0
2012,SE_ALP_CPLR,RO,ISCED11_1,Q5,M,,,1.0
2000,SE_ALP_CPLRRO,,ISCED11_3,_T,_T,,,0.60731
2006,SE_ALP_CPLRRO,,ISCED11_3,_T,_T,,,0.60786
2012,SE_ALP_CPLRRO,,ISCED11_3,_T,_T,,,0.9377
2012,SE_ALP_CPLRRO,,ISCED11_3,_T,F,,,0.94017
2012,SE_ALP_CPLRRO,,ISCED11_3,_T,M,,,0.93559
2012,SE_ALP_CPLR,RO,ISCED11_3,Q1,_T,,,0.0
2012,SE_ALP_CPLR,RO,ISCED11_3,Q1,F,,,0.0
2012,SE_ALP_CPLR,RO,ISCED11_3,Q1,M,,,0.0
2012,SE_ALP_CPLR,RO,ISCED11_3,Q2,_T,,,0.0
2012,SE_ALP_CPLR,RO,ISCED11_3,Q2,F,,,0.0
2012,SE_ALP_CPLR,RO,ISCED11_3,Q2,M,,,0.0
2012,SE_ALP_CPLR,RO,ISCED11_3,Q3,_T,,,0.91663
2012,SE_ALP_CPLR,RO,ISCED11_3,Q3,F,,,0.0
2012,SE_ALP_CPLR,RO,ISCED11_3,Q4,M,,,0.0
2012,SE_ALP_CPLR,RO,ISCED11_3,Q4,_T,,,1.00836
2012,SE_ALP_CPLR,RO,ISCED11_3,Q4,F,,,0.0
2012,SE_ALP_CPLR,RO,ISCED11_3,Q4,M,,,0.0
2012,SE_ALP_CPLR,RO,ISCED11_3,Q5,_T,,,1.01963
2012,SE_ALP_CPLR,RO,ISCED11_3,Q5,F,,,0.0
2012,SE_ALP_CPLR,RO,ISCED11_3,Q5,M,,,0.0
2006,SE_AWP_CPRA,RO,ISCED11_2,_T,_T,,_T,0.95734
2012,SE_AWP_CPRA,RO,ISCED11_2,_T,_T,,_T,0.90817
2006,SE_AWP_CPRA,RO,ISCED11_1,_T,_T,,_T,0.9952
2012,SE_AWP_CPRA,RO,ISCED11_1,_T,_T,,_T,0.99667
2006,SE_AWP_CPRA,RO,ISCED11_3,_T,_T,,_T,0.40562
2012,SE_AWP_CPRA,RO,ISCED11_3,_T,_T,,_T,0.84739
2012,SE_AWP_CPRA,RO,ISCED11_2,_T,F,,_T,0.86993
2012,SE_AWP_CPRA,RO,ISCED11_1,_T,F,,_T,0.99409
2012,SE_AWP_CPRA,RO,ISCED11_3,_T,F,,_T,0.83858
2012,SE_AWP_CPRA,RO,ISCED11_2,_T,M,,_T,0.95472
2012,SE_AWP_CPRA,RO,ISCED11_1,_T,M,,_T,1.0
2012,SE_AWP_CPRA,RO,ISCED11_3,_T,M,,_T,0.85085
2012,SE_AWP_CPRA,RO,ISCED11_2,_T,_T,,R,0.92155
2012,SE_AWP_CPRA,RO,ISCED11_1,_T,_T,,R,0.99812
2012,SE_AWP_CPRA,RO,ISCED11_3,_T,_T,,R,0.81684
2012,SE_AWP_CPRA,RO,ISCED11_2,_T,F,,R,0.0
2012,SE_AWP_CPRA,RO,ISCED11_1,_T,F,,R,0.99663
2012,SE_AWP_CPRA,RO,ISCED11_3,_T,F,,R,0.0
2012,SE_AWP_CPRA,RO,ISCED11_2,_T,M,,R,0.0
2012,SE_AWP_CPRA,RO,ISCED11_1,_T,M,,R,1.0
2012,SE_AWP_CPRA,RO,ISCED11_3,_T,M,,R,0.0
2012,SE_AWP_CPRA,RO,ISCED11_2,_T,_T,,U,0.0
2012,SE_AWP_CPRA,RO,ISCED11_1,_T,_T,,U,0.0
2012,SE_AWP_CPRA,RO,ISCED11_3,_T,_T,,U,0.0
2012,SE_AWP_CPRA,RO,ISCED11_2,_T,F,,U,0.0
2012,SE_AWP_CPRA,RO,ISCED11_1,_T,F,,U,0.0
2012,SE_AWP_CPRA,RO,ISCED11_3,_T,F,,U,0.0
2012,SE_AWP_CPRA,RO,ISCED11_2,_T,M,,U,0.0
2012,SE_AWP_CPRA,RO,ISCED11_1,_T,M,,U,0.0
2012,SE_AWP_CPRA,RO,ISCED11_3,_T,M,,U,0.0
2018,SE_TOT_GPI,RO,ISCED11_2,,,SKILL_READ,,1.30087
2007,SE_TOT_GPI,RO,ISCED11_2,,,SKILL_MATH,,1.02289
2019,SE_TOT_GPI,RO,ISCED11_1,,,SKILL_MATH,,1.14329
2006,SE_GPI_PART,RO,,,,,,0.8836
2007,SE_GPI_PART,RO,,,,,,0.89169
2008,SE_GPI_PART,RO,,,,,,1.06196
2010,SE_GPI_PART,RO,,,,,,0.91008
2011,SE_GPI_PART,RO,,,,,,0.98997
2012,SE_GPI_PART,RO,,,,,,1.05593
2016,SE_GPI_PART,RO,,,,,,0.95506
2019,SE_GPI_PTNPRE,RO,,,,,,0.97203
2020,SE_GPI_PTNPRE,RO,,,,,,0.9511
2017,SE_GPI_ICTS,RO,,,,SKILL_ICTARSP,,1.03128
2019,SE_GPI_ICTS,RO,,,,SKILL_ICTARSP,,0.70046
2017,SE_GPI_ICTS,RO,,,,SKILL_ICTCMFL,,0.94207
2019,SE_GPI_ICTS,RO,,,,SKILL_ICTCMFL,,0.94222
2017,SE_GPI_ICTS,RO,,,,SKILL_ICTCOPA,,0.84348
2019,SE_GPI_ICTS,RO,,,,SKILL_ICTCOPA,,0.73837
2019,SE_GPI_ICTS,RO,,,,SKILL_ICTEMAIL,,0.75366
2017,SE_GPI_ICTS,RO,,,,SKILL_ICTEPRS,,0.73845
2019,SE_GPI_ICTS,RO,,,,SKILL_ICTEPRS,,0.69955
2017,SE_GPI_ICTS,RO,,,,SKILL_ICTPCPR,,0.31226
2019,SE_GPI_ICTS,RO,,,,SKILL_ICTPCPR,,0.2854
2017,SE_GPI_ICTS,RO,,,,SKILL_ICTSOFT,,0.79713
2017,SE_GPI_ICTS,RO,,,,SKILL_ICTTRAF,,0.88954
2019,SE_GPI_ICTS,RO,,,,SKILL_ICTTRAF,,0.91255
2007,SE_LGP_ACHI,RO,ISCED11_2,,,SKILL_MATH,,1.31399
2018,SE_LGP_ACHI,RO,ISCED11_2,,,SKILL_READ,,0.85397
2007,SE_TOT_SESPI,RO,ISCED11_2,,,SKILL_MATH,,0.93271
2018,SE_TOT_SESPI,RO,ISCED11_2,,,SKILL_READ,,0.49884
2007,SE_NAP_ACHI,RO,ISCED11_2,,,SKILL_MATH,,0.50366
2018,SE_NAP_ACHI,RO,ISCED11_2,,,SKILL_READ,,0.79283
2018,SE_TOT_RUPI,RO,ISCED11_2,,,SKILL_MATH,,0.73563
2018,SE_TOT_RUPI,RO,ISCED11_2,,,SKILL_READ,,0.55535
