Year,SERIES,UNIT_MEASURE,ACTIVITY,URBANISATION,Value
2018,EN_WWT_WWDS,PT,,,22.70747
2020,EN_WWT_WWDS,PT,,46.7966,
2015,EN_WWT_TREATR,PT,INDUSTRIES,_T,100.0
2015,EN_WWT_TREATR,PT,_T,_T,54.3595
2015,EN_WWT_GEN,M_M3_PER_YR,INDUSTRIES,_T,8.6
2015,EN_WWT_GEN,M_M3_PER_YR,ISIC4_A,_T,0.5
2015,EN_WWT_GEN,M_M3_PER_YR,ISIC4_C,_T,8.6
2015,EN_WWT_GEN,M_M3_PER_YR,PRIV_HH,_T,70.0
2015,EN_WWT_GEN,M_M3_PER_YR,SERV_HH,_T,84.0
2015,EN_WWT_GEN,M_M3_PER_YR,SERVICES,_T,13.8
2015,EN_WWT_GEN,M_M3_PER_YR,_T,_T,92.9
2015,EN_WWT_TREAT,M_M3_PER_YR,INDUSTRIES,_T,45.8
2015,EN_WWT_TREAT,M_M3_PER_YR,_T,_T,50.5
