Year,SERIES,UNIT_MEASURE,Value
2000,EG_FEC_RNEW,PT,19.35
2001,EG_FEC_RNEW,PT,20.27
2002,EG_FEC_RNEW,PT,21.21
2003,EG_FEC_RNEW,PT,20.14
2004,EG_FEC_RNEW,PT,20.09
2005,EG_FEC_RNEW,PT,19.73
2006,EG_FEC_RNEW,PT,18.12
2007,EG_FEC_RNEW,PT,14.84
2008,EG_FEC_RNEW,PT,14.28
2009,EG_FEC_RNEW,PT,17.43
2010,EG_FEC_RNEW,PT,19.57
2011,EG_FEC_RNEW,PT,14.16
2012,EG_FEC_RNEW,PT,15.28
2013,EG_FEC_RNEW,PT,19.48
2014,EG_FEC_RNEW,PT,23.65
2015,EG_FEC_RNEW,PT,25.25
2016,EG_FEC_RNEW,PT,23.0
2017,EG_FEC_RNEW,PT,18.49
2018,EG_FEC_RNEW,PT,35.36
2019,EG_FEC_RNEW,PT,36.84
2020,EG_FEC_RNEW,PT,37.71
