Year,UNIT_MEASURE,Type,Value
2019 Q1,NUMBER,cross- border traffic total - Entry,6793862
2019 Q2,NUMBER,cross- border traffic total - Entry,6754482
2019 Q3,NUMBER,cross- border traffic total - Entry,8253750
2019 Q1,NUMBER,cross- border traffic total - Exit,5248925
2019 Q2,NUMBER,cross- border traffic total - Exit,6793862
2019 Q3,NUMBER,cross- border traffic total - Exit,8328680
2020 Q1,NUMBER,cross- border traffic total - Entry,4213687
2020 Q2,NUMBER,cross- border traffic total - Entry,1582652
2020 Q3,NUMBER,cross- border traffic total - Entry,3668004
2020 Q1,NUMBER,cross- border traffic total - Exit,4349367
2020 Q2,NUMBER,cross- border traffic total - Exit,1531978
2020 Q3,NUMBER,cross- border traffic total - Exit,3673817
