Year,UNIT_MEASURE,Type,Unnamed: 4,Value
Q1 2019,TONNES_T,road transport of goods,,2149.0
Q2 2019,TONNES_T,road transport of goods,,2210.0
Q3 2019,TONNES_T,road transport of goods,,2532.0
Q1 2020,TONNES_T,road transport of goods,,1964.0
Q2 2020,TONNES_T,road transport of goods,,2007.0
Q3 2020,TONNES_T,road transport of goods,,2207.0
Q1 2019,TONNES_T,railway transport of goods,,301228.0
Q2 2019,TONNES_T,railway transport of goods,,350523.0
Q3 2019,TONNES_T,railway transport of goods,,320386.0
Q1 2020,TONNES_T,railway transport of goods,,257423.0
Q2 2020,TONNES_T,railway transport of goods,,10477.0
Q3 2020,TONNES_T,railway transport of goods,,8374.0
Q1 2019,TONNES_T,air transport of fright,,0.442
Q2 2019,TONNES_T,air transport of fright,,0.514
Q3 2019,TONNES_T,air transport of fright,,0.737
Q1 2020,TONNES_T,air transport of fright,,0.423
Q2 2020,TONNES_T,air transport of fright,,0.566
Q3 2020,TONNES_T,air transport of fright,,0.963
