Year,SERIES,UNIT_MEASURE,Value
2017,Broj lokalnih samouprava koje usvajaju i provode lokalne strategije smanjenja rizika od katastrofa u skladu s nacionalnim strategijama,NUMBER,0
2018,Broj lokalnih samouprava koje usvajaju i provode lokalne strategije smanjenja rizika od katastrofa u skladu s nacionalnim strategijama,NUMBER,0
2017,Udio lokalnih samouprava koje usvajaju i provode lokalne strategije smanjenja rizika od katastrofa u skladu s nacionalnim strategijama smanjenja rizika od katastrofa,PT,0
2018,Udio lokalnih samouprava koje usvajaju i provode lokalne strategije smanjenja rizika od katastrofa u skladu s nacionalnim strategijama smanjenja rizika od katastrofa,PT,0
2017,Broj lokalnih samouprava,NUMBER,143
2018,Broj lokalnih samouprava,NUMBER,143
