Year,SERIES,UNIT_MEASURE,Value
2000,Zvanični grantovi za razvojnu pomoć za smanjenje siromaštva po zemljama primaocima (procenat BND-a),PT,0.50427
2001,Zvanični grantovi za razvojnu pomoć za smanjenje siromaštva po zemljama primaocima (procenat BND-a),PT,0.93124
2002,Zvanični grantovi za razvojnu pomoć za smanjenje siromaštva po zemljama primaocima (procenat BND-a),PT,0.13716
2003,Zvanični grantovi za razvojnu pomoć za smanjenje siromaštva po zemljama primaocima (procenat BND-a),PT,0.25946
2004,Zvanični grantovi za razvojnu pomoć za smanjenje siromaštva po zemljama primaocima (procenat BND-a),PT,0.23325
2005,Zvanični grantovi za razvojnu pomoć za smanjenje siromaštva po zemljama primaocima (procenat BND-a),PT,0.1206
2006,Zvanični grantovi za razvojnu pomoć za smanjenje siromaštva po zemljama primaocima (procenat BND-a),PT,0.14395
2007,Zvanični grantovi za razvojnu pomoć za smanjenje siromaštva po zemljama primaocima (procenat BND-a),PT,0.10573
2008,Zvanični grantovi za razvojnu pomoć za smanjenje siromaštva po zemljama primaocima (procenat BND-a),PT,0.0942
2009,Zvanični grantovi za razvojnu pomoć za smanjenje siromaštva po zemljama primaocima (procenat BND-a),PT,0.06307
2010,Zvanični grantovi za razvojnu pomoć za smanjenje siromaštva po zemljama primaocima (procenat BND-a),PT,0.14942
2011,Zvanični grantovi za razvojnu pomoć za smanjenje siromaštva po zemljama primaocima (procenat BND-a),PT,0.18138
2012,Zvanični grantovi za razvojnu pomoć za smanjenje siromaštva po zemljama primaocima (procenat BND-a),PT,0.27539
2013,Zvanični grantovi za razvojnu pomoć za smanjenje siromaštva po zemljama primaocima (procenat BND-a),PT,0.16629
2014,Zvanični grantovi za razvojnu pomoć za smanjenje siromaštva po zemljama primaocima (procenat BND-a),PT,0.09827
2015,Zvanični grantovi za razvojnu pomoć za smanjenje siromaštva po zemljama primaocima (procenat BND-a),PT,0.26381
2016,Zvanični grantovi za razvojnu pomoć za smanjenje siromaštva po zemljama primaocima (procenat BND-a),PT,0.16298
2017,Zvanični grantovi za razvojnu pomoć za smanjenje siromaštva po zemljama primaocima (procenat BND-a),PT,0.1349
2018,Zvanični grantovi za razvojnu pomoć za smanjenje siromaštva po zemljama primaocima (procenat BND-a),PT,0.07716
2019,Zvanični grantovi za razvojnu pomoć za smanjenje siromaštva po zemljama primaocima (procenat BND-a),PT,0.1002
2020,Zvanični grantovi za razvojnu pomoć za smanjenje siromaštva po zemljama primaocima (procenat BND-a),PT,0.13386
2021,Zvanični grantovi za razvojnu pomoć za smanjenje siromaštva po zemljama primaocima (procenat BND-a),PT,0.3118
