Year,SERIES,UNIT_MEASURE,Value
2004,Udio radne snage u BDP-u,Procenat,43.7
2005,Udio radne snage u BDP-u,Procenat,43.3
2006,Udio radne snage u BDP-u,Procenat,43.8
2007,Udio radne snage u BDP-u,Procenat,43.7
2008,Udio radne snage u BDP-u,Procenat,43.8
2009,Udio radne snage u BDP-u,Procenat,44.8
2010,Udio radne snage u BDP-u,Procenat,44.1
2011,Udio radne snage u BDP-u,Procenat,44.1
2012,Udio radne snage u BDP-u,Procenat,44.4
2013,Udio radne snage u BDP-u,Procenat,43.8
2014,Udio radne snage u BDP-u,Procenat,43.9
2015,Udio radne snage u BDP-u,Procenat,43.8
2016,Udio radne snage u BDP-u,Procenat,41.8
2017,Udio radne snage u BDP-u,Procenat,43.8
2018,Udio radne snage u BDP-u,Procenat,43.6
2019,Udio radne snage u BDP-u,Procenat,43.8
2020,Udio radne snage u BDP-u,Procenat,53.5
