Year,SERIES,UNIT_MEASURE,Value
2014,Ukupni smrtni slučajevi i nestanci zabilježeni tokom migracije,Broj,0
2015,Ukupni smrtni slučajevi i nestanci zabilježeni tokom migracije,Broj,0
2016,Ukupni smrtni slučajevi i nestanci zabilježeni tokom migracije,Broj,0
2017,Ukupni smrtni slučajevi i nestanci zabilježeni tokom migracije,Broj,0
2018,Ukupni smrtni slučajevi i nestanci zabilježeni tokom migracije,Broj,4
2019,Ukupni smrtni slučajevi i nestanci zabilježeni tokom migracije,Broj,22
2020,Ukupni smrtni slučajevi i nestanci zabilježeni tokom migracije,Broj,22
2021,Ukupni smrtni slučajevi i nestanci zabilježeni tokom migracije,Broj,10
2022,Ukupni smrtni slučajevi i nestanci zabilježeni tokom migracije,Broj,8
