Year,SERIES,Policy_Domains,UNIT_MEASURE,Value
2021,"Zemlje sa migracijskom politikom za olakšavanje uredne, bezbjedne, redovne i odgovorne migracije i mobilnosti ljudi, po domenu politike (1 = Zahtijeva dalji napredak; 2 = Djelimično ispunjava; 3 = Ispunjava; 4 = U potpunosti ispunjava)",ALLDOMAINS,Broj,2
2021,"Zemlje sa migracijskom politikom za olakšavanje uredne, bezbjedne, redovne i odgovorne migracije i mobilnosti ljudi, po domenu politike (1 = Zahtijeva dalji napredak; 2 = Djelimično ispunjava; 3 = Ispunjava; 4 = U potpunosti ispunjava)",DOMAIN1,Broj,3
2021,"Zemlje sa migracijskom politikom za olakšavanje uredne, bezbjedne, redovne i odgovorne migracije i mobilnosti ljudi, po domenu politike (1 = Zahtijeva dalji napredak; 2 = Djelimično ispunjava; 3 = Ispunjava; 4 = U potpunosti ispunjava)",DOMAIN2,Broj,2
2021,"Zemlje sa migracijskom politikom za olakšavanje uredne, bezbjedne, redovne i odgovorne migracije i mobilnosti ljudi, po domenu politike (1 = Zahtijeva dalji napredak; 2 = Djelimično ispunjava; 3 = Ispunjava; 4 = U potpunosti ispunjava)",DOMAIN3,Broj,2
2021,"Zemlje sa migracijskom politikom za olakšavanje uredne, bezbjedne, redovne i odgovorne migracije i mobilnosti ljudi, po domenu politike (1 = Zahtijeva dalji napredak; 2 = Djelimično ispunjava; 3 = Ispunjava; 4 = U potpunosti ispunjava)",DOMAIN4,Broj,2
2021,"Zemlje sa migracijskom politikom za olakšavanje uredne, bezbjedne, redovne i odgovorne migracije i mobilnosti ljudi, po domenu politike (1 = Zahtijeva dalji napredak; 2 = Djelimično ispunjava; 3 = Ispunjava; 4 = U potpunosti ispunjava)",DOMAIN5,Broj,2
2021,"Zemlje sa migracijskom politikom za olakšavanje uredne, bezbjedne, redovne i odgovorne migracije i mobilnosti ljudi, po domenu politike (1 = Zahtijeva dalji napredak; 2 = Djelimično ispunjava; 3 = Ispunjava; 4 = U potpunosti ispunjava)",DOMAIN6,Broj,4
