Year,SERIES,Policy_Domains,Value
2021,"Zemlje sa migracijskom politikom za olakšavanje uredne, bezbjedne, redovne i odgovorne migracije i mobilnosti ljudi, po domenu politike (1 = Zahtijeva dalji napredak; 2 = Djelimično ispunjava; 3 = Ispunjava; 4 = U potpunosti ispunjava)",ALLDOMAINS,2
2021,"Zemlje sa migracijskom politikom za olakšavanje uredne, bezbjedne, redovne i odgovorne migracije i mobilnosti ljudi, po domenu politike (1 = Zahtijeva dalji napredak; 2 = Djelimično ispunjava; 3 = Ispunjava; 4 = U potpunosti ispunjava)",DOMAIN1,3
2021,"Zemlje sa migracijskom politikom za olakšavanje uredne, bezbjedne, redovne i odgovorne migracije i mobilnosti ljudi, po domenu politike (1 = Zahtijeva dalji napredak; 2 = Djelimično ispunjava; 3 = Ispunjava; 4 = U potpunosti ispunjava)",DOMAIN2,2
2021,"Zemlje sa migracijskom politikom za olakšavanje uredne, bezbjedne, redovne i odgovorne migracije i mobilnosti ljudi, po domenu politike (1 = Zahtijeva dalji napredak; 2 = Djelimično ispunjava; 3 = Ispunjava; 4 = U potpunosti ispunjava)",DOMAIN3,2
2021,"Zemlje sa migracijskom politikom za olakšavanje uredne, bezbjedne, redovne i odgovorne migracije i mobilnosti ljudi, po domenu politike (1 = Zahtijeva dalji napredak; 2 = Djelimično ispunjava; 3 = Ispunjava; 4 = U potpunosti ispunjava)",DOMAIN4,2
2021,"Zemlje sa migracijskom politikom za olakšavanje uredne, bezbjedne, redovne i odgovorne migracije i mobilnosti ljudi, po domenu politike (1 = Zahtijeva dalji napredak; 2 = Djelimično ispunjava; 3 = Ispunjava; 4 = U potpunosti ispunjava)",DOMAIN5,2
2021,"Zemlje sa migracijskom politikom za olakšavanje uredne, bezbjedne, redovne i odgovorne migracije i mobilnosti ljudi, po domenu politike (1 = Zahtijeva dalji napredak; 2 = Djelimično ispunjava; 3 = Ispunjava; 4 = U potpunosti ispunjava)",DOMAIN6,4
