Year,SERIES,COMPOSITE_BREAKDOWN,UNIT_MEASURE,Value
2021,"Zemlje sa migracijskom politikom za olakšavanje uredne, bezbjedne, redovne i odgovorne migracije i mobilnosti ljudi, po domenu politike (1 = Zahtijeva dalji napredak; 2 = Djelimično ispunjava; 3 = Ispunjava; 4 = U potpunosti ispunjava)",Ukupno,NUMBER,2
2021,"Zemlje sa migracijskom politikom za olakšavanje uredne, bezbjedne, redovne i odgovorne migracije i mobilnosti ljudi, po domenu politike (1 = Zahtijeva dalji napredak; 2 = Djelimično ispunjava; 3 = Ispunjava; 4 = U potpunosti ispunjava)",Prava migranata,NUMBER,3
2021,"Zemlje sa migracijskom politikom za olakšavanje uredne, bezbjedne, redovne i odgovorne migracije i mobilnosti ljudi, po domenu politike (1 = Zahtijeva dalji napredak; 2 = Djelimično ispunjava; 3 = Ispunjava; 4 = U potpunosti ispunjava)","Sveobuhvatne politike, politike zasnovane na dokazima",NUMBER,2
2021,"Zemlje sa migracijskom politikom za olakšavanje uredne, bezbjedne, redovne i odgovorne migracije i mobilnosti ljudi, po domenu politike (1 = Zahtijeva dalji napredak; 2 = Djelimično ispunjava; 3 = Ispunjava; 4 = U potpunosti ispunjava)",Saradnja i partnerstva,NUMBER,2
2021,"Zemlje sa migracijskom politikom za olakšavanje uredne, bezbjedne, redovne i odgovorne migracije i mobilnosti ljudi, po domenu politike (1 = Zahtijeva dalji napredak; 2 = Djelimično ispunjava; 3 = Ispunjava; 4 = U potpunosti ispunjava)",Socioekonomsko blagostanje,NUMBER,2
2021,"Zemlje sa migracijskom politikom za olakšavanje uredne, bezbjedne, redovne i odgovorne migracije i mobilnosti ljudi, po domenu politike (1 = Zahtijeva dalji napredak; 2 = Djelimično ispunjava; 3 = Ispunjava; 4 = U potpunosti ispunjava)",Dimenzije krizne mobilnosti,NUMBER,2
2021,"Zemlje sa migracijskom politikom za olakšavanje uredne, bezbjedne, redovne i odgovorne migracije i mobilnosti ljudi, po domenu politike (1 = Zahtijeva dalji napredak; 2 = Djelimično ispunjava; 3 = Ispunjava; 4 = U potpunosti ispunjava)","Sigurna, uredna i redovna migracija",NUMBER,4
