Year,SERIES,UNIT_MEASURE,Value
2014,Ukupni smrtni slučajevi i nestanci zabilježeni tokom migracije,Broj,0
2015,Ukupni smrtni slučajevi i nestanci zabilježeni tokom migracije,Broj,0
2016,Ukupni smrtni slučajevi i nestanci zabilježeni tokom migracije,Broj,0
2017,Ukupni smrtni slučajevi i nestanci zabilježeni tokom migracije,Broj,0
2018,Ukupni smrtni slučajevi i nestanci zabilježeni tokom migracije,Broj,3
2019,Ukupni smrtni slučajevi i nestanci zabilježeni tokom migracije,Broj,18
2020,Ukupni smrtni slučajevi i nestanci zabilježeni tokom migracije,Broj,19
