Year,SERIES,COMPOSITE_BREAKDOWN,UNIT_MEASURE,Value
2021,"Zemlje sa migracijskom politikom za olakšavanje uredne, bezbjedne, redovne i odgovorne migracije i mobilnosti ljudi, po domenu politike (1 = Zahtijeva dalji napredak; 2 = Djelimično ispunjava; 3 = Ispunjava; 4 = U potpunosti ispunjava)",Ukupno,Broj,2
2021,"Zemlje sa migracijskom politikom za olakšavanje uredne, bezbjedne, redovne i odgovorne migracije i mobilnosti ljudi, po domenu politike (1 = Zahtijeva dalji napredak; 2 = Djelimično ispunjava; 3 = Ispunjava; 4 = U potpunosti ispunjava)",Prava migranata,Broj,3
2021,"Zemlje sa migracijskom politikom za olakšavanje uredne, bezbjedne, redovne i odgovorne migracije i mobilnosti ljudi, po domenu politike (1 = Zahtijeva dalji napredak; 2 = Djelimično ispunjava; 3 = Ispunjava; 4 = U potpunosti ispunjava)","Sveobuhvatne politike, politike zasnovane na dokazima",Broj,2
2021,"Zemlje sa migracijskom politikom za olakšavanje uredne, bezbjedne, redovne i odgovorne migracije i mobilnosti ljudi, po domenu politike (1 = Zahtijeva dalji napredak; 2 = Djelimično ispunjava; 3 = Ispunjava; 4 = U potpunosti ispunjava)",Saradnja i partnerstva,Broj,2
2021,"Zemlje sa migracijskom politikom za olakšavanje uredne, bezbjedne, redovne i odgovorne migracije i mobilnosti ljudi, po domenu politike (1 = Zahtijeva dalji napredak; 2 = Djelimično ispunjava; 3 = Ispunjava; 4 = U potpunosti ispunjava)",Socioekonomsko blagostanje,Broj,2
2021,"Zemlje sa migracijskom politikom za olakšavanje uredne, bezbjedne, redovne i odgovorne migracije i mobilnosti ljudi, po domenu politike (1 = Zahtijeva dalji napredak; 2 = Djelimično ispunjava; 3 = Ispunjava; 4 = U potpunosti ispunjava)",Dimenzije krizne mobilnosti,Broj,2
2021,"Zemlje sa migracijskom politikom za olakšavanje uredne, bezbjedne, redovne i odgovorne migracije i mobilnosti ljudi, po domenu politike (1 = Zahtijeva dalji napredak; 2 = Djelimično ispunjava; 3 = Ispunjava; 4 = U potpunosti ispunjava)","Sigurna, uredna i redovna migracija",Broj,4
