Year,SERIES,UNIT_MEASURE,Value
2011,Prosječni troškovi doznake slanja 200 USD u zemlju primataoca kao proporcija doznačenog iznosa doznake (%),PT,13.93
2015,Prosječni troškovi doznake slanja 200 USD u zemlju primataoca kao proporcija doznačenog iznosa doznake (%),PT,7.28
2017,Prosječni troškovi doznake slanja 200 USD u zemlju primataoca kao proporcija doznačenog iznosa doznake (%),PT,6.5
2018,Prosječni troškovi doznake slanja 200 USD u zemlju primataoca kao proporcija doznačenog iznosa doznake (%),PT,6.9
2019,Prosječni troškovi doznake slanja 200 USD u zemlju primataoca kao proporcija doznačenog iznosa doznake (%),PT,7.44
2020,Prosječni troškovi doznake slanja 200 USD u zemlju primataoca kao proporcija doznačenog iznosa doznake (%),PT,7.27
2021,Prosječni troškovi doznake slanja 200 USD u zemlju primataoca kao proporcija doznačenog iznosa doznake (%),PT,6.94
