Year,SERIES,UNIT_MEASURE,Value
2019,"Ukupni izdaci po glavi stanovnika potrošeni na kulturno i prirodno naslijeđe, javno (PPP, konstantni američki dolari 2017.)",Konstantni američki dolari,50.3733
2020,"Ukupni izdaci po glavi stanovnika potrošeni na kulturno i prirodno naslijeđe, javno (PPP, konstantni američki dolari 2017.)",Konstantni američki dolari,45.7236
2021,"Ukupni izdaci po glavi stanovnika potrošeni na kulturno i prirodno naslijeđe, javno (PPP, konstantni američki dolari 2017.)",Konstantni američki dolari,51.5904
2019,"Ukupni izdaci po glavi stanovnika potrošeni na kulturnu i prirodnu baštinu, privatno (PPP, konstantni američki dolari 2017.)",Konstantni američki dolari,1.2191
2020,"Ukupni izdaci po glavi stanovnika potrošeni na kulturnu i prirodnu baštinu, privatno (PPP, konstantni američki dolari 2017.)",Konstantni američki dolari,3.822
2021,"Ukupni izdaci po glavi stanovnika potrošeni na kulturnu i prirodnu baštinu, privatno (PPP, konstantni američki dolari 2017.)",Konstantni američki dolari,0.7207
2019,"Ukupni izdaci po glavi stanovnika potrošeni na kulturnu i prirodnu baštinu, javno i privatno (PPP, konstantni američki dolari 2017.)",Konstantni američki dolari,51.5924
2020,"Ukupni izdaci po glavi stanovnika potrošeni na kulturnu i prirodnu baštinu, javno i privatno (PPP, konstantni američki dolari 2017.)",Konstantni američki dolari,49.5456
2021,"Ukupni izdaci po glavi stanovnika potrošeni na kulturnu i prirodnu baštinu, javno i privatno (PPP, konstantni američki dolari 2017.)",Konstantni američki dolari,52.3112
2019,"Ukupni izdaci po glavi stanovnika potrošeni na kulturno naslijeđe, javno i privatno (PPP, konstantni američki dolari 2017.)",Konstantni američki dolari,48.9166
2020,"Ukupni izdaci po glavi stanovnika potrošeni na kulturno naslijeđe, javno i privatno (PPP, konstantni američki dolari 2017.)",Konstantni američki dolari,46.6525
2021,"Ukupni izdaci po glavi stanovnika potrošeni na kulturno naslijeđe, javno i privatno (PPP, konstantni američki dolari 2017.)",Konstantni američki dolari,49.279
2019,"Ukupni izdaci po glavi stanovnika potrošeni na prirodno naslijeđe, javno i privatno (PPP, konstantni američki dolari 2017.)",Konstantni američki dolari,2.6759
2020,"Ukupni izdaci po glavi stanovnika potrošeni na prirodno naslijeđe, javno i privatno (PPP, konstantni američki dolari 2017.)",Konstantni američki dolari,2.8931
2021,"Ukupni izdaci po glavi stanovnika potrošeni na prirodno naslijeđe, javno i privatno (PPP, konstantni američki dolari 2017.)",Konstantni američki dolari,3.0322
