Year,SERIES,UNIT_MEASURE,Value
2008,Primjena standardnih računovodstvenih alata za praćenje ekonomskih i okolišnih aspekata turizma (SEEA tablice),Broj,0
2009,Primjena standardnih računovodstvenih alata za praćenje ekonomskih i okolišnih aspekata turizma (SEEA tablice),Broj,0
2010,Primjena standardnih računovodstvenih alata za praćenje ekonomskih i okolišnih aspekata turizma (SEEA tablice),Broj,0
2011,Primjena standardnih računovodstvenih alata za praćenje ekonomskih i okolišnih aspekata turizma (SEEA tablice),Broj,0
2012,Primjena standardnih računovodstvenih alata za praćenje ekonomskih i okolišnih aspekata turizma (SEEA tablice),Broj,0
2013,Primjena standardnih računovodstvenih alata za praćenje ekonomskih i okolišnih aspekata turizma (SEEA tablice),Broj,0
2014,Primjena standardnih računovodstvenih alata za praćenje ekonomskih i okolišnih aspekata turizma (SEEA tablice),Broj,0
2015,Primjena standardnih računovodstvenih alata za praćenje ekonomskih i okolišnih aspekata turizma (SEEA tablice),Broj,0
2016,Primjena standardnih računovodstvenih alata za praćenje ekonomskih i okolišnih aspekata turizma (SEEA tablice),Broj,0
2017,Primjena standardnih računovodstvenih alata za praćenje ekonomskih i okolišnih aspekata turizma (SEEA tablice),Broj,0
2018,Primjena standardnih računovodstvenih alata za praćenje ekonomskih i okolišnih aspekata turizma (SEEA tablice),Broj,0
2019,Primjena standardnih računovodstvenih alata za praćenje ekonomskih i okolišnih aspekata turizma (SEEA tablice),Broj,0
2008,Primjena standardnih računovodstvenih alata za praćenje ekonomskih i okolišnih aspekata turizma (tabele satelitskih računa turizma),Broj,0
2009,Primjena standardnih računovodstvenih alata za praćenje ekonomskih i okolišnih aspekata turizma (tabele satelitskih računa turizma),Broj,0
2010,Primjena standardnih računovodstvenih alata za praćenje ekonomskih i okolišnih aspekata turizma (tabele satelitskih računa turizma),Broj,0
2011,Primjena standardnih računovodstvenih alata za praćenje ekonomskih i okolišnih aspekata turizma (tabele satelitskih računa turizma),Broj,0
2012,Primjena standardnih računovodstvenih alata za praćenje ekonomskih i okolišnih aspekata turizma (tabele satelitskih računa turizma),Broj,0
2013,Primjena standardnih računovodstvenih alata za praćenje ekonomskih i okolišnih aspekata turizma (tabele satelitskih računa turizma),Broj,0
2014,Primjena standardnih računovodstvenih alata za praćenje ekonomskih i okolišnih aspekata turizma (tabele satelitskih računa turizma),Broj,0
2015,Primjena standardnih računovodstvenih alata za praćenje ekonomskih i okolišnih aspekata turizma (tabele satelitskih računa turizma),Broj,0
2016,Primjena standardnih računovodstvenih alata za praćenje ekonomskih i okolišnih aspekata turizma (tabele satelitskih računa turizma),Broj,0
2017,Primjena standardnih računovodstvenih alata za praćenje ekonomskih i okolišnih aspekata turizma (tabele satelitskih računa turizma),Broj,0
2018,Primjena standardnih računovodstvenih alata za praćenje ekonomskih i okolišnih aspekata turizma (tabele satelitskih računa turizma),Broj,0
2019,Primjena standardnih računovodstvenih alata za praćenje ekonomskih i okolišnih aspekata turizma (tabele satelitskih računa turizma),Broj,0
2008,Primena standardnih računovodstvenih alata za praćenje ekonomskih i ekoloških aspekata turizma (broj tabela),Broj,0
2009,Primena standardnih računovodstvenih alata za praćenje ekonomskih i ekoloških aspekata turizma (broj tabela),Broj,0
2010,Primena standardnih računovodstvenih alata za praćenje ekonomskih i ekoloških aspekata turizma (broj tabela),Broj,0
2011,Primena standardnih računovodstvenih alata za praćenje ekonomskih i ekoloških aspekata turizma (broj tabela),Broj,0
2012,Primena standardnih računovodstvenih alata za praćenje ekonomskih i ekoloških aspekata turizma (broj tabela),Broj,0
2013,Primena standardnih računovodstvenih alata za praćenje ekonomskih i ekoloških aspekata turizma (broj tabela),Broj,0
2014,Primena standardnih računovodstvenih alata za praćenje ekonomskih i ekoloških aspekata turizma (broj tabela),Broj,0
2015,Primena standardnih računovodstvenih alata za praćenje ekonomskih i ekoloških aspekata turizma (broj tabela),Broj,0
2016,Primena standardnih računovodstvenih alata za praćenje ekonomskih i ekoloških aspekata turizma (broj tabela),Broj,0
2017,Primena standardnih računovodstvenih alata za praćenje ekonomskih i ekoloških aspekata turizma (broj tabela),Broj,0
2018,Primena standardnih računovodstvenih alata za praćenje ekonomskih i ekoloških aspekata turizma (broj tabela),Broj,0
2019,Primena standardnih računovodstvenih alata za praćenje ekonomskih i ekoloških aspekata turizma (broj tabela),Broj,0
