Year,SERIES,Bioklimatski pojas,Pokrivenost zemljišta,UNIT_MEASURE,Value
2000,Indeks planinskog zelenog pokrivača,Planinski,Vještačke površine,Procenat,0.33
2005,Indeks planinskog zelenog pokrivača,Planinski,Vještačke površine,Procenat,0.38
2010,Indeks planinskog zelenog pokrivača,Planinski,Vještačke površine,Procenat,0.43
2015,Indeks planinskog zelenog pokrivača,Planinski,Vještačke površine,Procenat,0.5
2018,Indeks planinskog zelenog pokrivača,Planinski,Vještačke površine,Procenat,0.5
2000,Indeks planinskog zelenog pokrivača,Planinski,Usjevi,Procenat,18.81
2005,Indeks planinskog zelenog pokrivača,Planinski,Usjevi,Procenat,18.28
2010,Indeks planinskog zelenog pokrivača,Planinski,Usjevi,Procenat,17.12
2015,Indeks planinskog zelenog pokrivača,Planinski,Usjevi,Procenat,16.92
2018,Indeks planinskog zelenog pokrivača,Planinski,Usjevi,Procenat,17.08
2000,Indeks planinskog zelenog pokrivača,Planinski,Trajni snijeg i glečeri,Procenat,0.0
2005,Indeks planinskog zelenog pokrivača,Planinski,Trajni snijeg i glečeri,Procenat,0.0
2010,Indeks planinskog zelenog pokrivača,Planinski,Trajni snijeg i glečeri,Procenat,0.0
2015,Indeks planinskog zelenog pokrivača,Planinski,Trajni snijeg i glečeri,Procenat,0.0
2018,Indeks planinskog zelenog pokrivača,Planinski,Trajni snijeg i glečeri,Procenat,0.0
2000,Indeks planinskog zelenog pokrivača,Planinski,Travnate površine,Procenat,13.14
2005,Indeks planinskog zelenog pokrivača,Planinski,Travnate površine,Procenat,13.18
2010,Indeks planinskog zelenog pokrivača,Planinski,Travnate površine,Procenat,13.12
2015,Indeks planinskog zelenog pokrivača,Planinski,Travnate površine,Procenat,13.02
2018,Indeks planinskog zelenog pokrivača,Planinski,Travnate površine,Procenat,13.07
2000,Indeks planinskog zelenog pokrivača,Planinski,"Grmlje i/ili zeljasta vegetacija, vodena ili redovno plavljena područja",Procenat,0.08
2005,Indeks planinskog zelenog pokrivača,Planinski,"Grmlje i/ili zeljasta vegetacija, vodena ili redovno plavljena područja",Procenat,0.08
2010,Indeks planinskog zelenog pokrivača,Planinski,"Grmlje i/ili zeljasta vegetacija, vodena ili redovno plavljena područja",Procenat,0.08
2015,Indeks planinskog zelenog pokrivača,Planinski,"Grmlje i/ili zeljasta vegetacija, vodena ili redovno plavljena područja",Procenat,0.08
2018,Indeks planinskog zelenog pokrivača,Planinski,"Grmlje i/ili zeljasta vegetacija, vodena ili redovno plavljena područja",Procenat,0.08
2000,Indeks planinskog zelenog pokrivača,Planinski,Unutrašnje vodene površine,Procenat,0.34
2005,Indeks planinskog zelenog pokrivača,Planinski,Unutrašnje vodene površine,Procenat,0.34
2010,Indeks planinskog zelenog pokrivača,Planinski,Unutrašnje vodene površine,Procenat,0.33
2015,Indeks planinskog zelenog pokrivača,Planinski,Unutrašnje vodene površine,Procenat,0.33
2018,Indeks planinskog zelenog pokrivača,Planinski,Unutrašnje vodene površine,Procenat,0.33
2000,Indeks planinskog zelenog pokrivača,Planinski,Indeks zelenog pokrivača planine (MGCI),Procenat,99.23
2005,Indeks planinskog zelenog pokrivača,Planinski,Indeks zelenog pokrivača planine (MGCI),Procenat,99.18
2010,Indeks planinskog zelenog pokrivača,Planinski,Indeks zelenog pokrivača planine (MGCI),Procenat,99.13
2015,Indeks planinskog zelenog pokrivača,Planinski,Indeks zelenog pokrivača planine (MGCI),Procenat,99.06
2018,Indeks planinskog zelenog pokrivača,Planinski,Indeks zelenog pokrivača planine (MGCI),Procenat,99.05
2000,Indeks planinskog zelenog pokrivača,Planinski,Površine prekrivene žbunjem,Procenat,1.09
2005,Indeks planinskog zelenog pokrivača,Planinski,Površine prekrivene žbunjem,Procenat,1.08
2010,Indeks planinskog zelenog pokrivača,Planinski,Površine prekrivene žbunjem,Procenat,1.08
2015,Indeks planinskog zelenog pokrivača,Planinski,Površine prekrivene žbunjem,Procenat,1.08
2018,Indeks planinskog zelenog pokrivača,Planinski,Površine prekrivene žbunjem,Procenat,1.09
2000,Indeks planinskog zelenog pokrivača,Planinski,Površine sa rijetkom vegetacijom,Procenat,0.07
2005,Indeks planinskog zelenog pokrivača,Planinski,Površine sa rijetkom vegetacijom,Procenat,0.07
2010,Indeks planinskog zelenog pokrivača,Planinski,Površine sa rijetkom vegetacijom,Procenat,0.08
2015,Indeks planinskog zelenog pokrivača,Planinski,Površine sa rijetkom vegetacijom,Procenat,0.08
2018,Indeks planinskog zelenog pokrivača,Planinski,Površine sa rijetkom vegetacijom,Procenat,0.08
2000,Indeks planinskog zelenog pokrivača,Planinski,Neplodna zemlja,Procenat,0.03
2005,Indeks planinskog zelenog pokrivača,Planinski,Neplodna zemlja,Procenat,0.03
2010,Indeks planinskog zelenog pokrivača,Planinski,Neplodna zemlja,Procenat,0.03
2015,Indeks planinskog zelenog pokrivača,Planinski,Neplodna zemlja,Procenat,0.03
2018,Indeks planinskog zelenog pokrivača,Planinski,Neplodna zemlja,Procenat,0.03
2000,Indeks planinskog zelenog pokrivača,Planinski,Područja pokrivena drvećem,Procenat,66.11
2005,Indeks planinskog zelenog pokrivača,Planinski,Područja pokrivena drvećem,Procenat,66.56
2010,Indeks planinskog zelenog pokrivača,Planinski,Područja pokrivena drvećem,Procenat,67.72
2015,Indeks planinskog zelenog pokrivača,Planinski,Područja pokrivena drvećem,Procenat,67.97
2018,Indeks planinskog zelenog pokrivača,Planinski,Područja pokrivena drvećem,Procenat,67.73
2000,Indeks planinskog zelenog pokrivača,Preostalo planinsko područje,Vještačke površine,Procenat,0.0
2005,Indeks planinskog zelenog pokrivača,Preostalo planinsko područje,Vještačke površine,Procenat,0.0
2010,Indeks planinskog zelenog pokrivača,Preostalo planinsko područje,Vještačke površine,Procenat,0.0
2015,Indeks planinskog zelenog pokrivača,Preostalo planinsko područje,Vještačke površine,Procenat,0.0
2018,Indeks planinskog zelenog pokrivača,Preostalo planinsko područje,Vještačke površine,Procenat,0.0
2000,Indeks planinskog zelenog pokrivača,Preostalo planinsko područje,Usjevi,Procenat,30.07
2005,Indeks planinskog zelenog pokrivača,Preostalo planinsko područje,Usjevi,Procenat,26.41
2010,Indeks planinskog zelenog pokrivača,Preostalo planinsko područje,Usjevi,Procenat,26.98
2015,Indeks planinskog zelenog pokrivača,Preostalo planinsko područje,Usjevi,Procenat,23.89
2018,Indeks planinskog zelenog pokrivača,Preostalo planinsko područje,Usjevi,Procenat,24.14
2000,Indeks planinskog zelenog pokrivača,Preostalo planinsko područje,Trajni snijeg i glečeri,Procenat,0.0
2005,Indeks planinskog zelenog pokrivača,Preostalo planinsko područje,Trajni snijeg i glečeri,Procenat,0.0
2010,Indeks planinskog zelenog pokrivača,Preostalo planinsko područje,Trajni snijeg i glečeri,Procenat,0.0
2015,Indeks planinskog zelenog pokrivača,Preostalo planinsko područje,Trajni snijeg i glečeri,Procenat,0.0
2018,Indeks planinskog zelenog pokrivača,Preostalo planinsko područje,Trajni snijeg i glečeri,Procenat,0.0
2000,Indeks planinskog zelenog pokrivača,Preostalo planinsko područje,Travnate površine,Procenat,3.78
2005,Indeks planinskog zelenog pokrivača,Preostalo planinsko područje,Travnate površine,Procenat,3.78
2010,Indeks planinskog zelenog pokrivača,Preostalo planinsko područje,Travnate površine,Procenat,3.78
2015,Indeks planinskog zelenog pokrivača,Preostalo planinsko područje,Travnate površine,Procenat,3.78
2018,Indeks planinskog zelenog pokrivača,Preostalo planinsko područje,Travnate površine,Procenat,3.78
2000,Indeks planinskog zelenog pokrivača,Preostalo planinsko područje,"Grmlje i/ili zeljasta vegetacija, vodena ili redovno plavljena područja",Procenat,0.0
2005,Indeks planinskog zelenog pokrivača,Preostalo planinsko područje,"Grmlje i/ili zeljasta vegetacija, vodena ili redovno plavljena područja",Procenat,0.0
2010,Indeks planinskog zelenog pokrivača,Preostalo planinsko područje,"Grmlje i/ili zeljasta vegetacija, vodena ili redovno plavljena područja",Procenat,0.0
2015,Indeks planinskog zelenog pokrivača,Preostalo planinsko područje,"Grmlje i/ili zeljasta vegetacija, vodena ili redovno plavljena područja",Procenat,0.0
2018,Indeks planinskog zelenog pokrivača,Preostalo planinsko područje,"Grmlje i/ili zeljasta vegetacija, vodena ili redovno plavljena područja",Procenat,0.0
2000,Indeks planinskog zelenog pokrivača,Preostalo planinsko područje,Unutrašnje vodene površine,Procenat,0.0
2005,Indeks planinskog zelenog pokrivača,Preostalo planinsko područje,Unutrašnje vodene površine,Procenat,0.0
2010,Indeks planinskog zelenog pokrivača,Preostalo planinsko područje,Unutrašnje vodene površine,Procenat,0.0
2015,Indeks planinskog zelenog pokrivača,Preostalo planinsko područje,Unutrašnje vodene površine,Procenat,0.0
2018,Indeks planinskog zelenog pokrivača,Preostalo planinsko područje,Unutrašnje vodene površine,Procenat,0.0
2000,Indeks planinskog zelenog pokrivača,Preostalo planinsko područje,Indeks zelenog pokrivača planine (MGCI),Procenat,99.15
2005,Indeks planinskog zelenog pokrivača,Preostalo planinsko područje,Indeks zelenog pokrivača planine (MGCI),Procenat,99.15
2010,Indeks planinskog zelenog pokrivača,Preostalo planinsko područje,Indeks zelenog pokrivača planine (MGCI),Procenat,99.15
2015,Indeks planinskog zelenog pokrivača,Preostalo planinsko područje,Indeks zelenog pokrivača planine (MGCI),Procenat,99.15
2018,Indeks planinskog zelenog pokrivača,Preostalo planinsko područje,Indeks zelenog pokrivača planine (MGCI),Procenat,99.15
2000,Indeks planinskog zelenog pokrivača,Preostalo planinsko područje,Površine prekrivene žbunjem,Procenat,42.91
2005,Indeks planinskog zelenog pokrivača,Preostalo planinsko područje,Površine prekrivene žbunjem,Procenat,42.91
2010,Indeks planinskog zelenog pokrivača,Preostalo planinsko područje,Površine prekrivene žbunjem,Procenat,43.48
2015,Indeks planinskog zelenog pokrivača,Preostalo planinsko područje,Površine prekrivene žbunjem,Procenat,43.48
2018,Indeks planinskog zelenog pokrivača,Preostalo planinsko područje,Površine prekrivene žbunjem,Procenat,43.48
2000,Indeks planinskog zelenog pokrivača,Preostalo planinsko područje,Površine sa rijetkom vegetacijom,Procenat,0.85
2005,Indeks planinskog zelenog pokrivača,Preostalo planinsko područje,Površine sa rijetkom vegetacijom,Procenat,0.85
2010,Indeks planinskog zelenog pokrivača,Preostalo planinsko područje,Površine sa rijetkom vegetacijom,Procenat,0.85
2015,Indeks planinskog zelenog pokrivača,Preostalo planinsko područje,Površine sa rijetkom vegetacijom,Procenat,0.85
2018,Indeks planinskog zelenog pokrivača,Preostalo planinsko područje,Površine sa rijetkom vegetacijom,Procenat,0.85
2000,Indeks planinskog zelenog pokrivača,Preostalo planinsko područje,Neplodna zemlja,Procenat,0.0
2005,Indeks planinskog zelenog pokrivača,Preostalo planinsko područje,Neplodna zemlja,Procenat,0.0
2010,Indeks planinskog zelenog pokrivača,Preostalo planinsko područje,Neplodna zemlja,Procenat,0.0
2015,Indeks planinskog zelenog pokrivača,Preostalo planinsko područje,Neplodna zemlja,Procenat,0.0
2018,Indeks planinskog zelenog pokrivača,Preostalo planinsko područje,Neplodna zemlja,Procenat,0.0
2000,Indeks planinskog zelenog pokrivača,Preostalo planinsko područje,Područja pokrivena drvećem,Procenat,22.39
2005,Indeks planinskog zelenog pokrivača,Preostalo planinsko područje,Područja pokrivena drvećem,Procenat,26.05
2010,Indeks planinskog zelenog pokrivača,Preostalo planinsko područje,Područja pokrivena drvećem,Procenat,24.91
2015,Indeks planinskog zelenog pokrivača,Preostalo planinsko područje,Područja pokrivena drvećem,Procenat,28.04
2018,Indeks planinskog zelenog pokrivača,Preostalo planinsko područje,Područja pokrivena drvećem,Procenat,27.75
2000,Indeks planinskog zelenog pokrivača,Ukupno,Vještačke površine,Procenat,0.33
2005,Indeks planinskog zelenog pokrivača,Ukupno,Vještačke površine,Procenat,0.38
2010,Indeks planinskog zelenog pokrivača,Ukupno,Vještačke površine,Procenat,0.43
2015,Indeks planinskog zelenog pokrivača,Ukupno,Vještačke površine,Procenat,0.5
2018,Indeks planinskog zelenog pokrivača,Ukupno,Vještačke površine,Procenat,0.5
2000,Indeks planinskog zelenog pokrivača,Ukupno,Usjevi,Procenat,18.82
2005,Indeks planinskog zelenog pokrivača,Ukupno,Usjevi,Procenat,18.28
2010,Indeks planinskog zelenog pokrivača,Ukupno,Usjevi,Procenat,17.13
2015,Indeks planinskog zelenog pokrivača,Ukupno,Usjevi,Procenat,16.92
2018,Indeks planinskog zelenog pokrivača,Ukupno,Usjevi,Procenat,17.08
2000,Indeks planinskog zelenog pokrivača,Ukupno,Trajni snijeg i glečeri,Procenat,0.0
2005,Indeks planinskog zelenog pokrivača,Ukupno,Trajni snijeg i glečeri,Procenat,0.0
2010,Indeks planinskog zelenog pokrivača,Ukupno,Trajni snijeg i glečeri,Procenat,0.0
2015,Indeks planinskog zelenog pokrivača,Ukupno,Trajni snijeg i glečeri,Procenat,0.0
2018,Indeks planinskog zelenog pokrivača,Ukupno,Trajni snijeg i glečeri,Procenat,0.0
2000,Indeks planinskog zelenog pokrivača,Ukupno,Travnate površine,Procenat,13.14
2005,Indeks planinskog zelenog pokrivača,Ukupno,Travnate površine,Procenat,13.18
2010,Indeks planinskog zelenog pokrivača,Ukupno,Travnate površine,Procenat,13.12
2015,Indeks planinskog zelenog pokrivača,Ukupno,Travnate površine,Procenat,13.01
2018,Indeks planinskog zelenog pokrivača,Ukupno,Travnate površine,Procenat,13.06
2000,Indeks planinskog zelenog pokrivača,Ukupno,"Grmlje i/ili zeljasta vegetacija, vodena ili redovno plavljena područja",Procenat,0.08
2005,Indeks planinskog zelenog pokrivača,Ukupno,"Grmlje i/ili zeljasta vegetacija, vodena ili redovno plavljena područja",Procenat,0.08
2010,Indeks planinskog zelenog pokrivača,Ukupno,"Grmlje i/ili zeljasta vegetacija, vodena ili redovno plavljena područja",Procenat,0.08
2015,Indeks planinskog zelenog pokrivača,Ukupno,"Grmlje i/ili zeljasta vegetacija, vodena ili redovno plavljena područja",Procenat,0.08
2018,Indeks planinskog zelenog pokrivača,Ukupno,"Grmlje i/ili zeljasta vegetacija, vodena ili redovno plavljena područja",Procenat,0.08
2000,Indeks planinskog zelenog pokrivača,Ukupno,Unutrašnje vodene površine,Procenat,0.34
2005,Indeks planinskog zelenog pokrivača,Ukupno,Unutrašnje vodene površine,Procenat,0.34
2010,Indeks planinskog zelenog pokrivača,Ukupno,Unutrašnje vodene površine,Procenat,0.33
2015,Indeks planinskog zelenog pokrivača,Ukupno,Unutrašnje vodene površine,Procenat,0.33
2018,Indeks planinskog zelenog pokrivača,Ukupno,Unutrašnje vodene površine,Procenat,0.33
2000,Indeks planinskog zelenog pokrivača,Ukupno,Indeks zelenog pokrivača planine (MGCI),Procenat,99.23
2005,Indeks planinskog zelenog pokrivača,Ukupno,Indeks zelenog pokrivača planine (MGCI),Procenat,99.18
2010,Indeks planinskog zelenog pokrivača,Ukupno,Indeks zelenog pokrivača planine (MGCI),Procenat,99.13
2015,Indeks planinskog zelenog pokrivača,Ukupno,Indeks zelenog pokrivača planine (MGCI),Procenat,99.06
2018,Indeks planinskog zelenog pokrivača,Ukupno,Indeks zelenog pokrivača planine (MGCI),Procenat,99.05
2000,Indeks planinskog zelenog pokrivača,Ukupno,Površine prekrivene žbunjem,Procenat,1.12
2005,Indeks planinskog zelenog pokrivača,Ukupno,Površine prekrivene žbunjem,Procenat,1.11
2010,Indeks planinskog zelenog pokrivača,Ukupno,Površine prekrivene žbunjem,Procenat,1.11
2015,Indeks planinskog zelenog pokrivača,Ukupno,Površine prekrivene žbunjem,Procenat,1.11
2018,Indeks planinskog zelenog pokrivača,Ukupno,Površine prekrivene žbunjem,Procenat,1.11
2000,Indeks planinskog zelenog pokrivača,Ukupno,Površine sa rijetkom vegetacijom,Procenat,0.7
2005,Indeks planinskog zelenog pokrivača,Ukupno,Površine sa rijetkom vegetacijom,Procenat,0.7
2010,Indeks planinskog zelenog pokrivača,Ukupno,Površine sa rijetkom vegetacijom,Procenat,0.8
2015,Indeks planinskog zelenog pokrivača,Ukupno,Površine sa rijetkom vegetacijom,Procenat,0.8
2018,Indeks planinskog zelenog pokrivača,Ukupno,Površine sa rijetkom vegetacijom,Procenat,0.8
2000,Indeks planinskog zelenog pokrivača,Ukupno,Neplodna zemlja,Procenat,0.03
2005,Indeks planinskog zelenog pokrivača,Ukupno,Neplodna zemlja,Procenat,0.03
2010,Indeks planinskog zelenog pokrivača,Ukupno,Neplodna zemlja,Procenat,0.03
2015,Indeks planinskog zelenog pokrivača,Ukupno,Neplodna zemlja,Procenat,0.03
2018,Indeks planinskog zelenog pokrivača,Ukupno,Neplodna zemlja,Procenat,0.03
2000,Indeks planinskog zelenog pokrivača,Ukupno,Područja pokrivena drvećem,Procenat,66.08
2005,Indeks planinskog zelenog pokrivača,Ukupno,Područja pokrivena drvećem,Procenat,66.53
2010,Indeks planinskog zelenog pokrivača,Ukupno,Područja pokrivena drvećem,Procenat,67.69
2015,Indeks planinskog zelenog pokrivača,Ukupno,Područja pokrivena drvećem,Procenat,67.94
2018,Indeks planinskog zelenog pokrivača,Ukupno,Područja pokrivena drvećem,Procenat,67.71
2005,Indeks planinskog zelenog pokrivača (kvadratnih kilometara),Planinski,Vještačke površine,Kvadratnih kilometara,144.0
2010,Indeks planinskog zelenog pokrivača (kvadratnih kilometara),Planinski,Vještačke površine,Kvadratnih kilometara,163.86
2015,Indeks planinskog zelenog pokrivača (kvadratnih kilometara),Planinski,Vještačke površine,Kvadratnih kilometara,188.28
2018,Indeks planinskog zelenog pokrivača (kvadratnih kilometara),Planinski,Vještačke površine,Kvadratnih kilometara,191.99
2005,Indeks planinskog zelenog pokrivača (kvadratnih kilometara),Planinski,Usjevi,Kvadratnih kilometara,6950.25
2010,Indeks planinskog zelenog pokrivača (kvadratnih kilometara),Planinski,Usjevi,Kvadratnih kilometara,6511.69
2015,Indeks planinskog zelenog pokrivača (kvadratnih kilometara),Planinski,Usjevi,Kvadratnih kilometara,6432.99
2018,Indeks planinskog zelenog pokrivača (kvadratnih kilometara),Planinski,Usjevi,Kvadratnih kilometara,6494.72
2005,Indeks planinskog zelenog pokrivača (kvadratnih kilometara),Planinski,Trajni snijeg i glečeri,Kvadratnih kilometara,0.0
2010,Indeks planinskog zelenog pokrivača (kvadratnih kilometara),Planinski,Trajni snijeg i glečeri,Kvadratnih kilometara,0.0
2015,Indeks planinskog zelenog pokrivača (kvadratnih kilometara),Planinski,Trajni snijeg i glečeri,Kvadratnih kilometara,0.0
2018,Indeks planinskog zelenog pokrivača (kvadratnih kilometara),Planinski,Trajni snijeg i glečeri,Kvadratnih kilometara,0.0
2005,Indeks planinskog zelenog pokrivača (kvadratnih kilometara),Planinski,Travnate površine,Kvadratnih kilometara,5013.66
2010,Indeks planinskog zelenog pokrivača (kvadratnih kilometara),Planinski,Travnate površine,Kvadratnih kilometara,4990.11
2015,Indeks planinskog zelenog pokrivača (kvadratnih kilometara),Planinski,Travnate površine,Kvadratnih kilometara,4950.42
2018,Indeks planinskog zelenog pokrivača (kvadratnih kilometara),Planinski,Travnate površine,Kvadratnih kilometara,4969.21
2005,Indeks planinskog zelenog pokrivača (kvadratnih kilometara),Planinski,"Grmlje i/ili zeljasta vegetacija, vodena ili redovno plavljena područja",Kvadratnih kilometara,31.34
2010,Indeks planinskog zelenog pokrivača (kvadratnih kilometara),Planinski,"Grmlje i/ili zeljasta vegetacija, vodena ili redovno plavljena područja",Kvadratnih kilometara,30.79
2015,Indeks planinskog zelenog pokrivača (kvadratnih kilometara),Planinski,"Grmlje i/ili zeljasta vegetacija, vodena ili redovno plavljena područja",Kvadratnih kilometara,30.24
2018,Indeks planinskog zelenog pokrivača (kvadratnih kilometara),Planinski,"Grmlje i/ili zeljasta vegetacija, vodena ili redovno plavljena područja",Kvadratnih kilometara,30.31
2005,Indeks planinskog zelenog pokrivača (kvadratnih kilometara),Planinski,Unutrašnje vodene površine,Kvadratnih kilometara,127.84
2010,Indeks planinskog zelenog pokrivača (kvadratnih kilometara),Planinski,Unutrašnje vodene površine,Kvadratnih kilometara,127.08
2015,Indeks planinskog zelenog pokrivača (kvadratnih kilometara),Planinski,Unutrašnje vodene površine,Kvadratnih kilometara,127.08
2018,Indeks planinskog zelenog pokrivača (kvadratnih kilometara),Planinski,Unutrašnje vodene površine,Kvadratnih kilometara,127.08
2005,Indeks planinskog zelenog pokrivača (kvadratnih kilometara),Planinski,Indeks zelenog pokrivača planine (MGCI),Kvadratnih kilometara,37718.79
2010,Indeks planinskog zelenog pokrivača (kvadratnih kilometara),Planinski,Indeks zelenog pokrivača planine (MGCI),Kvadratnih kilometara,37696.82
2015,Indeks planinskog zelenog pokrivača (kvadratnih kilometara),Planinski,Indeks zelenog pokrivača planine (MGCI),Kvadratnih kilometara,37671.22
2018,Indeks planinskog zelenog pokrivača (kvadratnih kilometara),Planinski,Indeks zelenog pokrivača planine (MGCI),Kvadratnih kilometara,37666.77
2005,Indeks planinskog zelenog pokrivača (kvadratnih kilometara),Planinski,Površine prekrivene žbunjem,Kvadratnih kilometara,412.07
2010,Indeks planinskog zelenog pokrivača (kvadratnih kilometara),Planinski,Površine prekrivene žbunjem,Kvadratnih kilometara,410.18
2015,Indeks planinskog zelenog pokrivača (kvadratnih kilometara),Planinski,Površine prekrivene žbunjem,Kvadratnih kilometara,408.85
2018,Indeks planinskog zelenog pokrivača (kvadratnih kilometara),Planinski,Površine prekrivene žbunjem,Kvadratnih kilometara,413.61
2005,Indeks planinskog zelenog pokrivača (kvadratnih kilometara),Planinski,Površine sa rijetkom vegetacijom,Kvadratnih kilometara,27.06
2010,Indeks planinskog zelenog pokrivača (kvadratnih kilometara),Planinski,Površine sa rijetkom vegetacijom,Kvadratnih kilometara,30.21
2015,Indeks planinskog zelenog pokrivača (kvadratnih kilometara),Planinski,Površine sa rijetkom vegetacijom,Kvadratnih kilometara,30.48
2018,Indeks planinskog zelenog pokrivača (kvadratnih kilometara),Planinski,Površine sa rijetkom vegetacijom,Kvadratnih kilometara,30.62
2005,Indeks planinskog zelenog pokrivača (kvadratnih kilometara),Planinski,Neplodna zemlja,Kvadratnih kilometara,11.82
2010,Indeks planinskog zelenog pokrivača (kvadratnih kilometara),Planinski,Neplodna zemlja,Kvadratnih kilometara,11.55
2015,Indeks planinskog zelenog pokrivača (kvadratnih kilometara),Planinski,Neplodna zemlja,Kvadratnih kilometara,12.45
2018,Indeks planinskog zelenog pokrivača (kvadratnih kilometara),Planinski,Neplodna zemlja,Kvadratnih kilometara,13.05
2005,Indeks planinskog zelenog pokrivača (kvadratnih kilometara),Planinski,Područja pokrivena drvećem,Kvadratnih kilometara,25311.47
2010,Indeks planinskog zelenog pokrivača (kvadratnih kilometara),Planinski,Područja pokrivena drvećem,Kvadratnih kilometara,25754.05
2015,Indeks planinskog zelenog pokrivača (kvadratnih kilometara),Planinski,Područja pokrivena drvećem,Kvadratnih kilometara,25848.72
2018,Indeks planinskog zelenog pokrivača (kvadratnih kilometara),Planinski,Područja pokrivena drvećem,Kvadratnih kilometara,25758.93
2005,Indeks planinskog zelenog pokrivača (kvadratnih kilometara),Preostalo planinsko područje,Vještačke površine,Kvadratnih kilometara,0.0
2010,Indeks planinskog zelenog pokrivača (kvadratnih kilometara),Preostalo planinsko područje,Vještačke površine,Kvadratnih kilometara,0.0
2015,Indeks planinskog zelenog pokrivača (kvadratnih kilometara),Preostalo planinsko područje,Vještačke površine,Kvadratnih kilometara,0.0
2018,Indeks planinskog zelenog pokrivača (kvadratnih kilometara),Preostalo planinsko područje,Vještačke površine,Kvadratnih kilometara,0.0
2005,Indeks planinskog zelenog pokrivača (kvadratnih kilometara),Preostalo planinsko područje,Usjevi,Kvadratnih kilometara,6.5
2010,Indeks planinskog zelenog pokrivača (kvadratnih kilometara),Preostalo planinsko područje,Usjevi,Kvadratnih kilometara,6.64
2015,Indeks planinskog zelenog pokrivača (kvadratnih kilometara),Preostalo planinsko područje,Usjevi,Kvadratnih kilometara,5.88
2018,Indeks planinskog zelenog pokrivača (kvadratnih kilometara),Preostalo planinsko područje,Usjevi,Kvadratnih kilometara,5.94
2005,Indeks planinskog zelenog pokrivača (kvadratnih kilometara),Preostalo planinsko područje,Trajni snijeg i glečeri,Kvadratnih kilometara,0.0
2010,Indeks planinskog zelenog pokrivača (kvadratnih kilometara),Preostalo planinsko područje,Trajni snijeg i glečeri,Kvadratnih kilometara,0.0
2015,Indeks planinskog zelenog pokrivača (kvadratnih kilometara),Preostalo planinsko područje,Trajni snijeg i glečeri,Kvadratnih kilometara,0.0
2018,Indeks planinskog zelenog pokrivača (kvadratnih kilometara),Preostalo planinsko područje,Trajni snijeg i glečeri,Kvadratnih kilometara,0.0
2005,Indeks planinskog zelenog pokrivača (kvadratnih kilometara),Preostalo planinsko područje,Travnate površine,Kvadratnih kilometara,0.93
2010,Indeks planinskog zelenog pokrivača (kvadratnih kilometara),Preostalo planinsko područje,Travnate površine,KM2 0.93,
2015,Indeks planinskog zelenog pokrivača (kvadratnih kilometara),Preostalo planinsko područje,Travnate površine,Kvadratnih kilometara,0.93
2018,Indeks planinskog zelenog pokrivača (kvadratnih kilometara),Preostalo planinsko područje,Travnate površine,Kvadratnih kilometara,0.93
2005,Indeks planinskog zelenog pokrivača (kvadratnih kilometara),Preostalo planinsko područje,"Grmlje i/ili zeljasta vegetacija, vodena ili redovno plavljena područja",Kvadratnih kilometara,0.0
2010,Indeks planinskog zelenog pokrivača (kvadratnih kilometara),Preostalo planinsko područje,"Grmlje i/ili zeljasta vegetacija, vodena ili redovno plavljena područja",Kvadratnih kilometara,0.0
2015,Indeks planinskog zelenog pokrivača (kvadratnih kilometara),Preostalo planinsko područje,"Grmlje i/ili zeljasta vegetacija, vodena ili redovno plavljena područja",Kvadratnih kilometara,0.0
2018,Indeks planinskog zelenog pokrivača (kvadratnih kilometara),Preostalo planinsko područje,"Grmlje i/ili zeljasta vegetacija, vodena ili redovno plavljena područja",Kvadratnih kilometara,0.0
2005,Indeks planinskog zelenog pokrivača (kvadratnih kilometara),Preostalo planinsko područje,Unutrašnje vodene površine,Kvadratnih kilometara,0.0
2010,Indeks planinskog zelenog pokrivača (kvadratnih kilometara),Preostalo planinsko područje,Unutrašnje vodene površine,Kvadratnih kilometara,0.0
2015,Indeks planinskog zelenog pokrivača (kvadratnih kilometara),Preostalo planinsko područje,Unutrašnje vodene površine,Kvadratnih kilometara,0.0
2018,Indeks planinskog zelenog pokrivača (kvadratnih kilometara),Preostalo planinsko područje,Unutrašnje vodene površine,Kvadratnih kilometara,0.0
2005,Indeks planinskog zelenog pokrivača (kvadratnih kilometara),Preostalo planinsko područje,Indeks zelenog pokrivača planine (MGCI),Kvadratnih kilometara,24.4
2010,Indeks planinskog zelenog pokrivača (kvadratnih kilometara),Preostalo planinsko područje,Indeks zelenog pokrivača planine (MGCI),Kvadratnih kilometara,24.4
2015,Indeks planinskog zelenog pokrivača (kvadratnih kilometara),Preostalo planinsko područje,Indeks zelenog pokrivača planine (MGCI),Kvadratnih kilometara,24.4
2018,Indeks planinskog zelenog pokrivača (kvadratnih kilometara),Preostalo planinsko područje,Indeks zelenog pokrivača planine (MGCI),Kvadratnih kilometara,24.4
2005,Indeks planinskog zelenog pokrivača (kvadratnih kilometara),Preostalo planinsko područje,Površine prekrivene žbunjem,Kvadratnih kilometara,10.56
2010,Indeks planinskog zelenog pokrivača (kvadratnih kilometara),Preostalo planinsko područje,Površine prekrivene žbunjem,Kvadratnih kilometara,10.7
2015,Indeks planinskog zelenog pokrivača (kvadratnih kilometara),Preostalo planinsko područje,Površine prekrivene žbunjem,Kvadratnih kilometara,10.7
2018,Indeks planinskog zelenog pokrivača (kvadratnih kilometara),Preostalo planinsko područje,Površine prekrivene žbunjem,Kvadratnih kilometara,10.7
2005,Indeks planinskog zelenog pokrivača (kvadratnih kilometara),Preostalo planinsko područje,Površine sa rijetkom vegetacijom,Kvadratnih kilometara,0.21
2010,Indeks planinskog zelenog pokrivača (kvadratnih kilometara),Preostalo planinsko područje,Površine sa rijetkom vegetacijom,Kvadratnih kilometara,0.21
2015,Indeks planinskog zelenog pokrivača (kvadratnih kilometara),Preostalo planinsko područje,Površine sa rijetkom vegetacijom,Kvadratnih kilometara,0.21
2018,Indeks planinskog zelenog pokrivača (kvadratnih kilometara),Preostalo planinsko područje,Površine sa rijetkom vegetacijom,Kvadratnih kilometara,0.21
2005,Indeks planinskog zelenog pokrivača (kvadratnih kilometara),Preostalo planinsko područje,Neplodna zemlja,Kvadratnih kilometara,0.0
2010,Indeks planinskog zelenog pokrivača (kvadratnih kilometara),Preostalo planinsko područje,Neplodna zemlja,Kvadratnih kilometara,0.0
2015,Indeks planinskog zelenog pokrivača (kvadratnih kilometara),Preostalo planinsko područje,Neplodna zemlja,Kvadratnih kilometara,0.0
2018,Indeks planinskog zelenog pokrivača (kvadratnih kilometara),Preostalo planinsko područje,Neplodna zemlja,Kvadratnih kilometara,0.0
2005,Indeks planinskog zelenog pokrivača (kvadratnih kilometara),Preostalo planinsko područje,Područja pokrivena drvećem,Kvadratnih kilometara,6.41
2010,Indeks planinskog zelenog pokrivača (kvadratnih kilometara),Preostalo planinsko područje,Područja pokrivena drvećem,Kvadratnih kilometara,6.13
2015,Indeks planinskog zelenog pokrivača (kvadratnih kilometara),Preostalo planinsko područje,Područja pokrivena drvećem,Kvadratnih kilometara,6.9
2018,Indeks planinskog zelenog pokrivača (kvadratnih kilometara),Preostalo planinsko područje,Područja pokrivena drvećem,Kvadratnih kilometara,6.83
2005,Indeks planinskog zelenog pokrivača (kvadratnih kilometara),Ukupno,Vještačke površine,Kvadratnih kilometara,144.0
2010,Indeks planinskog zelenog pokrivača (kvadratnih kilometara),Ukupno,Vještačke površine,Kvadratnih kilometara,163.86
2015,Indeks planinskog zelenog pokrivača (kvadratnih kilometara),Ukupno,Vještačke površine,Kvadratnih kilometara,188.28
2018,ER_MTN_GRNCOV TOTAL,ARTIFICIAL,KM2,191.99,
2005,Indeks planinskog zelenog pokrivača (kvadratnih kilometara),Ukupno,Usjevi,Kvadratnih kilometara,6956.75
2010,Indeks planinskog zelenog pokrivača (kvadratnih kilometara),Ukupno,Usjevi,Kvadratnih kilometara,6518.33
2015,Indeks planinskog zelenog pokrivača (kvadratnih kilometara),Ukupno,Usjevi,Kvadratnih kilometara,6438.86
2018,Indeks planinskog zelenog pokrivača (kvadratnih kilometara),Ukupno,Usjevi,Kvadratnih kilometara,6500.67
2005,Indeks planinskog zelenog pokrivača (kvadratnih kilometara),Ukupno,Trajni snijeg i glečeri,Kvadratnih kilometara,0.0
2010,Indeks planinskog zelenog pokrivača (kvadratnih kilometara),Ukupno,Trajni snijeg i glečeri,Kvadratnih kilometara,0.0
2015,Indeks planinskog zelenog pokrivača (kvadratnih kilometara),Ukupno,Trajni snijeg i glečeri,Kvadratnih kilometara,0.0
2018,Indeks planinskog zelenog pokrivača (kvadratnih kilometara),Ukupno,Trajni snijeg i glečeri,Kvadratnih kilometara,0.0
2005,Indeks planinskog zelenog pokrivača (kvadratnih kilometara),Ukupno,Travnate površine,Kvadratnih kilometara,5014.59
2010,Indeks planinskog zelenog pokrivača (kvadratnih kilometara),Ukupno,Travnate površine,Kvadratnih kilometara,4991.04
2015,Indeks planinskog zelenog pokrivača (kvadratnih kilometara),Ukupno,Travnate površine,Kvadratnih kilometara,4951.36
2018,Indeks planinskog zelenog pokrivača (kvadratnih kilometara),Ukupno,Travnate površine,Kvadratnih kilometara,4970.14
2005,Indeks planinskog zelenog pokrivača (kvadratnih kilometara),Ukupno,"Grmlje i/ili zeljasta vegetacija, vodena ili redovno plavljena područja",Kvadratnih kilometara,31.34
2010,Indeks planinskog zelenog pokrivača (kvadratnih kilometara),Ukupno,"Grmlje i/ili zeljasta vegetacija, vodena ili redovno plavljena područja",Kvadratnih kilometara,30.79
2015,Indeks planinskog zelenog pokrivača (kvadratnih kilometara),Ukupno,"Grmlje i/ili zeljasta vegetacija, vodena ili redovno plavljena područja",Kvadratnih kilometara,30.24
2018,Indeks planinskog zelenog pokrivača (kvadratnih kilometara),Ukupno,"Grmlje i/ili zeljasta vegetacija, vodena ili redovno plavljena područja",Kvadratnih kilometara,30.31
2005,Indeks planinskog zelenog pokrivača (kvadratnih kilometara),Ukupno,Unutrašnje vodene površine,Kvadratnih kilometara,127.84
2010,Indeks planinskog zelenog pokrivača (kvadratnih kilometara),Ukupno,Unutrašnje vodene površine,Kvadratnih kilometara,127.08
2015,Indeks planinskog zelenog pokrivača (kvadratnih kilometara),Ukupno,Unutrašnje vodene površine,Kvadratnih kilometara,127.08
2018,Indeks planinskog zelenog pokrivača (kvadratnih kilometara),Ukupno,Unutrašnje vodene površine,Kvadratnih kilometara,127.08
2005,Indeks planinskog zelenog pokrivača (kvadratnih kilometara),Ukupno,Indeks zelenog pokrivača planine (MGCI),Kvadratnih kilometara,37743.19
2010,Indeks planinskog zelenog pokrivača (kvadratnih kilometara),Ukupno,Indeks zelenog pokrivača planine (MGCI),Kvadratnih kilometara,37721.22
2015,Indeks planinskog zelenog pokrivača (kvadratnih kilometara),Ukupno,Indeks zelenog pokrivača planine (MGCI),Kvadratnih kilometara,37695.62
2018,Indeks planinskog zelenog pokrivača (kvadratnih kilometara),Ukupno,Indeks zelenog pokrivača planine (MGCI),Kvadratnih kilometara,37691.18
2005,Indeks planinskog zelenog pokrivača (kvadratnih kilometara),Ukupno,Površine prekrivene žbunjem,Kvadratnih kilometara,422.63
2010,Indeks planinskog zelenog pokrivača (kvadratnih kilometara),Ukupno,Površine prekrivene žbunjem,Kvadratnih kilometara,420.88
2015,Indeks planinskog zelenog pokrivača (kvadratnih kilometara),Ukupno,Površine prekrivene žbunjem,Kvadratnih kilometara,419.55
2018,Indeks planinskog zelenog pokrivača (kvadratnih kilometara),Ukupno,Površine prekrivene žbunjem,Kvadratnih kilometara,424.3
2005,Indeks planinskog zelenog pokrivača (kvadratnih kilometara),Ukupno,Površine sa rijetkom vegetacijom,Kvadratnih kilometara,27.27
2010,Indeks planinskog zelenog pokrivača (kvadratnih kilometara),Ukupno,Površine sa rijetkom vegetacijom,Kvadratnih kilometara,30.41
2015,Indeks planinskog zelenog pokrivača (kvadratnih kilometara),Ukupno,Površine sa rijetkom vegetacijom,Kvadratnih kilometara,30.69
2018,Indeks planinskog zelenog pokrivača (kvadratnih kilometara),Ukupno,Površine sa rijetkom vegetacijom,Kvadratnih kilometara,30.83
2005, ER_MTN_GRNCOV,Ukupno,Neplodna zemlja,Kvadratnih kilometara,11.82
2010, ER_MTN_GRNCOV,Ukupno,Neplodna zemlja,Kvadratnih kilometara,11.55
2015, ER_MTN_GRNCOV,Ukupno,Neplodna zemlja,Kvadratnih kilometara,12.45
2018, ER_MTN_GRNCOV,Ukupno,Neplodna zemlja,Kvadratnih kilometara,13.05
2005,Indeks planinskog zelenog pokrivača (kvadratnih kilometara),Ukupno,Područja pokrivena drvećem,Kvadratnih kilometara,25317.89
2010,Indeks planinskog zelenog pokrivača (kvadratnih kilometara),Ukupno,Područja pokrivena drvećem,Kvadratnih kilometara,25760.18
2015,Indeks planinskog zelenog pokrivača (kvadratnih kilometara),Ukupno,Područja pokrivena drvećem,Kvadratnih kilometara,25855.61
2018,Indeks planinskog zelenog pokrivača (kvadratnih kilometara),Ukupno,Područja pokrivena drvećem,Kvadratnih kilometara,25765.75
