Year,SERIES,UNIT_MEASURE,Value
2000,Indeks crvene liste,IX,0.8994
2001,Indeks crvene liste,IX,0.8992
2002,Indeks crvene liste,IX,0.8992
2003,Indeks crvene liste,IX,0.8992
2004,Indeks crvene liste,IX,0.89917
2005,Indeks crvene liste,IX,0.8992
2006,Indeks crvene liste,IX,0.8992
2007,Indeks crvene liste,IX,0.89927
2008,Indeks crvene liste,IX,0.89931
2009,Indeks crvene liste,IX,0.89934
2010,Indeks crvene liste,IX,0.89936
2011,Indeks crvene liste,IX,0.89941
2012,Indeks crvene liste,IX,0.89945
2013,Indeks crvene liste,IX,0.89948
2014,Indeks crvene liste,IX,0.89951
2015,Indeks crvene liste,IX,0.8995
2016,Indeks crvene liste,IX,0.8996
2017,Indeks crvene liste,IX,0.8996
2018,Indeks crvene liste,IX,0.8996
2019,Indeks crvene liste,IX,0.8997
2020,Indeks crvene liste,IX,0.8997
2021,Indeks crvene liste,IX,0.8997
