Year,SERIES,UNIT_MEASURE,Value
2002,"Ukupna zvanična razvojna pomoć za biodiverzitet, po zemljama primaocima (milioni američkih dolara konstanta 2021.)",Konstantni američki dolari,0.76408
2003,"Ukupna zvanična razvojna pomoć za biodiverzitet, po zemljama primaocima (milioni američkih dolara konstanta 2021.)",Konstantni američki dolari,0.3775
2004,"Ukupna zvanična razvojna pomoć za biodiverzitet, po zemljama primaocima (milioni američkih dolara konstanta 2021.)",Konstantni američki dolari,4.52786
2005,"Ukupna zvanična razvojna pomoć za biodiverzitet, po zemljama primaocima (milioni američkih dolara konstanta 2021.)",Konstantni američki dolari,0.6602
2006,"Ukupna zvanična razvojna pomoć za biodiverzitet, po zemljama primaocima (milioni američkih dolara konstanta 2021.)",Konstantni američki dolari,1.836
2007,"Ukupna zvanična razvojna pomoć za biodiverzitet, po zemljama primaocima (milioni američkih dolara konstanta 2021.)",Konstantni američki dolari,0.9378
2008,"Ukupna zvanična razvojna pomoć za biodiverzitet, po zemljama primaocima (milioni američkih dolara konstanta 2021.)",Konstantni američki dolari,3.8267
2009,"Ukupna zvanična razvojna pomoć za biodiverzitet, po zemljama primaocima (milioni američkih dolara konstanta 2021.)",Konstantni američki dolari,4.678
2010,"Ukupna zvanična razvojna pomoć za biodiverzitet, po zemljama primaocima (milioni američkih dolara konstanta 2021.)",Konstantni američki dolari,13.3973
2011,"Ukupna zvanična razvojna pomoć za biodiverzitet, po zemljama primaocima (milioni američkih dolara konstanta 2021.)",Konstantni američki dolari,1.2313
2012,"Ukupna zvanična razvojna pomoć za biodiverzitet, po zemljama primaocima (milioni američkih dolara konstanta 2021.)",Konstantni američki dolari,2.9518
2013,"Ukupna zvanična razvojna pomoć za biodiverzitet, po zemljama primaocima (milioni američkih dolara konstanta 2021.)",Konstantni američki dolari,1.2947
2014,"Ukupna zvanična razvojna pomoć za biodiverzitet, po zemljama primaocima (milioni američkih dolara konstanta 2021.)",Konstantni američki dolari,1.6502
2015,"Ukupna zvanična razvojna pomoć za biodiverzitet, po zemljama primaocima (milioni američkih dolara konstanta 2021.)",Konstantni američki dolari,0.8073
2016,"Ukupna zvanična razvojna pomoć za biodiverzitet, po zemljama primaocima (milioni američkih dolara konstanta 2021.)",Konstantni američki dolari,4.4938
2017,"Ukupna zvanična razvojna pomoć za biodiverzitet, po zemljama primaocima (milioni američkih dolara konstanta 2021.)",Konstantni američki dolari,20.5543
2018,"Ukupna zvanična razvojna pomoć za biodiverzitet, po zemljama primaocima (milioni američkih dolara konstanta 2021.)",Konstantni američki dolari,12.5023
2019,"Ukupna zvanična razvojna pomoć za biodiverzitet, po zemljama primaocima (milioni američkih dolara konstanta 2021.)",Konstantni američki dolari,19.5475
2020,"Ukupna zvanična razvojna pomoć za biodiverzitet, po zemljama primaocima (milioni američkih dolara konstanta 2021.)",Konstantni američki dolari,9.9704
2021,"Ukupna zvanična razvojna pomoć za biodiverzitet, po zemljama primaocima (milioni američkih dolara konstanta 2021.)",Konstantni američki dolari,4.7039
