Year,SERIES,UNIT_MEASURE,Spol,Godine,OCCUPATION,Value
2020,Proporcije pozicija u javnoj službi u poređenju sa nacionalnom raspodelom (odnos),Odnos,Žene, _T,ADMINPRO,0.99
2020,Proporcije pozicija u javnoj službi u poređenju sa nacionalnom raspodelom (odnos),Odnos,Žene, _T,ASSOCPRO,0.91
2020,Proporcije pozicija u javnoj službi u poređenju sa nacionalnom raspodelom (odnos),Odnos,Žene, _T,GENERAL,1.19
2020,Proporcije pozicija u javnoj službi u poređenju sa nacionalnom raspodelom (odnos),Odnos,Žene, _T,OTHERMAN,0.8
2020,Proporcije pozicija u javnoj službi u poređenju sa nacionalnom raspodelom (odnos),Odnos,Žene, _T,SENIORMAN,0.29
