Year,SERIES,UNIT_MEASURE,Spol,Godine,OCCUPATION,Value
2020,Proporcije pozicija u javnoj službi u poređenju sa nacionalnom raspodelom (odnos),Odnos,Žene,Svi dobni rasponi ili nema podjele po godinama,ADMINPRO,0.99
2020,Proporcije pozicija u javnoj službi u poređenju sa nacionalnom raspodelom (odnos),Odnos,Žene,Svi dobni rasponi ili nema podjele po godinama,ASSOCPRO,0.91
2020,Proporcije pozicija u javnoj službi u poređenju sa nacionalnom raspodelom (odnos),Odnos,Žene,Svi dobni rasponi ili nema podjele po godinama,GENERAL,1.19
2020,Proporcije pozicija u javnoj službi u poređenju sa nacionalnom raspodelom (odnos),Odnos,Žene,Svi dobni rasponi ili nema podjele po godinama,OTHERMAN,0.8
2020,Proporcije pozicija u javnoj službi u poređenju sa nacionalnom raspodelom (odnos),Odnos,Žene,Svi dobni rasponi ili nema podjele po godinama,SENIORMAN,0.29
