Year,SERIES,Godine,COMPOSITE_BREAKDOWN,Spol,Zanimanje,UNIT_MEASURE,Value
2020,Proporcije pozicija u javnoj službi u poređenju sa nacionalnom raspodelom (odnos),Svi dobni rasponi ili nema podjele po godinama,,Žene,Administrativni stručnjaci,Odnos,0.99
2020,Proporcije pozicija u javnoj službi u poređenju sa nacionalnom raspodelom (odnos),Svi dobni rasponi ili nema podjele po godinama,,Žene,Stručnjaci za poslovne i administrativne poslove,Odnos,0.91
2020,Proporcije pozicija u javnoj službi u poređenju sa nacionalnom raspodelom (odnos),Svi dobni rasponi ili nema podjele po godinama,,Žene,Opšti službenici i sekretarice,Odnos,1.19
2020,Proporcije pozicija u javnoj službi u poređenju sa nacionalnom raspodelom (odnos),Svi dobni rasponi ili nema podjele po godinama,,Žene,Ostali menadžeri generalni direktori i izvršni direktori i menadžeri za poslovne usluge i administraciju,Odnos,0.8
2020,Proporcije pozicija u javnoj službi u poređenju sa nacionalnom raspodelom (odnos),Svi dobni rasponi ili nema podjele po godinama,,Žene,Viši menadžeri viši državni službenici,Odnos,0.29
2020,Proporcije pozicija u javnoj službi u poređenju sa nacionalnom raspodelom (odnos),mlađi od 35 godina,,Oba spola ili bez podjele po spolu,"Ukupno osoblje javnih službi na nacionalnom nivou (uključujući policiju, obrazovanje, zdravstvo, administrativno osoblje na recepciji i sve ostalo osoblje javnih službi)",Odnos,0.44
2020,Proporcije pozicija u javnoj službi u poređenju sa nacionalnom raspodelom (odnos),Svi dobni rasponi ili nema podjele po godinama,,Žene,"Ukupno osoblje javnih službi na nacionalnom nivou (uključujući policiju, obrazovanje, zdravstvo, administrativno osoblje na recepciji i sve ostalo osoblje javnih službi)",Odnos,1.11
