Year,SERIES,UNIT_MEASURE,Vrsta proizvoda,Value
2005,"Svjetski ponderisani tarifni prosjek, status najpovlašćenije države, prema vrsti proizvoda (%)",Procenat,Poljoprivredni proizvodi,15.79221
2010,"Svjetski ponderisani tarifni prosjek, status najpovlašćenije države, prema vrsti proizvoda (%)",Procenat,Poljoprivredni proizvodi,16.30277
2015,"Svjetski ponderisani tarifni prosjek, status najpovlašćenije države, prema vrsti proizvoda (%)",Procenat,Poljoprivredni proizvodi,15.82199
2016,"Svjetski ponderisani tarifni prosjek, status najpovlašćenije države, prema vrsti proizvoda (%)",Procenat,Poljoprivredni proizvodi,15.3037
2017,"Svjetski ponderisani tarifni prosjek, status najpovlašćenije države, prema vrsti proizvoda (%)",Procenat,Poljoprivredni proizvodi,15.00477
2018,"Svjetski ponderisani tarifni prosjek, status najpovlašćenije države, prema vrsti proizvoda (%)",Procenat,Poljoprivredni proizvodi,15.10976
2019,"Svjetski ponderisani tarifni prosjek, status najpovlašćenije države, prema vrsti proizvoda (%)",Procenat,Poljoprivredni proizvodi,16.01302
2020,"Svjetski ponderisani tarifni prosjek, status najpovlašćenije države, prema vrsti proizvoda (%)",Procenat,Poljoprivredni proizvodi,15.70981
2021,"Svjetski ponderisani tarifni prosjek, status najpovlašćenije države, prema vrsti proizvoda (%)",Procenat,Poljoprivredni proizvodi,16.51239
2005,"Svjetski ponderisani tarifni prosjek, status najpovlašćenije države, prema vrsti proizvoda (%)",Procenat,_T,7.91315
2010,"Svjetski ponderisani tarifni prosjek, status najpovlašćenije države, prema vrsti proizvoda (%)",Procenat,_T,7.54494
2015,"Svjetski ponderisani tarifni prosjek, status najpovlašćenije države, prema vrsti proizvoda (%)",Procenat,_T,7.88609
2016,"Svjetski ponderisani tarifni prosjek, status najpovlašćenije države, prema vrsti proizvoda (%)",Procenat,_T,7.67387
2017,"Svjetski ponderisani tarifni prosjek, status najpovlašćenije države, prema vrsti proizvoda (%)",Procenat,_T,7.75035
2018,"Svjetski ponderisani tarifni prosjek, status najpovlašćenije države, prema vrsti proizvoda (%)",Procenat,_T,8.00909
2019,"Svjetski ponderisani tarifni prosjek, status najpovlašćenije države, prema vrsti proizvoda (%)",Procenat,_T,7.73552
2020,"Svjetski ponderisani tarifni prosjek, status najpovlašćenije države, prema vrsti proizvoda (%)",Procenat,_T,8.41333
2021,"Svjetski ponderisani tarifni prosjek, status najpovlašćenije države, prema vrsti proizvoda (%)",Procenat,_T,7.97562
2005,"Svjetski ponderisani tarifni prosjek, status najpovlašćenije države, prema vrsti proizvoda (%)",Procenat,Oružje,14.28337
2019,"Svjetski ponderisani tarifni prosjek, status najpovlašćenije države, prema vrsti proizvoda (%)",Procenat,Oružje,9.8403
2020,"Svjetski ponderisani tarifni prosjek, status najpovlašćenije države, prema vrsti proizvoda (%)",Procenat,Oružje,11.63443
2021,"Svjetski ponderisani tarifni prosjek, status najpovlašćenije države, prema vrsti proizvoda (%)",Procenat,Oružje,11.76048
2005,"Svjetski ponderisani tarifni prosjek, status najpovlašćenije države, prema vrsti proizvoda (%)",Procenat,Odjeća,15.0
2010,"Svjetski ponderisani tarifni prosjek, status najpovlašćenije države, prema vrsti proizvoda (%)",Procenat,Odjeća,15.0
2015,"Svjetski ponderisani tarifni prosjek, status najpovlašćenije države, prema vrsti proizvoda (%)",Procenat,Odjeća,15.0
2016,"Svjetski ponderisani tarifni prosjek, status najpovlašćenije države, prema vrsti proizvoda (%)",Procenat,Odjeća,15.0
2017,"Svjetski ponderisani tarifni prosjek, status najpovlašćenije države, prema vrsti proizvoda (%)",Procenat,Odjeća,15.0
2018,"Svjetski ponderisani tarifni prosjek, status najpovlašćenije države, prema vrsti proizvoda (%)",Procenat,Odjeća,15.0
2019,"Svjetski ponderisani tarifni prosjek, status najpovlašćenije države, prema vrsti proizvoda (%)",Procenat,Odjeća,15.0
2020,"Svjetski ponderisani tarifni prosjek, status najpovlašćenije države, prema vrsti proizvoda (%)",Procenat,Odjeća,15.0
2021,"Svjetski ponderisani tarifni prosjek, status najpovlašćenije države, prema vrsti proizvoda (%)",Procenat,Odjeća,15.0
2005,"Svjetski ponderisani tarifni prosjek, status najpovlašćenije države, prema vrsti proizvoda (%)",Procenat,Industrijski proizvodi,6.0594
2010,"Svjetski ponderisani tarifni prosjek, status najpovlašćenije države, prema vrsti proizvoda (%)",Procenat,Industrijski proizvodi,5.6095
2015,"Svjetski ponderisani tarifni prosjek, status najpovlašćenije države, prema vrsti proizvoda (%)",Procenat,Industrijski proizvodi,5.9615
2016,"Svjetski ponderisani tarifni prosjek, status najpovlašćenije države, prema vrsti proizvoda (%)",Procenat,Industrijski proizvodi,5.7965
2017,"Svjetski ponderisani tarifni prosjek, status najpovlašćenije države, prema vrsti proizvoda (%)",Procenat,Industrijski proizvodi,6.0263
2018,"Svjetski ponderisani tarifni prosjek, status najpovlašćenije države, prema vrsti proizvoda (%)",Procenat,Industrijski proizvodi,6.027
2019,"Svjetski ponderisani tarifni prosjek, status najpovlašćenije države, prema vrsti proizvoda (%)",Procenat,Industrijski proizvodi,5.641
2020,"Svjetski ponderisani tarifni prosjek, status najpovlašćenije države, prema vrsti proizvoda (%)",Procenat,Industrijski proizvodi,6.3567
2021,"Svjetski ponderisani tarifni prosjek, status najpovlašćenije države, prema vrsti proizvoda (%)",Procenat,Industrijski proizvodi,5.8073
2005,"Svjetski ponderisani tarifni prosjek, status najpovlašćenije države, prema vrsti proizvoda (%)",Procenat,Nafta ili ulje,0.0
2010,"Svjetski ponderisani tarifni prosjek, status najpovlašćenije države, prema vrsti proizvoda (%)",Procenat,Nafta ili ulje,0.0
2015,"Svjetski ponderisani tarifni prosjek, status najpovlašćenije države, prema vrsti proizvoda (%)",Procenat,Nafta ili ulje,0.0
2016,"Svjetski ponderisani tarifni prosjek, status najpovlašćenije države, prema vrsti proizvoda (%)",Procenat,Nafta ili ulje,0.0
2017,"Svjetski ponderisani tarifni prosjek, status najpovlašćenije države, prema vrsti proizvoda (%)",Procenat,Nafta ili ulje,0.0
2018,"Svjetski ponderisani tarifni prosjek, status najpovlašćenije države, prema vrsti proizvoda (%)",Procenat,Nafta ili ulje,0.0
2019,"Svjetski ponderisani tarifni prosjek, status najpovlašćenije države, prema vrsti proizvoda (%)",Procenat,Nafta ili ulje,0.0
2020,"Svjetski ponderisani tarifni prosjek, status najpovlašćenije države, prema vrsti proizvoda (%)",Procenat,Nafta ili ulje,0.0
2021,"Svjetski ponderisani tarifni prosjek, status najpovlašćenije države, prema vrsti proizvoda (%)",Procenat,Nafta ili ulje,0.0
2005,"Svjetski ponderisani tarifni prosjek, status najpovlašćenije države, prema vrsti proizvoda (%)",Procenat,Tekstil,10.1987
2010,"Svjetski ponderisani tarifni prosjek, status najpovlašćenije države, prema vrsti proizvoda (%)",Procenat,Tekstil,9.5043
2015,"Svjetski ponderisani tarifni prosjek, status najpovlašćenije države, prema vrsti proizvoda (%)",Procenat,Tekstil,9.2258
2016,"Svjetski ponderisani tarifni prosjek, status najpovlašćenije države, prema vrsti proizvoda (%)",Procenat,Tekstil,9.217
2017,"Svjetski ponderisani tarifni prosjek, status najpovlašćenije države, prema vrsti proizvoda (%)",Procenat,Tekstil,9.2486
2018,"Svjetski ponderisani tarifni prosjek, status najpovlašćenije države, prema vrsti proizvoda (%)",Procenat,Tekstil,9.2486
2019,"Svjetski ponderisani tarifni prosjek, status najpovlašćenije države, prema vrsti proizvoda (%)",Procenat,Tekstil,9.5292
2020,"Svjetski ponderisani tarifni prosjek, status najpovlašćenije države, prema vrsti proizvoda (%)",Procenat,Tekstil,9.5745
2021,"Svjetski ponderisani tarifni prosjek, status najpovlašćenije države, prema vrsti proizvoda (%)",Procenat,Tekstil,9.6882
2005,"Svjetski ponderisani tarifni prosjek, preferencijalni status, prema vrsti proizvoda (%)",Procenat,Poljoprivredni proizvodi,6.0797
2010,"Svjetski ponderisani tarifni prosjek, preferencijalni status, prema vrsti proizvoda (%)",Procenat,Poljoprivredni proizvodi,3.4821
2015,"Svjetski ponderisani tarifni prosjek, preferencijalni status, prema vrsti proizvoda (%)",Procenat,Poljoprivredni proizvodi,2.1827
2016,"Svjetski ponderisani tarifni prosjek, preferencijalni status, prema vrsti proizvoda (%)",Procenat,Poljoprivredni proizvodi,2.1422
2017,"Svjetski ponderisani tarifni prosjek, preferencijalni status, prema vrsti proizvoda (%)",Procenat,Poljoprivredni proizvodi,2.3214
2018,"Svjetski ponderisani tarifni prosjek, preferencijalni status, prema vrsti proizvoda (%)",Procenat,Poljoprivredni proizvodi,2.4105
2019,"Svjetski ponderisani tarifni prosjek, preferencijalni status, prema vrsti proizvoda (%)",Procenat,Poljoprivredni proizvodi,2.2068
2020,"Svjetski ponderisani tarifni prosjek, preferencijalni status, prema vrsti proizvoda (%)",Procenat,Poljoprivredni proizvodi,2.1796
2021,"Svjetski ponderisani tarifni prosjek, preferencijalni status, prema vrsti proizvoda (%)",Procenat,Poljoprivredni proizvodi,2.2691
2005,"Svjetski ponderisani tarifni prosjek, preferencijalni status, prema vrsti proizvoda (%)",Procenat,_T,2.3314
2010,"Svjetski ponderisani tarifni prosjek, preferencijalni status, prema vrsti proizvoda (%)",Procenat,_T,1.7838
2015,"Svjetski ponderisani tarifni prosjek, preferencijalni status, prema vrsti proizvoda (%)",Procenat,_T,1.323
2016,"Svjetski ponderisani tarifni prosjek, preferencijalni status, prema vrsti proizvoda (%)",Procenat,_T,1.3079
2017,"Svjetski ponderisani tarifni prosjek, preferencijalni status, prema vrsti proizvoda (%)",Procenat,_T,1.3212
2018,"Svjetski ponderisani tarifni prosjek, preferencijalni status, prema vrsti proizvoda (%)",Procenat,_T,1.3784
2019,"Svjetski ponderisani tarifni prosjek, preferencijalni status, prema vrsti proizvoda (%)",Procenat,_T,1.4047
2020,"Svjetski ponderisani tarifni prosjek, preferencijalni status, prema vrsti proizvoda (%)",Procenat,_T,1.4634
2021,"Svjetski ponderisani tarifni prosjek, preferencijalni status, prema vrsti proizvoda (%)",Procenat,_T,1.7175
2005,"Svjetski ponderisani tarifni prosjek, preferencijalni status, prema vrsti proizvoda (%)",Procenat,Oružje,4.9468
2019,"Svjetski ponderisani tarifni prosjek, preferencijalni status, prema vrsti proizvoda (%)",Procenat,Oružje,0.6097
2020,"Svjetski ponderisani tarifni prosjek, preferencijalni status, prema vrsti proizvoda (%)",Procenat,Oružje,1.7941
2021,"Svjetski ponderisani tarifni prosjek, preferencijalni status, prema vrsti proizvoda (%)",Procenat,Oružje,2.0527
2005,"Svjetski ponderisani tarifni prosjek, preferencijalni status, prema vrsti proizvoda (%)",Procenat,Odjeća,6.7385
2010,"Svjetski ponderisani tarifni prosjek, preferencijalni status, prema vrsti proizvoda (%)",Procenat,Odjeća,7.945
2015,"Svjetski ponderisani tarifni prosjek, preferencijalni status, prema vrsti proizvoda (%)",Procenat,Odjeća,6.9181
2016,"Svjetski ponderisani tarifni prosjek, preferencijalni status, prema vrsti proizvoda (%)",Procenat,Odjeća,6.9181
2017,"Svjetski ponderisani tarifni prosjek, preferencijalni status, prema vrsti proizvoda (%)",Procenat,Odjeća,7.0286
2018,"Svjetski ponderisani tarifni prosjek, preferencijalni status, prema vrsti proizvoda (%)",Procenat,Odjeća,7.0286
2019,"Svjetski ponderisani tarifni prosjek, preferencijalni status, prema vrsti proizvoda (%)",Procenat,Odjeća,6.4306
2020,"Svjetski ponderisani tarifni prosjek, preferencijalni status, prema vrsti proizvoda (%)",Procenat,Odjeća,5.9718
2021,"Svjetski ponderisani tarifni prosjek, preferencijalni status, prema vrsti proizvoda (%)",Procenat,Odjeća,7.0816
2005,"Svjetski ponderisani tarifni prosjek, preferencijalni status, prema vrsti proizvoda (%)",Procenat,Industrijski proizvodi,1.4504
2010,"Svjetski ponderisani tarifni prosjek, preferencijalni status, prema vrsti proizvoda (%)",Procenat,Industrijski proizvodi,1.2943
2015,"Svjetski ponderisani tarifni prosjek, preferencijalni status, prema vrsti proizvoda (%)",Procenat,Industrijski proizvodi,0.9845
2016,"Svjetski ponderisani tarifni prosjek, preferencijalni status, prema vrsti proizvoda (%)",Procenat,Industrijski proizvodi,0.9755
2017,"Svjetski ponderisani tarifni prosjek, preferencijalni status, prema vrsti proizvoda (%)",Procenat,Industrijski proizvodi,0.9357
2018,"Svjetski ponderisani tarifni prosjek, preferencijalni status, prema vrsti proizvoda (%)",Procenat,Industrijski proizvodi,0.9357
2019,"Svjetski ponderisani tarifni prosjek, preferencijalni status, prema vrsti proizvoda (%)",Procenat,Industrijski proizvodi,1.0344
2020,"Svjetski ponderisani tarifni prosjek, preferencijalni status, prema vrsti proizvoda (%)",Procenat,Industrijski proizvodi,1.0781
2021,"Svjetski ponderisani tarifni prosjek, preferencijalni status, prema vrsti proizvoda (%)",Procenat,Industrijski proizvodi,1.3546
2005,"Svjetski ponderisani tarifni prosjek, preferencijalni status, prema vrsti proizvoda (%)",Procenat,Nafta ili ulje,0.0
2010,"Svjetski ponderisani tarifni prosjek, preferencijalni status, prema vrsti proizvoda (%)",Procenat,Nafta ili ulje,0.0
2015,"Svjetski ponderisani tarifni prosjek, preferencijalni status, prema vrsti proizvoda (%)",Procenat,Nafta ili ulje,0.0
2016,"Svjetski ponderisani tarifni prosjek, preferencijalni status, prema vrsti proizvoda (%)",Procenat,Nafta ili ulje,0.0
2017,"Svjetski ponderisani tarifni prosjek, preferencijalni status, prema vrsti proizvoda (%)",Procenat,Nafta ili ulje,0.0
2018,"Svjetski ponderisani tarifni prosjek, preferencijalni status, prema vrsti proizvoda (%)",Procenat,Nafta ili ulje,0.0
2019,"Svjetski ponderisani tarifni prosjek, preferencijalni status, prema vrsti proizvoda (%)",Procenat,Nafta ili ulje,0.0
2020,"Svjetski ponderisani tarifni prosjek, preferencijalni status, prema vrsti proizvoda (%)",Procenat,Nafta ili ulje,0.0
2021,"Svjetski ponderisani tarifni prosjek, preferencijalni status, prema vrsti proizvoda (%)",Procenat,Nafta ili ulje,0.0
2005,"Svjetski ponderisani tarifni prosjek, preferencijalni status, prema vrsti proizvoda (%)",Procenat,Tekstil,2.4615
2010,"Svjetski ponderisani tarifni prosjek, preferencijalni status, prema vrsti proizvoda (%)",Procenat,Tekstil,2.5779
2015,"Svjetski ponderisani tarifni prosjek, preferencijalni status, prema vrsti proizvoda (%)",Procenat,Tekstil,1.7332
2016,"Svjetski ponderisani tarifni prosjek, preferencijalni status, prema vrsti proizvoda (%)",Procenat,Tekstil,1.7074
2017,"Svjetski ponderisani tarifni prosjek, preferencijalni status, prema vrsti proizvoda (%)",Procenat,Tekstil,1.7783
2018,"Svjetski ponderisani tarifni prosjek, preferencijalni status, prema vrsti proizvoda (%)",Procenat,Tekstil,1.7783
2019,"Svjetski ponderisani tarifni prosjek, preferencijalni status, prema vrsti proizvoda (%)",Procenat,Tekstil,2.0361
2020,"Svjetski ponderisani tarifni prosjek, preferencijalni status, prema vrsti proizvoda (%)",Procenat,Tekstil,2.2915
2021,"Svjetski ponderisani tarifni prosjek, preferencijalni status, prema vrsti proizvoda (%)",Procenat,Tekstil,2.9717
