Year,SERIES,UNIT_MEASURE,Value
2019,Zemlje s nacionalnim statističkim planovima koji su u potpunosti finansirani (1= DA; 0 = NE),NUMBER,1
2020,Zemlje s nacionalnim statističkim planovima koji su u potpunosti finansirani (1= DA; 0 = NE),NUMBER,1
2021,Zemlje s nacionalnim statističkim planovima koji su u potpunosti finansirani (1= DA; 0 = NE),NUMBER,1
2022,Zemlje s nacionalnim statističkim planovima koji su u potpunosti finansirani (1= DA; 0 = NE),NUMBER,1
2019,Zemlje s nacionalnim statističkim planovima koji su u provedbi (1 = DA; 0 = NE),NUMBER,1
2020,Zemlje s nacionalnim statističkim planovima koji su u provedbi (1 = DA; 0 = NE),NUMBER,1
2021,Zemlje s nacionalnim statističkim planovima koji su u provedbi (1 = DA; 0 = NE),NUMBER,1
2022,Zemlje s nacionalnim statističkim planovima koji su u provedbi (1 = DA; 0 = NE),NUMBER,1
2019,Zemlje s nacionalnim statističkim planovima koje finansira država (1 = DA; 0 = NE),NUMBER,1
2020,Zemlje s nacionalnim statističkim planovima koje finansira država (1 = DA; 0 = NE),NUMBER,1
2021,Zemlje s nacionalnim statističkim planovima koje finansira država (1 = DA; 0 = NE),NUMBER,1
2022,Zemlje s nacionalnim statističkim planovima koje finansira država (1 = DA; 0 = NE),NUMBER,1
2019,Zemlje s nacionalnim statističkim planovima koje finansiraju donatori (1 = DA; 0 = NE),NUMBER,1
2020,Zemlje s nacionalnim statističkim planovima koje finansiraju donatori (1 = DA; 0 = NE),NUMBER,1
2021,Zemlje s nacionalnim statističkim planovima koje finansiraju donatori (1 = DA; 0 = NE),NUMBER,1
2022,Zemlje s nacionalnim statističkim planovima koje finansiraju donatori (1 = DA; 0 = NE),NUMBER,1
