Year,SERIES,UNIT_MEASURE,Godine,Spol,Value
2015,Rasprostranjenost umjerene ili ozbiljne nesigurnosti hrane kod odrasle populacije,Procenat,15 godina i više,Žene,9.6
2016,Rasprostranjenost umjerene ili ozbiljne nesigurnosti hrane kod odrasle populacije,Procenat,15 godina i više,Žene,9.1
2017,Rasprostranjenost umjerene ili ozbiljne nesigurnosti hrane kod odrasle populacije,Procenat,15 godina i više,Žene,7.8
2018,Rasprostranjenost umjerene ili ozbiljne nesigurnosti hrane kod odrasle populacije,Procenat,15 godina i više,Žene,8.2
2019,Rasprostranjenost umjerene ili ozbiljne nesigurnosti hrane kod odrasle populacije,Procenat,15 godina i više,Žene,10.6
2020,Rasprostranjenost umjerene ili ozbiljne nesigurnosti hrane kod odrasle populacije,Procenat,15 godina i više,Žene,13.7
2015,Rasprostranjenost umjerene ili ozbiljne nesigurnosti hrane kod odrasle populacije,Procenat,15 godina i više,Muškarci,9.2
2016,Rasprostranjenost umjerene ili ozbiljne nesigurnosti hrane kod odrasle populacije,Procenat,15 godina i više,Muškarci,11.0
2017,Rasprostranjenost umjerene ili ozbiljne nesigurnosti hrane kod odrasle populacije,Procenat,15 godina i više,Muškarci,9.2
2018,Rasprostranjenost umjerene ili ozbiljne nesigurnosti hrane kod odrasle populacije,Procenat,15 godina i više,Muškarci,9.6
2019,Rasprostranjenost umjerene ili ozbiljne nesigurnosti hrane kod odrasle populacije,Procenat,15 godina i više,Muškarci,9.8
2020,Rasprostranjenost umjerene ili ozbiljne nesigurnosti hrane kod odrasle populacije,Procenat,15 godina i više,Muškarci,11.1
2015,Rasprostranjenost umjerene ili ozbiljne nesigurnosti hrane kod odrasle populacije,Procenat,Svi dobni rasponi ili nema podjele po godinama,Oba spola ili bez podjele po spolu,9.6
2016,Rasprostranjenost umjerene ili ozbiljne nesigurnosti hrane kod odrasle populacije,Procenat,Svi dobni rasponi ili nema podjele po godinama,Oba spola ili bez podjele po spolu,10.3
2017,Rasprostranjenost umjerene ili ozbiljne nesigurnosti hrane kod odrasle populacije,Procenat,Svi dobni rasponi ili nema podjele po godinama,Oba spola ili bez podjele po spolu,8.7
2018,Rasprostranjenost umjerene ili ozbiljne nesigurnosti hrane kod odrasle populacije,Procenat,Svi dobni rasponi ili nema podjele po godinama,Oba spola ili bez podjele po spolu,9.2
2019,Rasprostranjenost umjerene ili ozbiljne nesigurnosti hrane kod odrasle populacije,Procenat,Svi dobni rasponi ili nema podjele po godinama,Oba spola ili bez podjele po spolu,10.0
2020,Rasprostranjenost umjerene ili ozbiljne nesigurnosti hrane kod odrasle populacije,Procenat,Svi dobni rasponi ili nema podjele po godinama,Oba spola ili bez podjele po spolu,12.6
2015,Rasprostranjenost ozbiljne nesigurnosti hranom kod populacije,Procenat,15 godina i više,Žene,1.4
2016,Rasprostranjenost ozbiljne nesigurnosti hranom kod populacije,Procenat,15 godina i više,Žene,1.4
2017,Rasprostranjenost ozbiljne nesigurnosti hranom kod populacije,Procenat,15 godina i više,Žene,1.0
2018,Rasprostranjenost ozbiljne nesigurnosti hranom kod populacije,Procenat,15 godina i više,Žene,1.2
2019,Rasprostranjenost ozbiljne nesigurnosti hranom kod populacije,Procenat,15 godina i više,Žene,2.0
2020,Rasprostranjenost ozbiljne nesigurnosti hranom kod populacije,Procenat,15 godina i više,Žene,2.7
2015,Rasprostranjenost ozbiljne nesigurnosti hranom kod populacije,Procenat,15 godina i više,Muškarci,1.7
2016,Rasprostranjenost ozbiljne nesigurnosti hranom kod populacije,Procenat,15 godina i više,Muškarci,2.1
2017,Rasprostranjenost ozbiljne nesigurnosti hranom kod populacije,Procenat,15 godina i više,Muškarci,1.5
2018,Rasprostranjenost ozbiljne nesigurnosti hranom kod populacije,Procenat,15 godina i više,Muškarci,1.6
2019,Rasprostranjenost ozbiljne nesigurnosti hranom kod populacije,Procenat,15 godina i više,Muškarci,2.0
2020,Rasprostranjenost ozbiljne nesigurnosti hranom kod populacije,Procenat,15 godina i više,Muškarci,2.8
2015,Rasprostranjenost ozbiljne nesigurnosti hranom kod populacije,Procenat,Svi dobni rasponi ili nema podjele po godinama,Oba spola ili bez podjele po spolu,1.5
2016,Rasprostranjenost ozbiljne nesigurnosti hranom kod populacije,Procenat,Svi dobni rasponi ili nema podjele po godinama,Oba spola ili bez podjele po spolu,1.8
2017,Rasprostranjenost ozbiljne nesigurnosti hranom kod populacije,Procenat,Svi dobni rasponi ili nema podjele po godinama,Oba spola ili bez podjele po spolu,1.3
2018,Rasprostranjenost ozbiljne nesigurnosti hranom kod populacije,Procenat,Svi dobni rasponi ili nema podjele po godinama,Oba spola ili bez podjele po spolu,1.5
2019,Rasprostranjenost ozbiljne nesigurnosti hranom kod populacije,Procenat,Svi dobni rasponi ili nema podjele po godinama,Oba spola ili bez podjele po spolu,2.0
2020,Rasprostranjenost ozbiljne nesigurnosti hranom kod populacije,Procenat,Svi dobni rasponi ili nema podjele po godinama,Oba spola ili bez podjele po spolu,2.8
2015,Ukupan broj ljudi u umjerenoj ili ozbiljnoj nesigurnosti hrane (hiljada ljudi),Hiljade,15 godina i više,Žene,143.9
2016,Ukupan broj ljudi u umjerenoj ili ozbiljnoj nesigurnosti hrane (hiljada ljudi),Hiljade,15 godina i više,Žene,134.2
2017,Ukupan broj ljudi u umjerenoj ili ozbiljnoj nesigurnosti hrane (hiljada ljudi),Hiljade,15 godina i više,Žene,114.3
2018,Ukupan broj ljudi u umjerenoj ili ozbiljnoj nesigurnosti hrane (hiljada ljudi),Hiljade,15 godina i više,Žene,119.1
2019,Ukupan broj ljudi u umjerenoj ili ozbiljnoj nesigurnosti hrane (hiljada ljudi),Hiljade,15 godina i više,Žene,153.9
2020,Ukupan broj ljudi u umjerenoj ili ozbiljnoj nesigurnosti hrane (hiljada ljudi),Hiljade,15 godina i više,Žene,198.4
2015,Ukupan broj ljudi u umjerenoj ili ozbiljnoj nesigurnosti hrane (hiljada ljudi),Hiljade,15 godina i više,Muškarci,130.2
2016,Ukupan broj ljudi u umjerenoj ili ozbiljnoj nesigurnosti hrane (hiljada ljudi),Hiljade,15 godina i više,Muškarci,153.6
2017,Ukupan broj ljudi u umjerenoj ili ozbiljnoj nesigurnosti hrane (hiljada ljudi),Hiljade,15 godina i više,Muškarci,127.8
2018,Ukupan broj ljudi u umjerenoj ili ozbiljnoj nesigurnosti hrane (hiljada ljudi),Hiljade,15 godina i više,Muškarci,132.5
2019,Ukupan broj ljudi u umjerenoj ili ozbiljnoj nesigurnosti hrane (hiljada ljudi),Hiljade,15 godina i više,Muškarci,134.8
2020,Ukupan broj ljudi u umjerenoj ili ozbiljnoj nesigurnosti hrane (hiljada ljudi),Hiljade,15 godina i više,Muškarci,150.6
2015,Ukupan broj ljudi u umjerenoj ili ozbiljnoj nesigurnosti hrane (hiljada ljudi),Hiljade,Svi dobni rasponi ili nema podjele po godinama,Oba spola ili bez podjele po spolu,329.3
2016,Ukupan broj ljudi u umjerenoj ili ozbiljnoj nesigurnosti hrane (hiljada ljudi),Hiljade,Svi dobni rasponi ili nema podjele po godinama,Oba spola ili bez podjele po spolu,348.0
2017,Ukupan broj ljudi u umjerenoj ili ozbiljnoj nesigurnosti hrane (hiljada ljudi),Hiljade,Svi dobni rasponi ili nema podjele po godinama,Oba spola ili bez podjele po spolu,291.2
2018,Ukupan broj ljudi u umjerenoj ili ozbiljnoj nesigurnosti hrane (hiljada ljudi),Hiljade,Svi dobni rasponi ili nema podjele po godinama,Oba spola ili bez podjele po spolu,305.5
2019,Ukupan broj ljudi u umjerenoj ili ozbiljnoj nesigurnosti hrane (hiljada ljudi),Hiljade,Svi dobni rasponi ili nema podjele po godinama,Oba spola ili bez podjele po spolu,331.8
2020,Ukupan broj ljudi u umjerenoj ili ozbiljnoj nesigurnosti hrane (hiljada ljudi),Hiljade,Svi dobni rasponi ili nema podjele po godinama,Oba spola ili bez podjele po spolu,413.2
2015,Broj ljudi koji su ozbiljno nesigurni u pogledu hrane (hiljade ljudi),Hiljade,15 godina i više,Žene,20.4
2016,Broj ljudi koji su ozbiljno nesigurni u pogledu hrane (hiljade ljudi),Hiljade,15 godina i više,Žene,20.2
2017,Broj ljudi koji su ozbiljno nesigurni u pogledu hrane (hiljade ljudi),Hiljade,15 godina i više,Žene,14.7
2018,Broj ljudi koji su ozbiljno nesigurni u pogledu hrane (hiljade ljudi),Hiljade,15 godina i više,Žene,17.1
2019,Broj ljudi koji su ozbiljno nesigurni u pogledu hrane (hiljade ljudi),Hiljade,15 godina i više,Žene,30.1
2015,Broj ljudi koji su ozbiljno nesigurni u pogledu hrane (hiljade ljudi),Hiljade,15 godina i više,Muškarci,24.5
2016,Broj ljudi koji su ozbiljno nesigurni u pogledu hrane (hiljade ljudi),Hiljade,15 godina i više,Muškarci,29.4
2017,Broj ljudi koji su ozbiljno nesigurni u pogledu hrane (hiljade ljudi),Hiljade,15 godina i više,Muškarci,21.2
2018,Broj ljudi koji su ozbiljno nesigurni u pogledu hrane (hiljade ljudi),Hiljade,15 godina i više,Muškarci,21.4
2019,Broj ljudi koji su ozbiljno nesigurni u pogledu hrane (hiljade ljudi),Hiljade,15 godina i više,Muškarci,28.0
2015,Broj ljudi koji su ozbiljno nesigurni u pogledu hrane (hiljade ljudi),Hiljade,Svi dobni rasponi ili nema podjele po godinama,Oba spola ili bez podjele po spolu,52.8
2016,Broj ljudi koji su ozbiljno nesigurni u pogledu hrane (hiljade ljudi),Hiljade,Svi dobni rasponi ili nema podjele po godinama,Oba spola ili bez podjele po spolu,59.7
2017,Broj ljudi koji su ozbiljno nesigurni u pogledu hrane (hiljade ljudi),Hiljade,Svi dobni rasponi ili nema podjele po godinama,Oba spola ili bez podjele po spolu,44.4
2018,Broj ljudi koji su ozbiljno nesigurni u pogledu hrane (hiljade ljudi),Hiljade,Svi dobni rasponi ili nema podjele po godinama,Oba spola ili bez podjele po spolu,48.4
2019,Broj ljudi koji su ozbiljno nesigurni u pogledu hrane (hiljade ljudi),Hiljade,Svi dobni rasponi ili nema podjele po godinama,Oba spola ili bez podjele po spolu,64.0
