Year,SERIES,UNIT_MEASURE,Value
2003,Udio lokalnih pasmina klasificiranih kao rizične kao udio lokalnih pasmina s poznatom razinom rizika od izumiranja (%),Procenat,25
2004,Udio lokalnih pasmina klasificiranih kao rizične kao udio lokalnih pasmina s poznatom razinom rizika od izumiranja (%),Procenat,25
2005,Udio lokalnih pasmina klasificiranih kao rizične kao udio lokalnih pasmina s poznatom razinom rizika od izumiranja (%),Procenat,25
2006,Udio lokalnih pasmina klasificiranih kao rizične kao udio lokalnih pasmina s poznatom razinom rizika od izumiranja (%),Procenat,25
2007,Udio lokalnih pasmina klasificiranih kao rizične kao udio lokalnih pasmina s poznatom razinom rizika od izumiranja (%),Procenat,25
2008,Udio lokalnih pasmina klasificiranih kao rizične kao udio lokalnih pasmina s poznatom razinom rizika od izumiranja (%),Procenat,25
2009,Udio lokalnih pasmina klasificiranih kao rizične kao udio lokalnih pasmina s poznatom razinom rizika od izumiranja (%),Procenat,25
2010,Udio lokalnih pasmina klasificiranih kao rizične kao udio lokalnih pasmina s poznatom razinom rizika od izumiranja (%),Procenat,25
2011,Udio lokalnih pasmina klasificiranih kao rizične kao udio lokalnih pasmina s poznatom razinom rizika od izumiranja (%),Procenat,25
2012,Udio lokalnih pasmina klasificiranih kao rizične kao udio lokalnih pasmina s poznatom razinom rizika od izumiranja (%),Procenat,25
