Year,SERIES,UNIT_MEASURE,Value
2001,Udio dodane vrijednosti poljoprivrede u BDP-u,Procenat,8.92
2002,Udio dodane vrijednosti poljoprivrede u BDP-u,Procenat,8.57
2003,Udio dodane vrijednosti poljoprivrede u BDP-u,Procenat,7.78
2004,Udio dodane vrijednosti poljoprivrede u BDP-u,Procenat,8.52
2005,Udio dodane vrijednosti poljoprivrede u BDP-u,Procenat,8.3
2006,Udio dodane vrijednosti poljoprivrede u BDP-u,Procenat,8.05
2007,Udio dodane vrijednosti poljoprivrede u BDP-u,Procenat,7.7
2008,Udio dodane vrijednosti poljoprivrede u BDP-u,Procenat,7.21
2009,Udio dodane vrijednosti poljoprivrede u BDP-u,Procenat,7.08
2010,Udio dodane vrijednosti poljoprivrede u BDP-u,Procenat,6.8
2011,Udio dodane vrijednosti poljoprivrede u BDP-u,Procenat,6.76
2012,Udio dodane vrijednosti poljoprivrede u BDP-u,Procenat,6.14
2013,Udio dodane vrijednosti poljoprivrede u BDP-u,Procenat,6.84
2014,Udio dodane vrijednosti poljoprivrede u BDP-u,Procenat,5.95
2015,Udio dodane vrijednosti poljoprivrede u BDP-u,Procenat,6.24
2016,Udio dodane vrijednosti poljoprivrede u BDP-u,Procenat,6.37
2017,Udio dodane vrijednosti poljoprivrede u BDP-u,Procenat,5.6
2018,Udio dodane vrijednosti poljoprivrede u BDP-u,Procenat,5.89
2018,Udio dodane vrijednosti poljoprivrede u BDP-u,Procenat,5.6
