Year,SERIES,UNIT_MEASURE,Spol,Value
2015,"Stopa smrtnosti zbog povreda u cestovnom saobraćaju, prema spolu (na 100.000 stanovnika)",PER_100000_POP,Oba spola ili bez podjele po spolu,15.8
2019,"Stopa smrtnosti zbog povreda u cestovnom saobraćaju, prema spolu (na 100.000 stanovnika)",PER_100000_POP,Oba spola ili bez podjele po spolu,13.5
2015,"Stopa smrtnosti zbog povreda u cestovnom saobraćaju, prema spolu (na 100.000 stanovnika)",PER_100000_POP,Žene,6.6
2019,"Stopa smrtnosti zbog povreda u cestovnom saobraćaju, prema spolu (na 100.000 stanovnika)",PER_100000_POP,Žene,5.9
2015,"Stopa smrtnosti zbog povreda u cestovnom saobraćaju, prema spolu (na 100.000 stanovnika)",PER_100000_POP,Muškarci,25.4
2019,"Stopa smrtnosti zbog povreda u cestovnom saobraćaju, prema spolu (na 100.000 stanovnika)",PER_100000_POP,Muškarci,21.4
