Year,SERIES,UNIT_MEASURE,Value
2000,"Stopa smrtnosti zbog povreda u cestovnom saobraćaju, prema spolu (na 100.000 stanovnika)",Na 100 000 stanovnika,18.9
2005,"Stopa smrtnosti zbog povreda u cestovnom saobraćaju, prema spolu (na 100.000 stanovnika)",Na 100 000 stanovnika,17.7
2010,"Stopa smrtnosti zbog povreda u cestovnom saobraćaju, prema spolu (na 100.000 stanovnika)",Na 100 000 stanovnika,16.8
2013,"Stopa smrtnosti zbog povreda u cestovnom saobraćaju, prema spolu (na 100.000 stanovnika)",Na 100 000 stanovnika,15.1
2016,"Stopa smrtnosti zbog povreda u cestovnom saobraćaju, prema spolu (na 100.000 stanovnika)",Na 100 000 stanovnika,15.7
