Year,SERIES,UNIT_MEASURE,Godine,Spol,Value
2018,Stopa nataliteta adolescenata (na 1.000 žena starosti 15-19 i 10-14 godina),PER_1000_POP,10 do 14 godina,Žene,0.06
2019,Stopa nataliteta adolescenata (na 1.000 žena starosti 15-19 i 10-14 godina),PER_1000_POP,10 do 14 godina,Žene,0.04
2018,Stopa nataliteta adolescenata (na 1.000 žena starosti 15-19 i 10-14 godina),PER_1000_POP,15 do 19 godina,Žene,9.9
2019,Stopa nataliteta adolescenata (na 1.000 žena starosti 15-19 i 10-14 godina),PER_1000_POP,15 do 19 godina,Žene,9.7
