Year,SERIES,UNIT_MEASURE,Value
2000,Indeks pokrivenosti uslugama univerzalne zdravstvene zaštite,Index,44
2005,Indeks pokrivenosti uslugama univerzalne zdravstvene zaštite,Index,61
2010,Indeks pokrivenosti uslugama univerzalne zdravstvene zaštite,Index,62
2015,Indeks pokrivenosti uslugama univerzalne zdravstvene zaštite,Index,68
2017,Indeks pokrivenosti uslugama univerzalne zdravstvene zaštite,Index,70
2019,Indeks pokrivenosti uslugama univerzalne zdravstvene zaštite,Index,67
2021,Indeks pokrivenosti uslugama univerzalne zdravstvene zaštite,Index,66
