Year,SERIES,UNIT_MEASURE,Value
2000,"Ukupna zvanična razvojna pomoć medicinskim istraživanjima i osnovnim zdravstvenim sektorima, bruto isplata, prema zemljama primaocima (milioni američkih dolara konstanta 2019)",Američki dolar,8.88074
2001,"Ukupna zvanična razvojna pomoć medicinskim istraživanjima i osnovnim zdravstvenim sektorima, bruto isplata, prema zemljama primaocima (milioni američkih dolara konstanta 2019)",Američki dolar,5.20798
2002,"Ukupna zvanična razvojna pomoć medicinskim istraživanjima i osnovnim zdravstvenim sektorima, bruto isplata, prema zemljama primaocima (milioni američkih dolara konstanta 2019)",Američki dolar,5.32514
2003,"Ukupna zvanična razvojna pomoć medicinskim istraživanjima i osnovnim zdravstvenim sektorima, bruto isplata, prema zemljama primaocima (milioni američkih dolara konstanta 2019)",Američki dolar,9.14502
2004,"Ukupna zvanična razvojna pomoć medicinskim istraživanjima i osnovnim zdravstvenim sektorima, bruto isplata, prema zemljama primaocima (milioni američkih dolara konstanta 2019)",Američki dolar,4.43317
2005,"Ukupna zvanična razvojna pomoć medicinskim istraživanjima i osnovnim zdravstvenim sektorima, bruto isplata, prema zemljama primaocima (milioni američkih dolara konstanta 2019)",Američki dolar,4.84501
2006,"Ukupna zvanična razvojna pomoć medicinskim istraživanjima i osnovnim zdravstvenim sektorima, bruto isplata, prema zemljama primaocima (milioni američkih dolara konstanta 2019)",Američki dolar,17.27514
2007,"Ukupna zvanična razvojna pomoć medicinskim istraživanjima i osnovnim zdravstvenim sektorima, bruto isplata, prema zemljama primaocima (milioni američkih dolara konstanta 2019)",Američki dolar,10.83974
2008,"Ukupna zvanična razvojna pomoć medicinskim istraživanjima i osnovnim zdravstvenim sektorima, bruto isplata, prema zemljama primaocima (milioni američkih dolara konstanta 2019)",Američki dolar,6.82999
2009,"Ukupna zvanična razvojna pomoć medicinskim istraživanjima i osnovnim zdravstvenim sektorima, bruto isplata, prema zemljama primaocima (milioni američkih dolara konstanta 2019)",Američki dolar,2.55328
2010,"Ukupna zvanična razvojna pomoć medicinskim istraživanjima i osnovnim zdravstvenim sektorima, bruto isplata, prema zemljama primaocima (milioni američkih dolara konstanta 2019)",Američki dolar,7.64522
2011,"Ukupna zvanična razvojna pomoć medicinskim istraživanjima i osnovnim zdravstvenim sektorima, bruto isplata, prema zemljama primaocima (milioni američkih dolara konstanta 2019)",Američki dolar,5.94751
2012,"Ukupna zvanična razvojna pomoć medicinskim istraživanjima i osnovnim zdravstvenim sektorima, bruto isplata, prema zemljama primaocima (milioni američkih dolara konstanta 2019)",Američki dolar,6.50548
2013,"Ukupna zvanična razvojna pomoć medicinskim istraživanjima i osnovnim zdravstvenim sektorima, bruto isplata, prema zemljama primaocima (milioni američkih dolara konstanta 2019)",Američki dolar,5.4767
2014,"Ukupna zvanična razvojna pomoć medicinskim istraživanjima i osnovnim zdravstvenim sektorima, bruto isplata, prema zemljama primaocima (milioni američkih dolara konstanta 2019)",Američki dolar,10.82912
2015,"Ukupna zvanična razvojna pomoć medicinskim istraživanjima i osnovnim zdravstvenim sektorima, bruto isplata, prema zemljama primaocima (milioni američkih dolara konstanta 2019)",Američki dolar,5.11562
2016,"Ukupna zvanična razvojna pomoć medicinskim istraživanjima i osnovnim zdravstvenim sektorima, bruto isplata, prema zemljama primaocima (milioni američkih dolara konstanta 2019)",Američki dolar,36.76312
2017,"Ukupna zvanična razvojna pomoć medicinskim istraživanjima i osnovnim zdravstvenim sektorima, bruto isplata, prema zemljama primaocima (milioni američkih dolara konstanta 2019)",Američki dolar,34.98496
2018,"Ukupna zvanična razvojna pomoć medicinskim istraživanjima i osnovnim zdravstvenim sektorima, bruto isplata, prema zemljama primaocima (milioni američkih dolara konstanta 2019)",Američki dolar,12.75196
2019,"Ukupna zvanična razvojna pomoć medicinskim istraživanjima i osnovnim zdravstvenim sektorima, bruto isplata, prema zemljama primaocima (milioni američkih dolara konstanta 2019)",Američki dolar,8.38243
2010,"Ukupna službena razvojna pomoć medicinskim istraživanjima i osnovnim zdravstvenim sektorima, neto isplata, po zemljama primaocima (milioni američkih dolara konstanta 2019.)",Američki dolar,8.0
2011,"Ukupna službena razvojna pomoć medicinskim istraživanjima i osnovnim zdravstvenim sektorima, neto isplata, po zemljama primaocima (milioni američkih dolara konstanta 2019.)",Američki dolar,6.0
2012,"Ukupna službena razvojna pomoć medicinskim istraživanjima i osnovnim zdravstvenim sektorima, neto isplata, po zemljama primaocima (milioni američkih dolara konstanta 2019.)",Američki dolar,6.0
2013,"Ukupna službena razvojna pomoć medicinskim istraživanjima i osnovnim zdravstvenim sektorima, neto isplata, po zemljama primaocima (milioni američkih dolara konstanta 2019.)",Američki dolar,5.0
2014,"Ukupna službena razvojna pomoć medicinskim istraživanjima i osnovnim zdravstvenim sektorima, neto isplata, po zemljama primaocima (milioni američkih dolara konstanta 2019.)",Američki dolar,10.0
2015,"Ukupna službena razvojna pomoć medicinskim istraživanjima i osnovnim zdravstvenim sektorima, neto isplata, po zemljama primaocima (milioni američkih dolara konstanta 2019.)",Američki dolar,4.0
2016,"Ukupna službena razvojna pomoć medicinskim istraživanjima i osnovnim zdravstvenim sektorima, neto isplata, po zemljama primaocima (milioni američkih dolara konstanta 2019.)",Američki dolar,35.0
2017,"Ukupna službena razvojna pomoć medicinskim istraživanjima i osnovnim zdravstvenim sektorima, neto isplata, po zemljama primaocima (milioni američkih dolara konstanta 2019.)",Američki dolar,33.0
2018,"Ukupna službena razvojna pomoć medicinskim istraživanjima i osnovnim zdravstvenim sektorima, neto isplata, po zemljama primaocima (milioni američkih dolara konstanta 2019.)",Američki dolar,10.0
2019,"Ukupna službena razvojna pomoć medicinskim istraživanjima i osnovnim zdravstvenim sektorima, neto isplata, po zemljama primaocima (milioni američkih dolara konstanta 2019.)",Američki dolar,5.0
