Year,SERIES,UNIT_MEASURE,Value
2018,Udio infekcije krvotoka zbog Escherichia coli rezistentne na cefalosporin 3. generacije (npr. ESBL-E) među pacijentima koji traže pomoć i kojima se uzet uzorak krvi  i koji je testiran,Procenat,20.16
2019,Udio infekcije krvotoka zbog Escherichia coli rezistentne na cefalosporin 3. generacije (npr. ESBL-E) među pacijentima koji traže pomoć i kojima se uzet uzorak krvi  i koji je testiran,Procenat,20.34
2020,Udio infekcije krvotoka zbog Escherichia coli rezistentne na cefalosporin 3. generacije (npr. ESBL-E) među pacijentima koji traže pomoć i kojima se uzet uzorak krvi  i koji je testiran,Procenat,23.46
2018,Udio infekcije krvotoka zbog Staphylococcus aureusa rezistentnog na meticilin (MRSA) među pacijentima koji traže pomoć i kojima je uzet uzorak krvi koji je testiran,Procenat,16.3
2019,Udio infekcije krvotoka zbog Staphylococcus aureusa rezistentnog na meticilin (MRSA) među pacijentima koji traže pomoć i kojima je uzet uzorak krvi koji je testiran,Procenat,10.55
2020,Udio infekcije krvotoka zbog Staphylococcus aureusa rezistentnog na meticilin (MRSA) među pacijentima koji traže pomoć i kojima je uzet uzorak krvi koji je testiran,Procenat,23.21
