Year,SERIES,UNIT_MEASURE,Value
2016,Udio infekcije krvotoka zbog Escherichia coli rezistentne na cefalosporin 3. generacije (npr. ESBL-E) među pacijentima koji traže pomoć i kojima se uzet uzorak krvi  i koji je testiran,Procenat,22.73
2017,Udio infekcije krvotoka zbog Escherichia coli rezistentne na cefalosporin 3. generacije (npr. ESBL-E) među pacijentima koji traže pomoć i kojima se uzet uzorak krvi  i koji je testiran,Procenat,24.87
2018,Udio infekcije krvotoka zbog Escherichia coli rezistentne na cefalosporin 3. generacije (npr. ESBL-E) među pacijentima koji traže pomoć i kojima se uzet uzorak krvi  i koji je testiran,Procenat,20.16
2019,Udio infekcije krvotoka zbog Escherichia coli rezistentne na cefalosporin 3. generacije (npr. ESBL-E) među pacijentima koji traže pomoć i kojima se uzet uzorak krvi  i koji je testiran,Procenat,20.34
2016,Udio infekcije krvotoka zbog Staphylococcus aureusa rezistentnog na meticilin (MRSA) među pacijentima koji traže pomoć i kojima je uzet uzorak krvi koji je testiran,Procenat,17.97
2017,Udio infekcije krvotoka zbog Staphylococcus aureusa rezistentnog na meticilin (MRSA) među pacijentima koji traže pomoć i kojima je uzet uzorak krvi koji je testiran,Procenat,25.81
2018,Udio infekcije krvotoka zbog Staphylococcus aureusa rezistentnog na meticilin (MRSA) među pacijentima koji traže pomoć i kojima je uzet uzorak krvi koji je testiran,Procenat,16.3
2019,Udio infekcije krvotoka zbog Staphylococcus aureusa rezistentnog na meticilin (MRSA) među pacijentima koji traže pomoć i kojima je uzet uzorak krvi koji je testiran,Procenat,10.55
