Year,SERIES,UNIT_MEASURE,Value
2016,Udio infekcije krvotoka zbog Escherichia coli rezistentne na cefalosporin 3. generacije (npr. ESBL-E) među pacijentima koji traže pomoć i kojima se uzet uzorak krvi  i koji je testiran,PT,22.7
2017,Udio infekcije krvotoka zbog Escherichia coli rezistentne na cefalosporin 3. generacije (npr. ESBL-E) među pacijentima koji traže pomoć i kojima se uzet uzorak krvi  i koji je testiran,PT,24.9
2018,Udio infekcije krvotoka zbog Escherichia coli rezistentne na cefalosporin 3. generacije (npr. ESBL-E) među pacijentima koji traže pomoć i kojima se uzet uzorak krvi  i koji je testiran,PT,20.2
2019,Udio infekcije krvotoka zbog Escherichia coli rezistentne na cefalosporin 3. generacije (npr. ESBL-E) među pacijentima koji traže pomoć i kojima se uzet uzorak krvi  i koji je testiran,PT,20.34
2020,Udio infekcije krvotoka zbog Escherichia coli rezistentne na cefalosporin 3. generacije (npr. ESBL-E) među pacijentima koji traže pomoć i kojima se uzet uzorak krvi  i koji je testiran,PT,23.46
2021,Udio infekcije krvotoka zbog Escherichia coli rezistentne na cefalosporin 3. generacije (npr. ESBL-E) među pacijentima koji traže pomoć i kojima se uzet uzorak krvi  i koji je testiran,PT,28.85
2016,Udio infekcije krvotoka zbog Staphylococcus aureusa rezistentnog na meticilin (MRSA) među pacijentima koji traže pomoć i kojima je uzet uzorak krvi koji je testiran,PT,18.0
2017,Udio infekcije krvotoka zbog Staphylococcus aureusa rezistentnog na meticilin (MRSA) među pacijentima koji traže pomoć i kojima je uzet uzorak krvi koji je testiran,PT,25.8
2018,Udio infekcije krvotoka zbog Staphylococcus aureusa rezistentnog na meticilin (MRSA) među pacijentima koji traže pomoć i kojima je uzet uzorak krvi koji je testiran,PT,16.3
2019,Udio infekcije krvotoka zbog Staphylococcus aureusa rezistentnog na meticilin (MRSA) među pacijentima koji traže pomoć i kojima je uzet uzorak krvi koji je testiran,PT,10.55
2020,Udio infekcije krvotoka zbog Staphylococcus aureusa rezistentnog na meticilin (MRSA) među pacijentima koji traže pomoć i kojima je uzet uzorak krvi koji je testiran,PT,23.21
2021,Udio infekcije krvotoka zbog Staphylococcus aureusa rezistentnog na meticilin (MRSA) među pacijentima koji traže pomoć i kojima je uzet uzorak krvi koji je testiran,PT,20.83
