Year,SERIES,UNIT_MEASURE,Spol,Value
2019,"Stopa učešća u organiziranom učenju (godinu dana prije zvanične starosne dobi za ulazak u osnovnu školu), prema spolu (%)",Procenat,Oba spola ili bez podjele po spolu,27.52321
2020,"Stopa učešća u organiziranom učenju (godinu dana prije zvanične starosne dobi za ulazak u osnovnu školu), prema spolu (%)",Procenat,Oba spola ili bez podjele po spolu,29.34612
2021,"Stopa učešća u organiziranom učenju (godinu dana prije zvanične starosne dobi za ulazak u osnovnu školu), prema spolu (%)",Procenat,Oba spola ili bez podjele po spolu,29.17194
2019,"Stopa učešća u organiziranom učenju (godinu dana prije zvanične starosne dobi za ulazak u osnovnu školu), prema spolu (%)",Procenat,Žene,27.12233
2020,"Stopa učešća u organiziranom učenju (godinu dana prije zvanične starosne dobi za ulazak u osnovnu školu), prema spolu (%)",Procenat,Žene,28.59121
2021,"Stopa učešća u organiziranom učenju (godinu dana prije zvanične starosne dobi za ulazak u osnovnu školu), prema spolu (%)",Procenat,Žene,29.26378
2019,"Stopa učešća u organiziranom učenju (godinu dana prije zvanične starosne dobi za ulazak u osnovnu školu), prema spolu (%)",Procenat,Muškarci,27.90273
2020,"Stopa učešća u organiziranom učenju (godinu dana prije zvanične starosne dobi za ulazak u osnovnu školu), prema spolu (%)",Procenat,Muškarci,30.0612
2021,"Stopa učešća u organiziranom učenju (godinu dana prije zvanične starosne dobi za ulazak u osnovnu školu), prema spolu (%)",Procenat,Muškarci,29.08514
