Year,SERIES,UNIT_MEASURE,Nivo obrazovanja,Kvantil dohotka ili bogatstva,Spol,COMPOSITE_BREAKDOWN,Stepen urbanizacije,Value
2000,"Prilagođeni indeks rodnog pariteta za stopu završetka, prema spolu, lokaciji, kvintilu bogatstva i nivou obrazovanja",Odnos,Niže srednje obrazovanje,Ukupno (nacionalni prosjek) ili bez podjele,,,Ukupno,1.00164
2006,"Prilagođeni indeks rodnog pariteta za stopu završetka, prema spolu, lokaciji, kvintilu bogatstva i nivou obrazovanja",Odnos,Niže srednje obrazovanje,Ukupno (nacionalni prosjek) ili bez podjele,,,Ukupno,0.99919
2012,"Prilagođeni indeks rodnog pariteta za stopu završetka, prema spolu, lokaciji, kvintilu bogatstva i nivou obrazovanja",Odnos,Niže srednje obrazovanje,Ukupno (nacionalni prosjek) ili bez podjele,,,Ukupno,1.00151
2012,"Prilagođeni indeks rodnog pariteta za stopu završetka, prema spolu, lokaciji, kvintilu bogatstva i nivou obrazovanja",Odnos,Niže srednje obrazovanje,Kvantil 1 (najsiromašniji),,,Ukupno,0.91118
2012,"Prilagođeni indeks rodnog pariteta za stopu završetka, prema spolu, lokaciji, kvintilu bogatstva i nivou obrazovanja",Odnos,Niže srednje obrazovanje,Kvantil 2,,,Ukupno,1.10629
2012,"Prilagođeni indeks rodnog pariteta za stopu završetka, prema spolu, lokaciji, kvintilu bogatstva i nivou obrazovanja",Odnos,Niže srednje obrazovanje,Kvantil 3,,,Ukupno,1.02274
2012,"Prilagođeni indeks rodnog pariteta za stopu završetka, prema spolu, lokaciji, kvintilu bogatstva i nivou obrazovanja",Odnos,Niže srednje obrazovanje,Kvantil 4,,,Ukupno,0.96968
2012,"Prilagođeni indeks rodnog pariteta za stopu završetka, prema spolu, lokaciji, kvintilu bogatstva i nivou obrazovanja",Odnos,Niže srednje obrazovanje,Kvantil 5 (najbogatiji),,,Ukupno,1.0
2012,"Prilagođeni indeks rodnog pariteta za stopu završetka, prema spolu, lokaciji, kvintilu bogatstva i nivou obrazovanja",Odnos,Osnovno obrazovanje,Kvantil 1 (najsiromašniji),,,Ukupno,0.99409
2012,"Prilagođeni indeks rodnog pariteta za stopu završetka, prema spolu, lokaciji, kvintilu bogatstva i nivou obrazovanja",Odnos,Osnovno obrazovanje,Kvantil 2,,,Ukupno,1.0
2012,"Prilagođeni indeks rodnog pariteta za stopu završetka, prema spolu, lokaciji, kvintilu bogatstva i nivou obrazovanja",Odnos,Osnovno obrazovanje,Kvantil 3,,,Ukupno,1.01929
2012,"Prilagođeni indeks rodnog pariteta za stopu završetka, prema spolu, lokaciji, kvintilu bogatstva i nivou obrazovanja",Odnos,Osnovno obrazovanje,Kvantil 4,,,Ukupno,1.0
2012,"Prilagođeni indeks rodnog pariteta za stopu završetka, prema spolu, lokaciji, kvintilu bogatstva i nivou obrazovanja",Odnos,Osnovno obrazovanje,Kvantil 5 (najbogatiji),,,Ukupno,1.0
2000,"Prilagođeni indeks rodnog pariteta za stopu završetka, prema spolu, lokaciji, kvintilu bogatstva i nivou obrazovanja",Odnos,Više srednje obrazovanje,Ukupno (nacionalni prosjek) ili bez podjele,,,Ukupno,1.0333
2006,"Prilagođeni indeks rodnog pariteta za stopu završetka, prema spolu, lokaciji, kvintilu bogatstva i nivou obrazovanja",Odnos,Više srednje obrazovanje,Ukupno (nacionalni prosjek) ili bez podjele,,,Ukupno,1.12687
2012,"Prilagođeni indeks rodnog pariteta za stopu završetka, prema spolu, lokaciji, kvintilu bogatstva i nivou obrazovanja",Odnos,Više srednje obrazovanje,Ukupno (nacionalni prosjek) ili bez podjele,,,Ukupno,1.00844
2012,"Prilagođeni indeks rodnog pariteta za stopu završetka, prema spolu, lokaciji, kvintilu bogatstva i nivou obrazovanja",Odnos,Više srednje obrazovanje,Kvantil 1 (najsiromašniji),,,Ukupno,0.97794
2012,"Prilagođeni indeks rodnog pariteta za stopu završetka, prema spolu, lokaciji, kvintilu bogatstva i nivou obrazovanja",Odnos,Više srednje obrazovanje,Kvantil 2,,,Ukupno,0.98184
2012,"Prilagođeni indeks rodnog pariteta za stopu završetka, prema spolu, lokaciji, kvintilu bogatstva i nivou obrazovanja",Odnos,Više srednje obrazovanje,Kvantil 3,,,Ukupno,1.01683
2012,"Prilagođeni indeks rodnog pariteta za stopu završetka, prema spolu, lokaciji, kvintilu bogatstva i nivou obrazovanja",Odnos,Više srednje obrazovanje,Kvantil 4,,,Ukupno,1.03215
2012,"Prilagođeni indeks rodnog pariteta za stopu završetka, prema spolu, lokaciji, kvintilu bogatstva i nivou obrazovanja",Odnos,Više srednje obrazovanje,Kvantil 5 (najbogatiji),,,Ukupno,0.99224
2012,"Prilagođeni indeks rodnog pariteta za stopu završetka, prema spolu, lokaciji, kvintilu bogatstva i nivou obrazovanja",Odnos,Niže srednje obrazovanje,Ukupno (nacionalni prosjek) ili bez podjele,,,Ruralno,1.00371
2012,"Prilagođeni indeks rodnog pariteta za stopu završetka, prema spolu, lokaciji, kvintilu bogatstva i nivou obrazovanja",Odnos,Niže srednje obrazovanje,Kvantil 1 (najsiromašniji),,,Ruralno,0.96297
2012,"Prilagođeni indeks rodnog pariteta za stopu završetka, prema spolu, lokaciji, kvintilu bogatstva i nivou obrazovanja",Odnos,Niže srednje obrazovanje,Kvantil 2,,,Ruralno,1.08995
2012,"Prilagođeni indeks rodnog pariteta za stopu završetka, prema spolu, lokaciji, kvintilu bogatstva i nivou obrazovanja",Odnos,Niže srednje obrazovanje,Kvantil 3,,,Ruralno,1.02782
2012,"Prilagođeni indeks rodnog pariteta za stopu završetka, prema spolu, lokaciji, kvintilu bogatstva i nivou obrazovanja",Odnos,Niže srednje obrazovanje,Kvantil 4,,,Ruralno,0.94893
2012,"Prilagođeni indeks rodnog pariteta za stopu završetka, prema spolu, lokaciji, kvintilu bogatstva i nivou obrazovanja",Odnos,Niže srednje obrazovanje,Kvantil 5 (najbogatiji),,,Ruralno,0.0
2012,"Prilagođeni indeks rodnog pariteta za stopu završetka, prema spolu, lokaciji, kvintilu bogatstva i nivou obrazovanja",Odnos,Osnovno obrazovanje,Ukupno (nacionalni prosjek) ili bez podjele,,,Ruralno,1.005
2012,"Prilagođeni indeks rodnog pariteta za stopu završetka, prema spolu, lokaciji, kvintilu bogatstva i nivou obrazovanja",Odnos,Osnovno obrazovanje,Kvantil 1 (najsiromašniji),,,Ruralno,0.99663
2012,"Prilagođeni indeks rodnog pariteta za stopu završetka, prema spolu, lokaciji, kvintilu bogatstva i nivou obrazovanja",Odnos,Osnovno obrazovanje,Kvantil 2,,,Ruralno,1.0
2012,"Prilagođeni indeks rodnog pariteta za stopu završetka, prema spolu, lokaciji, kvintilu bogatstva i nivou obrazovanja",Odnos,Osnovno obrazovanje,Kvantil 3,,,Ruralno,1.02204
2012,"Prilagođeni indeks rodnog pariteta za stopu završetka, prema spolu, lokaciji, kvintilu bogatstva i nivou obrazovanja",Odnos,Osnovno obrazovanje,Kvantil 4,,,Ruralno,1.0
2012,"Prilagođeni indeks rodnog pariteta za stopu završetka, prema spolu, lokaciji, kvintilu bogatstva i nivou obrazovanja",Odnos,Osnovno obrazovanje,Kvantil 5 (najbogatiji),,,Ruralno,1.0
2012,"Prilagođeni indeks rodnog pariteta za stopu završetka, prema spolu, lokaciji, kvintilu bogatstva i nivou obrazovanja",Odnos,Više srednje obrazovanje,Ukupno (nacionalni prosjek) ili bez podjele,,,Ruralno,1.01019
2012,"Prilagođeni indeks rodnog pariteta za stopu završetka, prema spolu, lokaciji, kvintilu bogatstva i nivou obrazovanja",Odnos,Više srednje obrazovanje,Kvantil 1 (najsiromašniji),,,Ruralno,0.95803
2012,"Prilagođeni indeks rodnog pariteta za stopu završetka, prema spolu, lokaciji, kvintilu bogatstva i nivou obrazovanja",Odnos,Više srednje obrazovanje,Kvantil 2,,,Ruralno,0.95574
2012,"Prilagođeni indeks rodnog pariteta za stopu završetka, prema spolu, lokaciji, kvintilu bogatstva i nivou obrazovanja",Odnos,Više srednje obrazovanje,Kvantil 3,,,Ruralno,1.02983
2012,"Prilagođeni indeks rodnog pariteta za stopu završetka, prema spolu, lokaciji, kvintilu bogatstva i nivou obrazovanja",Odnos,Više srednje obrazovanje,Kvantil 4,,,Ruralno,1.02649
2012,"Prilagođeni indeks rodnog pariteta za stopu završetka, prema spolu, lokaciji, kvintilu bogatstva i nivou obrazovanja",Odnos,Više srednje obrazovanje,Kvantil 5 (najbogatiji),,,Ruralno,0.0
2012,"Prilagođeni indeks rodnog pariteta za stopu završetka, prema spolu, lokaciji, kvintilu bogatstva i nivou obrazovanja",Odnos,Niže srednje obrazovanje,Ukupno (nacionalni prosjek) ili bez podjele,,,Urbano,0.99678
2012,"Prilagođeni indeks rodnog pariteta za stopu završetka, prema spolu, lokaciji, kvintilu bogatstva i nivou obrazovanja",Odnos,Niže srednje obrazovanje,Kvantil 1 (najsiromašniji),,,Urbano,0.0
2012,"Prilagođeni indeks rodnog pariteta za stopu završetka, prema spolu, lokaciji, kvintilu bogatstva i nivou obrazovanja",Odnos,Niže srednje obrazovanje,Kvantil 2,,,Urbano,0.0
2012,"Prilagođeni indeks rodnog pariteta za stopu završetka, prema spolu, lokaciji, kvintilu bogatstva i nivou obrazovanja",Odnos,Niže srednje obrazovanje,Kvantil 3,,,Urbano,0.0
2012,"Prilagođeni indeks rodnog pariteta za stopu završetka, prema spolu, lokaciji, kvintilu bogatstva i nivou obrazovanja",Odnos,Niže srednje obrazovanje,Kvantil 4,,,Urbano,0.0
2012,"Prilagođeni indeks rodnog pariteta za stopu završetka, prema spolu, lokaciji, kvintilu bogatstva i nivou obrazovanja",Odnos,Niže srednje obrazovanje,Kvantil 5 (najbogatiji),,,Urbano,0.0
2012,"Prilagođeni indeks rodnog pariteta za stopu završetka, prema spolu, lokaciji, kvintilu bogatstva i nivou obrazovanja",Odnos,Osnovno obrazovanje,Ukupno (nacionalni prosjek) ili bez podjele,,,Urbano,0.99838
2012,"Prilagođeni indeks rodnog pariteta za stopu završetka, prema spolu, lokaciji, kvintilu bogatstva i nivou obrazovanja",Odnos,Osnovno obrazovanje,Kvantil 1 (najsiromašniji),,,Urbano,0.0
2012,"Prilagođeni indeks rodnog pariteta za stopu završetka, prema spolu, lokaciji, kvintilu bogatstva i nivou obrazovanja",Odnos,Osnovno obrazovanje,Kvantil 2,,,Urbano,0.0
2012,"Prilagođeni indeks rodnog pariteta za stopu završetka, prema spolu, lokaciji, kvintilu bogatstva i nivou obrazovanja",Odnos,Osnovno obrazovanje,Kvantil 3,,,Urbano,0.0
2012,"Prilagođeni indeks rodnog pariteta za stopu završetka, prema spolu, lokaciji, kvintilu bogatstva i nivou obrazovanja",Odnos,Osnovno obrazovanje,Kvantil 4,,,Urbano,1.0
2012,"Prilagođeni indeks rodnog pariteta za stopu završetka, prema spolu, lokaciji, kvintilu bogatstva i nivou obrazovanja",Odnos,Osnovno obrazovanje,Kvantil 5 (najbogatiji),,,Urbano,1.0
2012,"Prilagođeni indeks rodnog pariteta za stopu završetka, prema spolu, lokaciji, kvintilu bogatstva i nivou obrazovanja",Odnos,Više srednje obrazovanje,Ukupno (nacionalni prosjek) ili bez podjele,,,Urbano,1.00534
2012,"Prilagođeni indeks rodnog pariteta za stopu završetka, prema spolu, lokaciji, kvintilu bogatstva i nivou obrazovanja",Odnos,Više srednje obrazovanje,Kvantil 1 (najsiromašniji),,,Urbano,0.0
2012,"Prilagođeni indeks rodnog pariteta za stopu završetka, prema spolu, lokaciji, kvintilu bogatstva i nivou obrazovanja",Odnos,Više srednje obrazovanje,Kvantil 2,,,Urbano,0.0
2012,"Prilagođeni indeks rodnog pariteta za stopu završetka, prema spolu, lokaciji, kvintilu bogatstva i nivou obrazovanja",Odnos,Više srednje obrazovanje,Kvantil 3,,,Urbano,0.0
2012,"Prilagođeni indeks rodnog pariteta za stopu završetka, prema spolu, lokaciji, kvintilu bogatstva i nivou obrazovanja",Odnos,Više srednje obrazovanje,Kvantil 4,,,Urbano,0.0
2012,"Prilagođeni indeks rodnog pariteta za stopu završetka, prema spolu, lokaciji, kvintilu bogatstva i nivou obrazovanja",Odnos,Više srednje obrazovanje,Kvantil 5 (najbogatiji),,,Urbano,0.0
2000,"Prilagođeni indeks pariteta lokacije za stopu završetka, prema spolu, lokaciji, kvintilu bogatstva i nivou obrazovanja",Odnos,Niže srednje obrazovanje,Ukupno (nacionalni prosjek) ili bez podjele,Oba spola ili bez podjele po spolu,,,0.97704
2006,"Prilagođeni indeks pariteta lokacije za stopu završetka, prema spolu, lokaciji, kvintilu bogatstva i nivou obrazovanja",Odnos,Niže srednje obrazovanje,Ukupno (nacionalni prosjek) ili bez podjele,Oba spola ili bez podjele po spolu,,,0.99838
2012,"Prilagođeni indeks pariteta lokacije za stopu završetka, prema spolu, lokaciji, kvintilu bogatstva i nivou obrazovanja",Odnos,Niže srednje obrazovanje,Ukupno (nacionalni prosjek) ili bez podjele,Oba spola ili bez podjele po spolu,,,0.98434
2012,"Prilagođeni indeks pariteta lokacije za stopu završetka, prema spolu, lokaciji, kvintilu bogatstva i nivou obrazovanja",Odnos,Niže srednje obrazovanje,Kvantil 1 (najsiromašniji),Oba spola ili bez podjele po spolu,,,0.98433
2000,"Prilagođeni indeks pariteta lokacije za stopu završetka, prema spolu, lokaciji, kvintilu bogatstva i nivou obrazovanja",Odnos,Osnovno obrazovanje,Kvantil 2,Oba spola ili bez podjele po spolu,,,0.99638
2006,"Prilagođeni indeks pariteta lokacije za stopu završetka, prema spolu, lokaciji, kvintilu bogatstva i nivou obrazovanja",Odnos,Osnovno obrazovanje,Kvantil 2,Oba spola ili bez podjele po spolu,,,1.01804
2012,"Prilagođeni indeks pariteta lokacije za stopu završetka, prema spolu, lokaciji, kvintilu bogatstva i nivou obrazovanja",Odnos,Osnovno obrazovanje,Kvantil 2,Oba spola ili bez podjele po spolu,,,0.99747
2012,"Prilagođeni indeks pariteta lokacije za stopu završetka, prema spolu, lokaciji, kvintilu bogatstva i nivou obrazovanja",Odnos,Osnovno obrazovanje,Kvantil 3,Oba spola ili bez podjele po spolu,,,0.98717
2000,"Prilagođeni indeks pariteta lokacije za stopu završetka, prema spolu, lokaciji, kvintilu bogatstva i nivou obrazovanja",Odnos,Više srednje obrazovanje,Kvantil 4,Oba spola ili bez podjele po spolu,,,0.60731
2006,"Prilagođeni indeks pariteta lokacije za stopu završetka, prema spolu, lokaciji, kvintilu bogatstva i nivou obrazovanja",Odnos,Više srednje obrazovanje,Kvantil 4,Oba spola ili bez podjele po spolu,,,0.60786
2012,"Prilagođeni indeks pariteta lokacije za stopu završetka, prema spolu, lokaciji, kvintilu bogatstva i nivou obrazovanja",Odnos,Više srednje obrazovanje,Kvantil 4,Oba spola ili bez podjele po spolu,,,0.9377
2012,"Prilagođeni indeks pariteta lokacije za stopu završetka, prema spolu, lokaciji, kvintilu bogatstva i nivou obrazovanja",Odnos,Više srednje obrazovanje,Kvantil 5 (najbogatiji),Oba spola ili bez podjele po spolu,,,0.91663
2012,"Prilagođeni indeks pariteta lokacije za stopu završetka, prema spolu, lokaciji, kvintilu bogatstva i nivou obrazovanja",Odnos,Niže srednje obrazovanje,Ukupno (nacionalni prosjek) ili bez podjele,Žene,,,0.98805
2012,"Prilagođeni indeks pariteta lokacije za stopu završetka, prema spolu, lokaciji, kvintilu bogatstva i nivou obrazovanja",Odnos,Niže srednje obrazovanje,Kvantil 1 (najsiromašniji),Žene,,,0.0
2012,"Prilagođeni indeks pariteta lokacije za stopu završetka, prema spolu, lokaciji, kvintilu bogatstva i nivou obrazovanja",Odnos,Osnovno obrazovanje,Kvantil 2,Žene,,,1.00079
2012,"Prilagođeni indeks pariteta lokacije za stopu završetka, prema spolu, lokaciji, kvintilu bogatstva i nivou obrazovanja",Odnos,Osnovno obrazovanje,Kvantil 3,Žene,,,0.0
2012,"Prilagođeni indeks pariteta lokacije za stopu završetka, prema spolu, lokaciji, kvintilu bogatstva i nivou obrazovanja",Odnos,Više srednje obrazovanje,Kvantil 4,Žene,,,0.94017
2012,"Prilagođeni indeks pariteta lokacije za stopu završetka, prema spolu, lokaciji, kvintilu bogatstva i nivou obrazovanja",Odnos,Više srednje obrazovanje,Kvantil 5 (najbogatiji),Žene,,,0.0
2012,"Prilagođeni indeks pariteta lokacije za stopu završetka, prema spolu, lokaciji, kvintilu bogatstva i nivou obrazovanja",Odnos,Niže srednje obrazovanje,Ukupno (nacionalni prosjek) ili bez podjele,Muškarci,,,0.98121
2012,"Prilagođeni indeks pariteta lokacije za stopu završetka, prema spolu, lokaciji, kvintilu bogatstva i nivou obrazovanja",Odnos,Niže srednje obrazovanje,Kvantil 1 (najsiromašniji),Muškarci,,,0.0
2012,"Prilagođeni indeks pariteta lokacije za stopu završetka, prema spolu, lokaciji, kvintilu bogatstva i nivou obrazovanja",Odnos,Osnovno obrazovanje,Kvantil 2,Muškarci,,,0.99417
2012,"Prilagođeni indeks pariteta lokacije za stopu završetka, prema spolu, lokaciji, kvintilu bogatstva i nivou obrazovanja",Odnos,Osnovno obrazovanje,Kvantil 3,Muškarci,,,0.0
2012,"Prilagođeni indeks pariteta lokacije za stopu završetka, prema spolu, lokaciji, kvintilu bogatstva i nivou obrazovanja",Odnos,Više srednje obrazovanje,Kvantil 4,Muškarci,,,0.93559
2012,"Prilagođeni indeks pariteta lokacije za stopu završetka, prema spolu, lokaciji, kvintilu bogatstva i nivou obrazovanja",Odnos,Više srednje obrazovanje,Kvantil 5 (najbogatiji),Muškarci,,,0.0
2006,"Prilagođeni indeks pariteta bogatstva za stopu završetka, prema spolu, lokaciji, kvintilu bogatstva i nivou obrazovanja",Odnos,Niže srednje obrazovanje,Ukupno (nacionalni prosjek) ili bez podjele,Oba spola ili bez podjele po spolu,,Ukupno,0.95734
2012,"Prilagođeni indeks pariteta bogatstva za stopu završetka, prema spolu, lokaciji, kvintilu bogatstva i nivou obrazovanja",Odnos,Niže srednje obrazovanje,Ukupno (nacionalni prosjek) ili bez podjele,Oba spola ili bez podjele po spolu,,Ukupno,0.90817
2006,"Prilagođeni indeks pariteta bogatstva za stopu završetka, prema spolu, lokaciji, kvintilu bogatstva i nivou obrazovanja",Odnos,Osnovno obrazovanje,Ukupno (nacionalni prosjek) ili bez podjele,Oba spola ili bez podjele po spolu,,Ukupno,0.9952
2012,"Prilagođeni indeks pariteta bogatstva za stopu završetka, prema spolu, lokaciji, kvintilu bogatstva i nivou obrazovanja",Odnos,Osnovno obrazovanje,Ukupno (nacionalni prosjek) ili bez podjele,Oba spola ili bez podjele po spolu,,Ukupno,0.99667
2006,"Prilagođeni indeks pariteta bogatstva za stopu završetka, prema spolu, lokaciji, kvintilu bogatstva i nivou obrazovanja",Odnos,Više srednje obrazovanje,Ukupno (nacionalni prosjek) ili bez podjele,Oba spola ili bez podjele po spolu,,Ukupno,0.40562
2012,"Prilagođeni indeks pariteta bogatstva za stopu završetka, prema spolu, lokaciji, kvintilu bogatstva i nivou obrazovanja",Odnos,Više srednje obrazovanje,Ukupno (nacionalni prosjek) ili bez podjele,Oba spola ili bez podjele po spolu,,Ukupno,0.84739
2012,"Prilagođeni indeks pariteta bogatstva za stopu završetka, prema spolu, lokaciji, kvintilu bogatstva i nivou obrazovanja",Odnos,Niže srednje obrazovanje,Ukupno (nacionalni prosjek) ili bez podjele,Žene,,Ukupno,0.86993
2012,"Prilagođeni indeks pariteta bogatstva za stopu završetka, prema spolu, lokaciji, kvintilu bogatstva i nivou obrazovanja",Odnos,Osnovno obrazovanje,Ukupno (nacionalni prosjek) ili bez podjele,Žene,,Ukupno,0.99409
2012,"Prilagođeni indeks pariteta bogatstva za stopu završetka, prema spolu, lokaciji, kvintilu bogatstva i nivou obrazovanja",Odnos,Više srednje obrazovanje,Ukupno (nacionalni prosjek) ili bez podjele,Žene,,Ukupno,0.83858
2012,"Prilagođeni indeks pariteta bogatstva za stopu završetka, prema spolu, lokaciji, kvintilu bogatstva i nivou obrazovanja",Odnos,Niže srednje obrazovanje,Ukupno (nacionalni prosjek) ili bez podjele,Muškarci,,Ukupno,0.95472
2012,"Prilagođeni indeks pariteta bogatstva za stopu završetka, prema spolu, lokaciji, kvintilu bogatstva i nivou obrazovanja",Odnos,Osnovno obrazovanje,Ukupno (nacionalni prosjek) ili bez podjele,Muškarci,,Ukupno,1.0
2012,"Prilagođeni indeks pariteta bogatstva za stopu završetka, prema spolu, lokaciji, kvintilu bogatstva i nivou obrazovanja",Odnos,Više srednje obrazovanje,Ukupno (nacionalni prosjek) ili bez podjele,Muškarci,,Ukupno,0.85085
2012,"Prilagođeni indeks pariteta bogatstva za stopu završetka, prema spolu, lokaciji, kvintilu bogatstva i nivou obrazovanja",Odnos,Niže srednje obrazovanje,Ukupno (nacionalni prosjek) ili bez podjele,Oba spola ili bez podjele po spolu,,Ruralno,0.92155
2012,"Prilagođeni indeks pariteta bogatstva za stopu završetka, prema spolu, lokaciji, kvintilu bogatstva i nivou obrazovanja",Odnos,Osnovno obrazovanje,Ukupno (nacionalni prosjek) ili bez podjele,Oba spola ili bez podjele po spolu,,Ruralno,0.99812
2012,"Prilagođeni indeks pariteta bogatstva za stopu završetka, prema spolu, lokaciji, kvintilu bogatstva i nivou obrazovanja",Odnos,Više srednje obrazovanje,Ukupno (nacionalni prosjek) ili bez podjele,Oba spola ili bez podjele po spolu,,Ruralno,0.81684
2012,"Prilagođeni indeks pariteta bogatstva za stopu završetka, prema spolu, lokaciji, kvintilu bogatstva i nivou obrazovanja",Odnos,Niže srednje obrazovanje,Ukupno (nacionalni prosjek) ili bez podjele,Žene,,Ruralno,0.0
2012,"Prilagođeni indeks pariteta bogatstva za stopu završetka, prema spolu, lokaciji, kvintilu bogatstva i nivou obrazovanja",Odnos,Osnovno obrazovanje,Ukupno (nacionalni prosjek) ili bez podjele,Žene,,Ruralno,0.99663
2012,"Prilagođeni indeks pariteta bogatstva za stopu završetka, prema spolu, lokaciji, kvintilu bogatstva i nivou obrazovanja",Odnos,Više srednje obrazovanje,Ukupno (nacionalni prosjek) ili bez podjele,Žene,,Ruralno,0.0
2012,"Prilagođeni indeks pariteta bogatstva za stopu završetka, prema spolu, lokaciji, kvintilu bogatstva i nivou obrazovanja",Odnos,Niže srednje obrazovanje,Ukupno (nacionalni prosjek) ili bez podjele,Muškarci,,Ruralno,0.0
2012,"Prilagođeni indeks pariteta bogatstva za stopu završetka, prema spolu, lokaciji, kvintilu bogatstva i nivou obrazovanja",Odnos,Osnovno obrazovanje,Ukupno (nacionalni prosjek) ili bez podjele,Muškarci,,Ruralno,1.0
2012,"Prilagođeni indeks pariteta bogatstva za stopu završetka, prema spolu, lokaciji, kvintilu bogatstva i nivou obrazovanja",Odnos,Više srednje obrazovanje,Ukupno (nacionalni prosjek) ili bez podjele,Muškarci,,Ruralno,0.0
2012,"Prilagođeni indeks pariteta bogatstva za stopu završetka, prema spolu, lokaciji, kvintilu bogatstva i nivou obrazovanja",Odnos,Niže srednje obrazovanje,Ukupno (nacionalni prosjek) ili bez podjele,Oba spola ili bez podjele po spolu,,Urbano,0.0
2012,"Prilagođeni indeks pariteta bogatstva za stopu završetka, prema spolu, lokaciji, kvintilu bogatstva i nivou obrazovanja",Odnos,Osnovno obrazovanje,Ukupno (nacionalni prosjek) ili bez podjele,Oba spola ili bez podjele po spolu,,Urbano,0.0
2012,"Prilagođeni indeks pariteta bogatstva za stopu završetka, prema spolu, lokaciji, kvintilu bogatstva i nivou obrazovanja",Odnos,Više srednje obrazovanje,Ukupno (nacionalni prosjek) ili bez podjele,Oba spola ili bez podjele po spolu,,Urbano,0.0
2012,"Prilagođeni indeks pariteta bogatstva za stopu završetka, prema spolu, lokaciji, kvintilu bogatstva i nivou obrazovanja",Odnos,Niže srednje obrazovanje,Ukupno (nacionalni prosjek) ili bez podjele,Žene,,Urbano,0.0
2012,"Prilagođeni indeks pariteta bogatstva za stopu završetka, prema spolu, lokaciji, kvintilu bogatstva i nivou obrazovanja",Odnos,Osnovno obrazovanje,Ukupno (nacionalni prosjek) ili bez podjele,Žene,,Urbano,0.0
2012,"Prilagođeni indeks pariteta bogatstva za stopu završetka, prema spolu, lokaciji, kvintilu bogatstva i nivou obrazovanja",Odnos,Više srednje obrazovanje,Ukupno (nacionalni prosjek) ili bez podjele,Žene,,Urbano,0.0
2012,"Prilagođeni indeks pariteta bogatstva za stopu završetka, prema spolu, lokaciji, kvintilu bogatstva i nivou obrazovanja",Odnos,Niže srednje obrazovanje,Ukupno (nacionalni prosjek) ili bez podjele,Muškarci,,Urbano,0.0
2012,"Prilagođeni indeks pariteta bogatstva za stopu završetka, prema spolu, lokaciji, kvintilu bogatstva i nivou obrazovanja",Odnos,Osnovno obrazovanje,Ukupno (nacionalni prosjek) ili bez podjele,Muškarci,,Urbano,0.0
2012,"Prilagođeni indeks pariteta bogatstva za stopu završetka, prema spolu, lokaciji, kvintilu bogatstva i nivou obrazovanja",Odnos,Više srednje obrazovanje,Ukupno (nacionalni prosjek) ili bez podjele,Muškarci,,Urbano,0.0
2018,Prilagođeni indeks rodnog pariteta za postizanje minimalnog nivoa čitanja i matematike (omjer),Odnos,Niže srednje obrazovanje,,,Matematika,,1.00606
2018,Prilagođeni indeks rodnog pariteta za postizanje minimalnog nivoa čitanja i matematike (omjer),Odnos,Niže srednje obrazovanje,,,Čitanje,,1.43035
2006,Prilagođeni indeks rodnog pariteta za stopu učešća u formalnom i neformalnom obrazovanju i obuci (omjer),Odnos,,,,,,0.883600405130323
2007,Prilagođeni indeks rodnog pariteta za stopu učešća u formalnom i neformalnom obrazovanju i obuci (omjer),Odnos,,,,,,0.891686129033341
2008,Prilagođeni indeks rodnog pariteta za stopu učešća u formalnom i neformalnom obrazovanju i obuci (omjer),Odnos,,,,,,1.06196239724885
2010,Prilagođeni indeks rodnog pariteta za stopu učešća u formalnom i neformalnom obrazovanju i obuci (omjer),Odnos,,,,,,0.910083897185205
2011,Prilagođeni indeks rodnog pariteta za stopu učešća u formalnom i neformalnom obrazovanju i obuci (omjer),Odnos,,,,,,0.98996595671436
2012,Prilagođeni indeks rodnog pariteta za stopu učešća u formalnom i neformalnom obrazovanju i obuci (omjer),Odnos,,,,,,1.05592578636944
2016,Prilagođeni indeks rodnog pariteta za stopu učešća u formalnom i neformalnom obrazovanju i obuci (omjer),Odnos,,,,,,0.955056179775281
2018,Prilagođeni test jezika indeksa pariteta za postizanje minimalnog nivoa stručnosti u čitanju i računanju (omjer),Odnos,Niže srednje obrazovanje,,,Matematika,,0.902083532281409
2018,Prilagođeni test jezika indeksa pariteta za postizanje minimalnog nivoa stručnosti u čitanju i računanju (omjer),Odnos,Niže srednje obrazovanje,,,Čitanje,,0.853972251001899
2018,Prilagođeni indeks socijalno-ekonomskog pariteta od niskog do visokog za postizanje minimalnog nivoa čitanja i računanja (omjer),Odnos,Niže srednje obrazovanje,,,Matematika,,0.452756475702723
2018,Prilagođeni indeks socijalno-ekonomskog pariteta od niskog do visokog za postizanje minimalnog nivoa čitanja i računanja (omjer),Odnos,Niže srednje obrazovanje,,,Čitanje,,0.498835485525049
2018,Prilagođeni imigracioni status ndeks pariteta za postizanje minimalnog nivoa čitanja i računanja (omjer),Odnos,Niže srednje obrazovanje,,,Matematika,,0.885883261376352
2018,Prilagođeni imigracioni status ndeks pariteta za postizanje minimalnog nivoa čitanja i računanja (omjer),Odnos,Niže srednje obrazovanje,,,Čitanje,,0.792833837645942
2018,Prilagođen indeks pariteta ruralnog i urbanog za postizanje minimalnog nivoa čitanja i računanja (omjer),Odnos,Niže srednje obrazovanje,,,Matematika,,0.582614943513902
2018,Prilagođen indeks pariteta ruralnog i urbanog za postizanje minimalnog nivoa čitanja i računanja (omjer),Odnos,Niže srednje obrazovanje,,,Čitanje,,0.555354166299471
