Year,SERIES,UNIT_MEASURE,Nivo obrazovanja,Kvantil dohotka ili bogatstva,Spol,COMPOSITE_BREAKDOWN,Stepen urbanizacije,Godine,Value
2014,"Prilagođeni indeks rodnog pariteta za stopu završetka, prema spolu, lokaciji, kvintilu bogatstva i nivou obrazovanja",RO,Niže srednje obrazovanje,Ukupno (nacionalni prosjek) ili bez podjele,,,Ukupno,,1.00305
2015,"Prilagođeni indeks rodnog pariteta za stopu završetka, prema spolu, lokaciji, kvintilu bogatstva i nivou obrazovanja",RO,Niže srednje obrazovanje,Ukupno (nacionalni prosjek) ili bez podjele,,,Ukupno,,1.00407
2016,"Prilagođeni indeks rodnog pariteta za stopu završetka, prema spolu, lokaciji, kvintilu bogatstva i nivou obrazovanja",RO,Niže srednje obrazovanje,Ukupno (nacionalni prosjek) ili bez podjele,,,Ukupno,,1.00407
2014,"Prilagođeni indeks rodnog pariteta za stopu završetka, prema spolu, lokaciji, kvintilu bogatstva i nivou obrazovanja",RO,Niže srednje obrazovanje,Kvantil 1 (najsiromašniji),,,Ukupno,,
2014,"Prilagođeni indeks rodnog pariteta za stopu završetka, prema spolu, lokaciji, kvintilu bogatstva i nivou obrazovanja",RO,Niže srednje obrazovanje,Kvantil 2,,,Ukupno,,
2014,"Prilagođeni indeks rodnog pariteta za stopu završetka, prema spolu, lokaciji, kvintilu bogatstva i nivou obrazovanja",RO,Niže srednje obrazovanje,Kvantil 3,,,Ukupno,,
2014,"Prilagođeni indeks rodnog pariteta za stopu završetka, prema spolu, lokaciji, kvintilu bogatstva i nivou obrazovanja",RO,Niže srednje obrazovanje,Kvantil 4,,,Ukupno,,
2014,"Prilagođeni indeks rodnog pariteta za stopu završetka, prema spolu, lokaciji, kvintilu bogatstva i nivou obrazovanja",RO,Niže srednje obrazovanje,Kvantil 5 (najbogatiji),,,Ukupno,,
2014,"Prilagođeni indeks rodnog pariteta za stopu završetka, prema spolu, lokaciji, kvintilu bogatstva i nivou obrazovanja",RO,Osnovno obrazovanje,Ukupno (nacionalni prosjek) ili bez podjele,,,Ukupno,,1.003
2015,"Prilagođeni indeks rodnog pariteta za stopu završetka, prema spolu, lokaciji, kvintilu bogatstva i nivou obrazovanja",RO,Osnovno obrazovanje,Ukupno (nacionalni prosjek) ili bez podjele,,,Ukupno,,1.003
2016,"Prilagođeni indeks rodnog pariteta za stopu završetka, prema spolu, lokaciji, kvintilu bogatstva i nivou obrazovanja",RO,Osnovno obrazovanje,Ukupno (nacionalni prosjek) ili bez podjele,,,Ukupno,,1.003
2014,"Prilagođeni indeks rodnog pariteta za stopu završetka, prema spolu, lokaciji, kvintilu bogatstva i nivou obrazovanja",RO,Osnovno obrazovanje,Kvantil 1 (najsiromašniji),,,Ukupno,,
2014,"Prilagođeni indeks rodnog pariteta za stopu završetka, prema spolu, lokaciji, kvintilu bogatstva i nivou obrazovanja",RO,Osnovno obrazovanje,Kvantil 2,,,Ukupno,,
2014,"Prilagođeni indeks rodnog pariteta za stopu završetka, prema spolu, lokaciji, kvintilu bogatstva i nivou obrazovanja",RO,Osnovno obrazovanje,Kvantil 3,,,Ukupno,,
2014,"Prilagođeni indeks rodnog pariteta za stopu završetka, prema spolu, lokaciji, kvintilu bogatstva i nivou obrazovanja",RO,Osnovno obrazovanje,Kvantil 4,,,Ukupno,,
2014,"Prilagođeni indeks rodnog pariteta za stopu završetka, prema spolu, lokaciji, kvintilu bogatstva i nivou obrazovanja",RO,Osnovno obrazovanje,Kvantil 5 (najbogatiji),,,Ukupno,,
2014,"Prilagođeni indeks rodnog pariteta za stopu završetka, prema spolu, lokaciji, kvintilu bogatstva i nivou obrazovanja",RO,Više srednje obrazovanje,Ukupno (nacionalni prosjek) ili bez podjele,,,Ukupno,,1.1482
2015,"Prilagođeni indeks rodnog pariteta za stopu završetka, prema spolu, lokaciji, kvintilu bogatstva i nivou obrazovanja",RO,Više srednje obrazovanje,Ukupno (nacionalni prosjek) ili bez podjele,,,Ukupno,,1.1509
2016,"Prilagođeni indeks rodnog pariteta za stopu završetka, prema spolu, lokaciji, kvintilu bogatstva i nivou obrazovanja",RO,Više srednje obrazovanje,Ukupno (nacionalni prosjek) ili bez podjele,,,Ukupno,,1.1539
2014,"Prilagođeni indeks rodnog pariteta za stopu završetka, prema spolu, lokaciji, kvintilu bogatstva i nivou obrazovanja",RO,Više srednje obrazovanje,Kvantil 1 (najsiromašniji),,,Ukupno,,
2014,"Prilagođeni indeks rodnog pariteta za stopu završetka, prema spolu, lokaciji, kvintilu bogatstva i nivou obrazovanja",RO,Više srednje obrazovanje,Kvantil 2,,,Ukupno,,
2014,"Prilagođeni indeks rodnog pariteta za stopu završetka, prema spolu, lokaciji, kvintilu bogatstva i nivou obrazovanja",RO,Više srednje obrazovanje,Kvantil 3,,,Ukupno,,
2014,"Prilagođeni indeks rodnog pariteta za stopu završetka, prema spolu, lokaciji, kvintilu bogatstva i nivou obrazovanja",RO,Više srednje obrazovanje,Kvantil 4,,,Ukupno,,
2014,"Prilagođeni indeks rodnog pariteta za stopu završetka, prema spolu, lokaciji, kvintilu bogatstva i nivou obrazovanja",RO,Više srednje obrazovanje,Kvantil 5 (najbogatiji),,,Ukupno,,
2014,"Prilagođeni indeks rodnog pariteta za stopu završetka, prema spolu, lokaciji, kvintilu bogatstva i nivou obrazovanja",RO,Niže srednje obrazovanje,Ukupno (nacionalni prosjek) ili bez podjele,,,Ruralno,,
2014,"Prilagođeni indeks rodnog pariteta za stopu završetka, prema spolu, lokaciji, kvintilu bogatstva i nivou obrazovanja",RO,Niže srednje obrazovanje,Kvantil 1 (najsiromašniji),,,Ruralno,,
2014,"Prilagođeni indeks rodnog pariteta za stopu završetka, prema spolu, lokaciji, kvintilu bogatstva i nivou obrazovanja",RO,Niže srednje obrazovanje,Kvantil 2,,,Ruralno,,
2014,"Prilagođeni indeks rodnog pariteta za stopu završetka, prema spolu, lokaciji, kvintilu bogatstva i nivou obrazovanja",RO,Niže srednje obrazovanje,Kvantil 3,,,Ruralno,,
2014,"Prilagođeni indeks rodnog pariteta za stopu završetka, prema spolu, lokaciji, kvintilu bogatstva i nivou obrazovanja",RO,Niže srednje obrazovanje,Kvantil 4,,,Ruralno,,
2014,"Prilagođeni indeks rodnog pariteta za stopu završetka, prema spolu, lokaciji, kvintilu bogatstva i nivou obrazovanja",RO,Niže srednje obrazovanje,Kvantil 5 (najbogatiji),,,Ruralno,,
2014,"Prilagođeni indeks rodnog pariteta za stopu završetka, prema spolu, lokaciji, kvintilu bogatstva i nivou obrazovanja",RO,Osnovno obrazovanje,Ukupno (nacionalni prosjek) ili bez podjele,,,Ruralno,,
2014,"Prilagođeni indeks rodnog pariteta za stopu završetka, prema spolu, lokaciji, kvintilu bogatstva i nivou obrazovanja",RO,Osnovno obrazovanje,Kvantil 1 (najsiromašniji),,,Ruralno,,
2014,"Prilagođeni indeks rodnog pariteta za stopu završetka, prema spolu, lokaciji, kvintilu bogatstva i nivou obrazovanja",RO,Osnovno obrazovanje,Kvantil 2,,,Ruralno,,
2014,"Prilagođeni indeks rodnog pariteta za stopu završetka, prema spolu, lokaciji, kvintilu bogatstva i nivou obrazovanja",RO,Osnovno obrazovanje,Kvantil 3,,,Ruralno,,
2014,"Prilagođeni indeks rodnog pariteta za stopu završetka, prema spolu, lokaciji, kvintilu bogatstva i nivou obrazovanja",RO,Osnovno obrazovanje,Kvantil 4,,,Ruralno,,
2014,"Prilagođeni indeks rodnog pariteta za stopu završetka, prema spolu, lokaciji, kvintilu bogatstva i nivou obrazovanja",RO,Osnovno obrazovanje,Kvantil 5 (najbogatiji),,,Ruralno,,
2014,"Prilagođeni indeks rodnog pariteta za stopu završetka, prema spolu, lokaciji, kvintilu bogatstva i nivou obrazovanja",RO,Više srednje obrazovanje,Ukupno (nacionalni prosjek) ili bez podjele,,,Ruralno,,
2014,"Prilagođeni indeks rodnog pariteta za stopu završetka, prema spolu, lokaciji, kvintilu bogatstva i nivou obrazovanja",RO,Više srednje obrazovanje,Kvantil 1 (najsiromašniji),,,Ruralno,,
2014,"Prilagođeni indeks rodnog pariteta za stopu završetka, prema spolu, lokaciji, kvintilu bogatstva i nivou obrazovanja",RO,Više srednje obrazovanje,Kvantil 2,,,Ruralno,,
2014,"Prilagođeni indeks rodnog pariteta za stopu završetka, prema spolu, lokaciji, kvintilu bogatstva i nivou obrazovanja",RO,Više srednje obrazovanje,Kvantil 3,,,Ruralno,,
2014,"Prilagođeni indeks rodnog pariteta za stopu završetka, prema spolu, lokaciji, kvintilu bogatstva i nivou obrazovanja",RO,Više srednje obrazovanje,Kvantil 4,,,Ruralno,,
2014,"Prilagođeni indeks rodnog pariteta za stopu završetka, prema spolu, lokaciji, kvintilu bogatstva i nivou obrazovanja",RO,Više srednje obrazovanje,Kvantil 5 (najbogatiji),,,Ruralno,,
2014,"Prilagođeni indeks rodnog pariteta za stopu završetka, prema spolu, lokaciji, kvintilu bogatstva i nivou obrazovanja",RO,Niže srednje obrazovanje,Ukupno (nacionalni prosjek) ili bez podjele,,,Urbano,,
2014,"Prilagođeni indeks rodnog pariteta za stopu završetka, prema spolu, lokaciji, kvintilu bogatstva i nivou obrazovanja",RO,Niže srednje obrazovanje,Kvantil 1 (najsiromašniji),,,Urbano,,
2014,"Prilagođeni indeks rodnog pariteta za stopu završetka, prema spolu, lokaciji, kvintilu bogatstva i nivou obrazovanja",RO,Niže srednje obrazovanje,Kvantil 2,,,Urbano,,
2014,"Prilagođeni indeks rodnog pariteta za stopu završetka, prema spolu, lokaciji, kvintilu bogatstva i nivou obrazovanja",RO,Niže srednje obrazovanje,Kvantil 3,,,Urbano,,
2014,"Prilagođeni indeks rodnog pariteta za stopu završetka, prema spolu, lokaciji, kvintilu bogatstva i nivou obrazovanja",RO,Niže srednje obrazovanje,Kvantil 4,,,Urbano,,
2014,"Prilagođeni indeks rodnog pariteta za stopu završetka, prema spolu, lokaciji, kvintilu bogatstva i nivou obrazovanja",RO,Niže srednje obrazovanje,Kvantil 5 (najbogatiji),,,Urbano,,
2014,"Prilagođeni indeks rodnog pariteta za stopu završetka, prema spolu, lokaciji, kvintilu bogatstva i nivou obrazovanja",RO,Osnovno obrazovanje,Ukupno (nacionalni prosjek) ili bez podjele,,,Urbano,,
2014,"Prilagođeni indeks rodnog pariteta za stopu završetka, prema spolu, lokaciji, kvintilu bogatstva i nivou obrazovanja",RO,Osnovno obrazovanje,Kvantil 1 (najsiromašniji),,,Urbano,,
2014,"Prilagođeni indeks rodnog pariteta za stopu završetka, prema spolu, lokaciji, kvintilu bogatstva i nivou obrazovanja",RO,Osnovno obrazovanje,Kvantil 2,,,Urbano,,
2014,"Prilagođeni indeks rodnog pariteta za stopu završetka, prema spolu, lokaciji, kvintilu bogatstva i nivou obrazovanja",RO,Osnovno obrazovanje,Kvantil 3,,,Urbano,,
2014,"Prilagođeni indeks rodnog pariteta za stopu završetka, prema spolu, lokaciji, kvintilu bogatstva i nivou obrazovanja",RO,Osnovno obrazovanje,Kvantil 4,,,Urbano,,
2014,"Prilagođeni indeks rodnog pariteta za stopu završetka, prema spolu, lokaciji, kvintilu bogatstva i nivou obrazovanja",RO,Osnovno obrazovanje,Kvantil 5 (najbogatiji),,,Urbano,,
2014,"Prilagođeni indeks rodnog pariteta za stopu završetka, prema spolu, lokaciji, kvintilu bogatstva i nivou obrazovanja",RO,Više srednje obrazovanje,Ukupno (nacionalni prosjek) ili bez podjele,,,Urbano,,
2014,"Prilagođeni indeks rodnog pariteta za stopu završetka, prema spolu, lokaciji, kvintilu bogatstva i nivou obrazovanja",RO,Više srednje obrazovanje,Kvantil 1 (najsiromašniji),,,Urbano,,
2014,"Prilagođeni indeks rodnog pariteta za stopu završetka, prema spolu, lokaciji, kvintilu bogatstva i nivou obrazovanja",RO,Više srednje obrazovanje,Kvantil 2,,,Urbano,,
2014,"Prilagođeni indeks rodnog pariteta za stopu završetka, prema spolu, lokaciji, kvintilu bogatstva i nivou obrazovanja",RO,Više srednje obrazovanje,Kvantil 3,,,Urbano,,
2014,"Prilagođeni indeks rodnog pariteta za stopu završetka, prema spolu, lokaciji, kvintilu bogatstva i nivou obrazovanja",RO,Više srednje obrazovanje,Kvantil 4,,,Urbano,,
2014,"Prilagođeni indeks rodnog pariteta za stopu završetka, prema spolu, lokaciji, kvintilu bogatstva i nivou obrazovanja",RO,Više srednje obrazovanje,Kvantil 5 (najbogatiji),,,Urbano,,
2018,Prilagođeni indeks rodnog pariteta za postizanje minimalnog nivoa čitanja i matematike (omjer),RO,Niže srednje obrazovanje,,,Čitanje,,,1.30087
2019,Prilagođeni indeks rodnog pariteta za postizanje minimalnog nivoa čitanja i matematike (omjer),RO,Osnovno obrazovanje,,,Matematika,,,1.14329
2014,Prilagođeni indeks rodnog pariteta za stopu učešća u formalnom i neformalnom obrazovanju i obuci (omjer),RO,,,,,,15 do 24 godine,1.1
2015,Prilagođeni indeks rodnog pariteta za stopu učešća u formalnom i neformalnom obrazovanju i obuci (omjer),RO,,,,,,15 do 24 godine,1.2
2016,Prilagođeni indeks rodnog pariteta za stopu učešća u formalnom i neformalnom obrazovanju i obuci (omjer),RO,,,,,,15 do 24 godine,1.2
2017,Prilagođeni indeks rodnog pariteta za stopu učešća u formalnom i neformalnom obrazovanju i obuci (omjer),RO,,,,,,15 do 24 godine,1.2
2018,Prilagođeni indeks rodnog pariteta za stopu učešća u formalnom i neformalnom obrazovanju i obuci (omjer),RO,,,,,,15 do 24 godine,1.2
2019,Prilagođeni indeks rodnog pariteta za stopu učešća u formalnom i neformalnom obrazovanju i obuci (omjer),RO,,,,,,15 do 24 godine,1.1
2020,Prilagođeni indeks rodnog pariteta za stopu učešća u formalnom i neformalnom obrazovanju i obuci (omjer),RO,,,,,,15 do 24 godine,1.1
2021,Prilagođeni indeks rodnog pariteta za stopu učešća u formalnom i neformalnom obrazovanju i obuci (omjer),RO,,,,,,15 do 24 godine,1.2
2014,Prilagođeni indeks rodnog pariteta za stopu učešća u formalnom i neformalnom obrazovanju i obuci (omjer),RO,,,,,,15 do 64 godine,1.0
2015,Prilagođeni indeks rodnog pariteta za stopu učešća u formalnom i neformalnom obrazovanju i obuci (omjer),RO,,,,,,15 do 64 godine,1.1
2016,Prilagođeni indeks rodnog pariteta za stopu učešća u formalnom i neformalnom obrazovanju i obuci (omjer),RO,,,,,,15 do 64 godine,1.1
2017,Prilagođeni indeks rodnog pariteta za stopu učešća u formalnom i neformalnom obrazovanju i obuci (omjer),RO,,,,,,15 do 64 godine,1.1
2018,Prilagođeni indeks rodnog pariteta za stopu učešća u formalnom i neformalnom obrazovanju i obuci (omjer),RO,,,,,,15 do 64 godine,1.2
2019,Prilagođeni indeks rodnog pariteta za stopu učešća u formalnom i neformalnom obrazovanju i obuci (omjer),RO,,,,,,15 do 64 godine,1.0
2020,Prilagođeni indeks rodnog pariteta za stopu učešća u formalnom i neformalnom obrazovanju i obuci (omjer),RO,,,,,,15 do 64 godine,1.1
2021,Prilagođeni indeks rodnog pariteta za stopu učešća u formalnom i neformalnom obrazovanju i obuci (omjer),RO,,,,,,15 do 64 godine,1.1
2014,Prilagođeni indeks rodnog pariteta za stopu učešća u formalnom i neformalnom obrazovanju i obuci (omjer),RO,,,,,,25 do 54 godine,0.0
2015,Prilagođeni indeks rodnog pariteta za stopu učešća u formalnom i neformalnom obrazovanju i obuci (omjer),RO,,,,,,25 do 54 godine,1.2
2016,Prilagođeni indeks rodnog pariteta za stopu učešća u formalnom i neformalnom obrazovanju i obuci (omjer),RO,,,,,,25 do 54 godine,1.2
2017,Prilagođeni indeks rodnog pariteta za stopu učešća u formalnom i neformalnom obrazovanju i obuci (omjer),RO,,,,,,25 do 54 godine,1.2
2018,Prilagođeni indeks rodnog pariteta za stopu učešća u formalnom i neformalnom obrazovanju i obuci (omjer),RO,,,,,,25 do 54 godine,1.2
2019,Prilagođeni indeks rodnog pariteta za stopu učešća u formalnom i neformalnom obrazovanju i obuci (omjer),RO,,,,,,25 do 54 godine,1.1
2020,Prilagođeni indeks rodnog pariteta za stopu učešća u formalnom i neformalnom obrazovanju i obuci (omjer),RO,,,,,,25 do 54 godine,1.1
2021,Prilagođeni indeks rodnog pariteta za stopu učešća u formalnom i neformalnom obrazovanju i obuci (omjer),RO,,,,,,25 do 54 godine,1.1
2014,Prilagođeni indeks rodnog pariteta za stopu učešća u formalnom i neformalnom obrazovanju i obuci (omjer),RO,,,,,,55 do 64 godine,
2015,Prilagođeni indeks rodnog pariteta za stopu učešća u formalnom i neformalnom obrazovanju i obuci (omjer),RO,,,,,,55 do 64 godine,
2016,Prilagođeni indeks rodnog pariteta za stopu učešća u formalnom i neformalnom obrazovanju i obuci (omjer),RO,,,,,,55 do 64 godine,
2017,Prilagođeni indeks rodnog pariteta za stopu učešća u formalnom i neformalnom obrazovanju i obuci (omjer),RO,,,,,,55 do 64 godine,
2018,Prilagođeni indeks rodnog pariteta za stopu učešća u formalnom i neformalnom obrazovanju i obuci (omjer),RO,,,,,,55 do 64 godine,
2019,Prilagođeni indeks rodnog pariteta za stopu učešća u formalnom i neformalnom obrazovanju i obuci (omjer),RO,,,,,,55 do 64 godine,
2020,Prilagođeni indeks rodnog pariteta za stopu učešća u formalnom i neformalnom obrazovanju i obuci (omjer),RO,,,,,,55 do 64 godine,0.8
2021,Prilagođeni indeks rodnog pariteta za stopu učešća u formalnom i neformalnom obrazovanju i obuci (omjer),RO,,,,,,55 do 64 godine,
2019,"Prilagođeni indeks rodnog pariteta za stopu učešća u organizovanom učenju (godinu dana prije zvaničnog osnovnog uzrasta), (omjer)",RO,,,,,,,0.97203
2020,"Prilagođeni indeks rodnog pariteta za stopu učešća u organizovanom učenju (godinu dana prije zvaničnog osnovnog uzrasta), (omjer)",RO,,,,,,,0.9511
2021,"Prilagođeni indeks rodnog pariteta za stopu učešća u organizovanom učenju (godinu dana prije zvaničnog osnovnog uzrasta), (omjer)",RO,,,,,,,1.0061
2017,Indeks rodnog pariteta za mladih/odraslih sa vještinama informaciono-komunikacione tehnologije (IKT) prema vrsti vještine (omjer),RO,,,,Korištenje osnovne aritmetičke formule u proračunskoj tabeli,,,1.03128
2019,Indeks rodnog pariteta za mladih/odraslih sa vještinama informaciono-komunikacione tehnologije (IKT) prema vrsti vještine (omjer),RO,,,,Korištenje osnovne aritmetičke formule u proračunskoj tabeli,,,0.70046
2017,Indeks rodnog pariteta za mladih/odraslih sa vještinama informaciono-komunikacione tehnologije (IKT) prema vrsti vještine (omjer),RO,,,,Kopiranje ili premještanje datoteke ili mape,,,0.94207
2019,Indeks rodnog pariteta za mladih/odraslih sa vještinama informaciono-komunikacione tehnologije (IKT) prema vrsti vještine (omjer),RO,,,,Kopiranje ili premještanje datoteke ili mape,,,0.94222
2017,Indeks rodnog pariteta za mladih/odraslih sa vještinama informaciono-komunikacione tehnologije (IKT) prema vrsti vještine (omjer),RO,,,,Korištenje alata kopiranja i lijepljenja za dupliranje ili premještanje podataka unutar dokumenta,,,0.84348
2019,Indeks rodnog pariteta za mladih/odraslih sa vještinama informaciono-komunikacione tehnologije (IKT) prema vrsti vještine (omjer),RO,,,,Korištenje alata kopiranja i lijepljenja za dupliranje ili premještanje podataka unutar dokumenta,,,0.73837
2021,Indeks rodnog pariteta za mladih/odraslih sa vještinama informaciono-komunikacione tehnologije (IKT) prema vrsti vještine (omjer),RO,,,,Korištenje alata kopiranja i lijepljenja za dupliranje ili premještanje podataka unutar dokumenta,,,0.9209
2019,Indeks rodnog pariteta za mladih/odraslih sa vještinama informaciono-komunikacione tehnologije (IKT) prema vrsti vještine (omjer),RO,,,,Slanje e-pošte s priloženim datotekama,,,0.75366
2021,Indeks rodnog pariteta za mladih/odraslih sa vještinama informaciono-komunikacione tehnologije (IKT) prema vrsti vještine (omjer),RO,,,,Slanje e-pošte s priloženim datotekama,,,0.9208
2017,Indeks rodnog pariteta za mladih/odraslih sa vještinama informaciono-komunikacione tehnologije (IKT) prema vrsti vještine (omjer),RO,,,,Izrada elektronskih prezentacija pomoću softvera za prezentacije,,,0.73845
2019,Indeks rodnog pariteta za mladih/odraslih sa vještinama informaciono-komunikacione tehnologije (IKT) prema vrsti vještine (omjer),RO,,,,Izrada elektronskih prezentacija pomoću softvera za prezentacije,,,0.69955
2021,Indeks rodnog pariteta za mladih/odraslih sa vještinama informaciono-komunikacione tehnologije (IKT) prema vrsti vještine (omjer),RO,,,,Izrada elektronskih prezentacija pomoću softvera za prezentacije,,,0.8413
2021,Indeks rodnog pariteta za mladih/odraslih sa vještinama informaciono-komunikacione tehnologije (IKT) prema vrsti vještine (omjer),RO,,,,Povezivanje i instalacija novih uređaja,,,0.7443
2017,Indeks rodnog pariteta za mladih/odraslih sa vještinama informaciono-komunikacione tehnologije (IKT) prema vrsti vještine (omjer),RO,,,,Pisanje računarskog programa pomoću specijalizovanog programskog jezika,,,0.31226
2019,Indeks rodnog pariteta za mladih/odraslih sa vještinama informaciono-komunikacione tehnologije (IKT) prema vrsti vještine (omjer),RO,,,,Pisanje računarskog programa pomoću specijalizovanog programskog jezika,,,0.2854
2021,Indeks rodnog pariteta za mladih/odraslih sa vještinama informaciono-komunikacione tehnologije (IKT) prema vrsti vještine (omjer),RO,,,,"Promjena postavki privatnosti na vašem uređaju, računu ili aplikaciji kako biste ograničili dijeljenje ličnih podataka i informacija (npr. ime, kontakt informacije, fotografije)",,,0.6868
2021,Indeks rodnog pariteta za mladih/odraslih sa vještinama informaciono-komunikacione tehnologije (IKT) prema vrsti vještine (omjer),RO,,,,"Postavljanje efikasnih sigurnosnih mjera (npr. jake lozinke, obavještenje o pokušaju prijave) za zaštitu uređaja i mrežnih računa",,,0.8216
2017,Indeks rodnog pariteta za mladih/odraslih sa vještinama informaciono-komunikacione tehnologije (IKT) prema vrsti vještine (omjer),RO,,,,"Pronalaženje, preuzimanje, instaliranje i konfigurisanje softvera",,,0.79713
2021,Indeks rodnog pariteta za mladih/odraslih sa vještinama informaciono-komunikacione tehnologije (IKT) prema vrsti vještine (omjer),RO,,,,"Pronalaženje, preuzimanje, instaliranje i konfigurisanje softvera",,,0.8286
2017,Indeks rodnog pariteta za mladih/odraslih sa vještinama informaciono-komunikacione tehnologije (IKT) prema vrsti vještine (omjer),RO,,,,Prijenos datoteka između računara i drugih uređaja,,,0.88954
2019,Indeks rodnog pariteta za mladih/odraslih sa vještinama informaciono-komunikacione tehnologije (IKT) prema vrsti vještine (omjer),RO,,,,Prijenos datoteka između računara i drugih uređaja,,,0.91255
2021,Indeks rodnog pariteta za mladih/odraslih sa vještinama informaciono-komunikacione tehnologije (IKT) prema vrsti vještine (omjer),RO,,,,Prijenos datoteka između računara i drugih uređaja,,,0.9637
2018,Prilagođeni test jezika indeksa pariteta za postizanje minimalnog nivoa stručnosti u čitanju i računanju (omjer),RO,Niže srednje obrazovanje,,,Čitanje,,,0.85397
2019,Prilagođeni test jezika indeksa pariteta za postizanje minimalnog nivoa stručnosti u čitanju i računanju (omjer),RO,Osnovno obrazovanje,,,Matematika,,,0.8731
2018,Prilagođeni imigracioni status ndeks pariteta za postizanje minimalnog nivoa čitanja i računanja (omjer),RO,Niže srednje obrazovanje,,,Čitanje,,,0.79283
2019,Prilagođeni imigracioni status ndeks pariteta za postizanje minimalnog nivoa čitanja i računanja (omjer),RO,Niže srednje obrazovanje,,,Matematika,,,1.1155
2018,Prilagođen indeks pariteta ruralnog i urbanog za postizanje minimalnog nivoa čitanja i računanja (omjer),RO,Niže srednje obrazovanje,,,Čitanje,,,0.5554
2019,Prilagođen indeks pariteta ruralnog i urbanog za postizanje minimalnog nivoa čitanja i računanja (omjer),RO,Osnovno obrazovanje,,,Matematika,,,0.7634
2018,Prilagođeni indeks socijalno-ekonomskog pariteta od niskog do visokog za postizanje minimalnog nivoa čitanja i računanja (omjer),RO,Niže srednje obrazovanje,,,Čitanje,,,0.4988
2018,Prilagođeni indeks socijalno-ekonomskog pariteta od niskog do visokog za postizanje minimalnog nivoa čitanja i računanja (omjer),RO,Osnovno obrazovanje,,,Matematika,,,0.8823
