Year,SERIES,UNIT_MEASURE,Value
2022,"Pravni okviri koji promovišu, sprovode i prate rodnu ravnopravnost (postotak postignuća, 0 - 100) Oblast 1. sveobuhvatni pravni okviri i javni život",Procenat,100.0
2022,"Pravni okviri koji promovišu, sprovode i prate rodnu ravnopravnost (postotak postignuća, 0 - 100) Oblast 2. nasilje nad ženama",Procenat,77.78
2022,"Pravni okviri koji promovišu, sprovode i prate rodnu ravnopravnost (postotak postignuća, 0 - 100) Oblast 3. zapošljavanje i ekonomske koristi",Procenat,70.0
2022,"Pravni okviri koji promovišu, sprovode i prate rodnu ravnopravnost (postotak postignuća, 0 - 100) Oblast 4. brak i porodica",Procenat,81.82
