Year,SERIES,UNIT_MEASURE,Value
2017,Vodna tijela sa dobrim kvalitetom ambijentalne vode,Procenat,5.79
2020,Vodna tijela sa dobrim kvalitetom ambijentalne vode,Procenat,30.58
2017,Podzemna vodna tijela sa dobrim ambijentalnim kvalitetom vode,Procenat,16.67
2020,Podzemna vodna tijela sa dobrim ambijentalnim kvalitetom vode,Procenat,94.74
2017,Otvorena vodna tijela sa dobrim ambijentalnim kvalitetom vode,Procenat,100.0
2020,Otvorena vodna tijela sa dobrim ambijentalnim kvalitetom vode,Procenat,100.0
2017,Riječna vodna tijela sa dobrim ambijentalnim kvalitetom vode,Procenat,4.89
2020,Riječna vodna tijela sa dobrim ambijentalnim kvalitetom vode,Procenat,28.35
