Year,SERIES,UNIT_MEASURE,Privredna aktivnost,Value
2001, Nivo vodenog stresa: povlačenje slatke vode kao udio raspoloživih slatkovodnih resursa,Procenat,Industrije,0.11
2006, Nivo vodenog stresa: povlačenje slatke vode kao udio raspoloživih slatkovodnih resursa,Procenat,Industrije,0.22
2007, Nivo vodenog stresa: povlačenje slatke vode kao udio raspoloživih slatkovodnih resursa,Procenat,Industrije,0.26
2010, Nivo vodenog stresa: povlačenje slatke vode kao udio raspoloživih slatkovodnih resursa,Procenat,Industrije,0.31
2011, Nivo vodenog stresa: povlačenje slatke vode kao udio raspoloživih slatkovodnih resursa,Procenat,Industrije,0.4
2012, Nivo vodenog stresa: povlačenje slatke vode kao udio raspoloživih slatkovodnih resursa,Procenat,Industrije,0.49
2013, Nivo vodenog stresa: povlačenje slatke vode kao udio raspoloživih slatkovodnih resursa,Procenat,Industrije,0.51
2014, Nivo vodenog stresa: povlačenje slatke vode kao udio raspoloživih slatkovodnih resursa,Procenat,Industrije,0.41
2015, Nivo vodenog stresa: povlačenje slatke vode kao udio raspoloživih slatkovodnih resursa,Procenat,Industrije,0.41
2016, Nivo vodenog stresa: povlačenje slatke vode kao udio raspoloživih slatkovodnih resursa,Procenat,Industrije,0.44
2017, Nivo vodenog stresa: povlačenje slatke vode kao udio raspoloživih slatkovodnih resursa,Procenat,Industrije,0.44
2018, Nivo vodenog stresa: povlačenje slatke vode kao udio raspoloživih slatkovodnih resursa,Procenat,Industrije,0.41
2019, Nivo vodenog stresa: povlačenje slatke vode kao udio raspoloživih slatkovodnih resursa,Procenat,Industrije,0.27
2001, Nivo vodenog stresa: povlačenje slatke vode kao udio raspoloživih slatkovodnih resursa,Procenat,ISIC4_GTT,2.37
2006, Nivo vodenog stresa: povlačenje slatke vode kao udio raspoloživih slatkovodnih resursa,Procenat,ISIC4_GTT,2.31
2007, Nivo vodenog stresa: povlačenje slatke vode kao udio raspoloživih slatkovodnih resursa,Procenat,ISIC4_GTT,2.33
2010, Nivo vodenog stresa: povlačenje slatke vode kao udio raspoloživih slatkovodnih resursa,Procenat,ISIC4_GTT,2.58
2011, Nivo vodenog stresa: povlačenje slatke vode kao udio raspoloživih slatkovodnih resursa,Procenat,ISIC4_GTT,2.42
2012, Nivo vodenog stresa: povlačenje slatke vode kao udio raspoloživih slatkovodnih resursa,Procenat,ISIC4_GTT,2.42
2013, Nivo vodenog stresa: povlačenje slatke vode kao udio raspoloživih slatkovodnih resursa,Procenat,ISIC4_GTT,2.39
2014, Nivo vodenog stresa: povlačenje slatke vode kao udio raspoloživih slatkovodnih resursa,Procenat,ISIC4_GTT,2.33
2015, Nivo vodenog stresa: povlačenje slatke vode kao udio raspoloživih slatkovodnih resursa,Procenat,ISIC4_GTT,2.37
2016, Nivo vodenog stresa: povlačenje slatke vode kao udio raspoloživih slatkovodnih resursa,Procenat,ISIC4_GTT,2.34
2017, Nivo vodenog stresa: povlačenje slatke vode kao udio raspoloživih slatkovodnih resursa,Procenat,ISIC4_GTT,2.22
2018, Nivo vodenog stresa: povlačenje slatke vode kao udio raspoloživih slatkovodnih resursa,Procenat,ISIC4_GTT,1.66
2019, Nivo vodenog stresa: povlačenje slatke vode kao udio raspoloživih slatkovodnih resursa,Procenat,ISIC4_GTT,1.76
