Year,SERIES,UNIT_MEASURE,Stepen urbanizacije,Value
2000,Udio stanovništva koji se prvenstveno oslanja na čista goriva i tehnologiju,PT,Ukupno,52
2000,Udio stanovništva koji se prvenstveno oslanja na čista goriva i tehnologiju,PT,Ruralno,32
2000,Udio stanovništva koji se prvenstveno oslanja na čista goriva i tehnologiju,PT,Urbano,80
2001,Udio stanovništva koji se prvenstveno oslanja na čista goriva i tehnologiju,PT,Ukupno,52
2001,Udio stanovništva koji se prvenstveno oslanja na čista goriva i tehnologiju,PT,Ruralno,31
2001,Udio stanovništva koji se prvenstveno oslanja na čista goriva i tehnologiju,PT,Urbano,79
2002,Udio stanovništva koji se prvenstveno oslanja na čista goriva i tehnologiju,PT,Ukupno,52
2002,Udio stanovništva koji se prvenstveno oslanja na čista goriva i tehnologiju,PT,Ruralno,30
2002,Udio stanovništva koji se prvenstveno oslanja na čista goriva i tehnologiju,PT,Urbano,78
2003,Udio stanovništva koji se prvenstveno oslanja na čista goriva i tehnologiju,PT,Ukupno,50
2003,Udio stanovništva koji se prvenstveno oslanja na čista goriva i tehnologiju,PT,Ruralno,29
2003,Udio stanovništva koji se prvenstveno oslanja na čista goriva i tehnologiju,PT,Urbano,77
2004,Udio stanovništva koji se prvenstveno oslanja na čista goriva i tehnologiju,PT,Ukupno,50
2004,Udio stanovništva koji se prvenstveno oslanja na čista goriva i tehnologiju,PT,Ruralno,27
2004,Udio stanovništva koji se prvenstveno oslanja na čista goriva i tehnologiju,PT,Urbano,66
2005,Udio stanovništva koji se prvenstveno oslanja na čista goriva i tehnologiju,PT,Ukupno,49
2005,Udio stanovništva koji se prvenstveno oslanja na čista goriva i tehnologiju,PT,Ruralno,26
2005,Udio stanovništva koji se prvenstveno oslanja na čista goriva i tehnologiju,PT,Urbano,76
2006,Udio stanovništva koji se prvenstveno oslanja na čista goriva i tehnologiju,PT,Ukupno,48
2006,Udio stanovništva koji se prvenstveno oslanja na čista goriva i tehnologiju,PT,Ruralno,25
2006,Udio stanovništva koji se prvenstveno oslanja na čista goriva i tehnologiju,PT,Urbano,74
2007,Udio stanovništva koji se prvenstveno oslanja na čista goriva i tehnologiju,PT,Ukupno,47
2007,Udio stanovništva koji se prvenstveno oslanja na čista goriva i tehnologiju,PT,Ruralno,24
2007,Udio stanovništva koji se prvenstveno oslanja na čista goriva i tehnologiju,PT,Urbano,73
2008,Udio stanovništva koji se prvenstveno oslanja na čista goriva i tehnologiju,PT,Ukupno,47
2008,Udio stanovništva koji se prvenstveno oslanja na čista goriva i tehnologiju,PT,Ruralno,23
2008,Udio stanovništva koji se prvenstveno oslanja na čista goriva i tehnologiju,PT,Urbano,72
2009,Udio stanovništva koji se prvenstveno oslanja na čista goriva i tehnologiju,PT,Ukupno,46
2009,Udio stanovništva koji se prvenstveno oslanja na čista goriva i tehnologiju,PT,Ruralno,22
2009,Udio stanovništva koji se prvenstveno oslanja na čista goriva i tehnologiju,PT,Urbano,71
2010,Udio stanovništva koji se prvenstveno oslanja na čista goriva i tehnologiju,PT,Ukupno,45
2010,Udio stanovništva koji se prvenstveno oslanja na čista goriva i tehnologiju,PT,Ruralno,21
2010,Udio stanovništva koji se prvenstveno oslanja na čista goriva i tehnologiju,PT,Urbano,70
2011,Udio stanovništva koji se prvenstveno oslanja na čista goriva i tehnologiju,PT,Ukupno,44
2011,Udio stanovništva koji se prvenstveno oslanja na čista goriva i tehnologiju,PT,Ruralno,20
2011,Udio stanovništva koji se prvenstveno oslanja na čista goriva i tehnologiju,PT,Urbano,69
2012,Udio stanovništva koji se prvenstveno oslanja na čista goriva i tehnologiju,PT,Ukupno,44
2012,Udio stanovništva koji se prvenstveno oslanja na čista goriva i tehnologiju,PT,Ruralno,19
2012,Udio stanovništva koji se prvenstveno oslanja na čista goriva i tehnologiju,PT,Urbano,68
2013,Udio stanovništva koji se prvenstveno oslanja na čista goriva i tehnologiju,PT,Ukupno,43
2013,Udio stanovništva koji se prvenstveno oslanja na čista goriva i tehnologiju,PT,Ruralno,19
2013,Udio stanovništva koji se prvenstveno oslanja na čista goriva i tehnologiju,PT,Urbano,67
2014,Udio stanovništva koji se prvenstveno oslanja na čista goriva i tehnologiju,PT,Ukupno,43
2014,Udio stanovništva koji se prvenstveno oslanja na čista goriva i tehnologiju,PT,Ruralno,18
2014,Udio stanovništva koji se prvenstveno oslanja na čista goriva i tehnologiju,PT,Urbano,67
2015,Udio stanovništva koji se prvenstveno oslanja na čista goriva i tehnologiju,PT,Ukupno,43
2015,Udio stanovništva koji se prvenstveno oslanja na čista goriva i tehnologiju,PT,Ruralno,18
2015,Udio stanovništva koji se prvenstveno oslanja na čista goriva i tehnologiju,PT,Urbano,65
2016,Udio stanovništva koji se prvenstveno oslanja na čista goriva i tehnologiju,PT,Ukupno,42
2016,Udio stanovništva koji se prvenstveno oslanja na čista goriva i tehnologiju,PT,Ruralno,17
2016,Udio stanovništva koji se prvenstveno oslanja na čista goriva i tehnologiju,PT,Urbano,65
2017,Udio stanovništva koji se prvenstveno oslanja na čista goriva i tehnologiju,PT,Ukupno,42
2017,Udio stanovništva koji se prvenstveno oslanja na čista goriva i tehnologiju,PT,Ruralno,16
2017,Udio stanovništva koji se prvenstveno oslanja na čista goriva i tehnologiju,PT,Urbano,64
2018,Udio stanovništva koji se prvenstveno oslanja na čista goriva i tehnologiju,PT,Ukupno,42
2018,Udio stanovništva koji se prvenstveno oslanja na čista goriva i tehnologiju,PT,Ruralno,16
2018,Udio stanovništva koji se prvenstveno oslanja na čista goriva i tehnologiju,PT,Urbano,63
2019,Udio stanovništva koji se prvenstveno oslanja na čista goriva i tehnologiju,PT,Ukupno,42
2019,Udio stanovništva koji se prvenstveno oslanja na čista goriva i tehnologiju,PT,Ruralno,15
2019,Udio stanovništva koji se prvenstveno oslanja na čista goriva i tehnologiju,PT,Urbano,63
2020,Udio stanovništva koji se prvenstveno oslanja na čista goriva i tehnologiju,PT,Ukupno,41
2020,Udio stanovništva koji se prvenstveno oslanja na čista goriva i tehnologiju,PT,Ruralno,15
2020,Udio stanovništva koji se prvenstveno oslanja na čista goriva i tehnologiju,PT,Urbano,63
2021,Udio stanovništva koji se prvenstveno oslanja na čista goriva i tehnologiju,PT,Ukupno,42
2021,Udio stanovništva koji se prvenstveno oslanja na čista goriva i tehnologiju,PT,Ruralno,14
2021,Udio stanovništva koji se prvenstveno oslanja na čista goriva i tehnologiju,PT,Urbano,62
