Year,SERIES,UNIT_MEASURE,Vrsta proizvoda,Value
2000,"Potrošnja domaćih materijala po stanovniku, prema vrsti sirovine",Tone,Bez podjele,6.66751
2001,"Potrošnja domaćih materijala po stanovniku, prema vrsti sirovine",Tone,Bez podjele,6.91586
2002,"Potrošnja domaćih materijala po stanovniku, prema vrsti sirovine",Tone,Bez podjele,7.31228
2003,"Potrošnja domaćih materijala po stanovniku, prema vrsti sirovine",Tone,Bez podjele,8.69966
2004,"Potrošnja domaćih materijala po stanovniku, prema vrsti sirovine",Tone,Bez podjele,9.28786
2005,"Potrošnja domaćih materijala po stanovniku, prema vrsti sirovine",Tone,Bez podjele,9.80739
2006,"Potrošnja domaćih materijala po stanovniku, prema vrsti sirovine",Tone,Bez podjele,10.78876
2007,"Potrošnja domaćih materijala po stanovniku, prema vrsti sirovine",Tone,Bez podjele,10.89829
2008,"Potrošnja domaćih materijala po stanovniku, prema vrsti sirovine",Tone,Bez podjele,12.12867
2009,"Potrošnja domaćih materijala po stanovniku, prema vrsti sirovine",Tone,Bez podjele,11.40177
2010,"Potrošnja domaćih materijala po stanovniku, prema vrsti sirovine",Tone,Bez podjele,11.12588
2011,"Potrošnja domaćih materijala po stanovniku, prema vrsti sirovine",Tone,Bez podjele,11.71399
2012,"Potrošnja domaćih materijala po stanovniku, prema vrsti sirovine",Tone,Bez podjele,12.08488
2013,"Potrošnja domaćih materijala po stanovniku, prema vrsti sirovine",Tone,Bez podjele,11.4451
2014,"Potrošnja domaćih materijala po stanovniku, prema vrsti sirovine",Tone,Bez podjele,11.17667
2015,"Potrošnja domaćih materijala po stanovniku, prema vrsti sirovine",Tone,Bez podjele,12.47721
2016,"Potrošnja domaćih materijala po stanovniku, prema vrsti sirovine",Tone,Bez podjele,13.67454
2017,"Potrošnja domaćih materijala po stanovniku, prema vrsti sirovine",Tone,Bez podjele,12.8607
2018,"Potrošnja domaćih materijala po stanovniku, prema vrsti sirovine",Tone,Bez podjele,14.19415
2019,"Potrošnja domaćih materijala po stanovniku, prema vrsti sirovine",Tone,Bez podjele,14.46275
2000,"Potrošnja domaćih materijala po stanovniku, prema vrsti sirovine",Tone,Biomasa,2.5325
2001,"Potrošnja domaćih materijala po stanovniku, prema vrsti sirovine",Tone,Biomasa,2.69833
2002,"Potrošnja domaćih materijala po stanovniku, prema vrsti sirovine",Tone,Biomasa,2.73528
2003,"Potrošnja domaćih materijala po stanovniku, prema vrsti sirovine",Tone,Biomasa,2.31352
2004,"Potrošnja domaćih materijala po stanovniku, prema vrsti sirovine",Tone,Biomasa,2.83925
2005,"Potrošnja domaćih materijala po stanovniku, prema vrsti sirovine",Tone,Biomasa,2.8148
2006,"Potrošnja domaćih materijala po stanovniku, prema vrsti sirovine",Tone,Biomasa,2.90239
2007,"Potrošnja domaćih materijala po stanovniku, prema vrsti sirovine",Tone,Biomasa,2.51972
2008,"Potrošnja domaćih materijala po stanovniku, prema vrsti sirovine",Tone,Biomasa,2.80323
2009,"Potrošnja domaćih materijala po stanovniku, prema vrsti sirovine",Tone,Biomasa,2.70012
2010,"Potrošnja domaćih materijala po stanovniku, prema vrsti sirovine",Tone,Biomasa,2.59111
2011,"Potrošnja domaćih materijala po stanovniku, prema vrsti sirovine",Tone,Biomasa,2.59921
2012,"Potrošnja domaćih materijala po stanovniku, prema vrsti sirovine",Tone,Biomasa,2.3632
2013,"Potrošnja domaćih materijala po stanovniku, prema vrsti sirovine",Tone,Biomasa,2.70089
2014,"Potrošnja domaćih materijala po stanovniku, prema vrsti sirovine",Tone,Biomasa,2.55069
2015,"Potrošnja domaćih materijala po stanovniku, prema vrsti sirovine",Tone,Biomasa,2.79108
2016,"Potrošnja domaćih materijala po stanovniku, prema vrsti sirovine",Tone,Biomasa,3.26414
2017,"Potrošnja domaćih materijala po stanovniku, prema vrsti sirovine",Tone,Biomasa,2.78267
2018,"Potrošnja domaćih materijala po stanovniku, prema vrsti sirovine",Tone,Biomasa,3.39949
2019,"Potrošnja domaćih materijala po stanovniku, prema vrsti sirovine",Tone,Biomasa,3.51815
2000,"Potrošnja domaćih materijala po stanovniku, prema vrsti sirovine",Tone,Ugalj,1.96685
2001,"Potrošnja domaćih materijala po stanovniku, prema vrsti sirovine",Tone,Ugalj,1.99573
2002,"Potrošnja domaćih materijala po stanovniku, prema vrsti sirovine",Tone,Ugalj,2.06789
2003,"Potrošnja domaćih materijala po stanovniku, prema vrsti sirovine",Tone,Ugalj,2.24046
2004,"Potrošnja domaćih materijala po stanovniku, prema vrsti sirovine",Tone,Ugalj,2.32347
2005,"Potrošnja domaćih materijala po stanovniku, prema vrsti sirovine",Tone,Ugalj,2.49965
2006,"Potrošnja domaćih materijala po stanovniku, prema vrsti sirovine",Tone,Ugalj,2.72931
2007,"Potrošnja domaćih materijala po stanovniku, prema vrsti sirovine",Tone,Ugalj,2.68365
2008,"Potrošnja domaćih materijala po stanovniku, prema vrsti sirovine",Tone,Ugalj,3.08796
2009,"Potrošnja domaćih materijala po stanovniku, prema vrsti sirovine",Tone,Ugalj,3.24336
2010,"Potrošnja domaćih materijala po stanovniku, prema vrsti sirovine",Tone,Ugalj,3.20714
2011,"Potrošnja domaćih materijala po stanovniku, prema vrsti sirovine",Tone,Ugalj,3.70264
2012,"Potrošnja domaćih materijala po stanovniku, prema vrsti sirovine",Tone,Ugalj,3.53956
2013,"Potrošnja domaćih materijala po stanovniku, prema vrsti sirovine",Tone,Ugalj,3.54909
2014,"Potrošnja domaćih materijala po stanovniku, prema vrsti sirovine",Tone,Ugalj,3.63228
2015,"Potrošnja domaćih materijala po stanovniku, prema vrsti sirovine",Tone,Ugalj,3.84736
2016,"Potrošnja domaćih materijala po stanovniku, prema vrsti sirovine",Tone,Ugalj,4.35102
2017,"Potrošnja domaćih materijala po stanovniku, prema vrsti sirovine",Tone,Ugalj,4.55235
2018,"Potrošnja domaćih materijala po stanovniku, prema vrsti sirovine",Tone,Ugalj,4.75971
2019,"Potrošnja domaćih materijala po stanovniku, prema vrsti sirovine",Tone,Ugalj,5.05564
2000,"Potrošnja domaćih materijala po stanovniku, prema vrsti sirovine",Tone,Ostaci usjeva,0.33995
2001,"Potrošnja domaćih materijala po stanovniku, prema vrsti sirovine",Tone,Ostaci usjeva,0.43442
2002,"Potrošnja domaćih materijala po stanovniku, prema vrsti sirovine",Tone,Ostaci usjeva,0.49739
2003,"Potrošnja domaćih materijala po stanovniku, prema vrsti sirovine",Tone,Ostaci usjeva,0.30594
2004,"Potrošnja domaćih materijala po stanovniku, prema vrsti sirovine",Tone,Ostaci usjeva,0.54609
2005,"Potrošnja domaćih materijala po stanovniku, prema vrsti sirovine",Tone,Ostaci usjeva,0.52252
2006,"Potrošnja domaćih materijala po stanovniku, prema vrsti sirovine",Tone,Ostaci usjeva,0.51706
2007,"Potrošnja domaćih materijala po stanovniku, prema vrsti sirovine",Tone,Ostaci usjeva,0.38303
2008,"Potrošnja domaćih materijala po stanovniku, prema vrsti sirovine",Tone,Ostaci usjeva,0.52794
2009,"Potrošnja domaćih materijala po stanovniku, prema vrsti sirovine",Tone,Ostaci usjeva,0.53095
2010,"Potrošnja domaćih materijala po stanovniku, prema vrsti sirovine",Tone,Ostaci usjeva,0.43655
2011,"Potrošnja domaćih materijala po stanovniku, prema vrsti sirovine",Tone,Ostaci usjeva,0.44098
2012,"Potrošnja domaćih materijala po stanovniku, prema vrsti sirovine",Tone,Ostaci usjeva,0.35425
2013,"Potrošnja domaćih materijala po stanovniku, prema vrsti sirovine",Tone,Ostaci usjeva,0.48951
2014,"Potrošnja domaćih materijala po stanovniku, prema vrsti sirovine",Tone,Ostaci usjeva,0.44769
2015,"Potrošnja domaćih materijala po stanovniku, prema vrsti sirovine",Tone,Ostaci usjeva,0.47583
2016,"Potrošnja domaćih materijala po stanovniku, prema vrsti sirovine",Tone,Ostaci usjeva,0.69881
2017,"Potrošnja domaćih materijala po stanovniku, prema vrsti sirovine",Tone,Ostaci usjeva,0.49026
2018,"Potrošnja domaćih materijala po stanovniku, prema vrsti sirovine",Tone,Ostaci usjeva,0.75175
2019,"Potrošnja domaćih materijala po stanovniku, prema vrsti sirovine",Tone,Ostaci usjeva,0.7592
2000,"Potrošnja domaćih materijala po stanovniku, prema vrsti sirovine",Tone,Usjevi,0.82726
2001,"Potrošnja domaćih materijala po stanovniku, prema vrsti sirovine",Tone,Usjevi,1.00305
2002,"Potrošnja domaćih materijala po stanovniku, prema vrsti sirovine",Tone,Usjevi,0.94311
2003,"Potrošnja domaćih materijala po stanovniku, prema vrsti sirovine",Tone,Usjevi,0.70471
2004,"Potrošnja domaćih materijala po stanovniku, prema vrsti sirovine",Tone,Usjevi,1.16369
2005,"Potrošnja domaćih materijala po stanovniku, prema vrsti sirovine",Tone,Usjevi,1.13542
2006,"Potrošnja domaćih materijala po stanovniku, prema vrsti sirovine",Tone,Usjevi,1.09678
2007,"Potrošnja domaćih materijala po stanovniku, prema vrsti sirovine",Tone,Usjevi,0.9971
2008,"Potrošnja domaćih materijala po stanovniku, prema vrsti sirovine",Tone,Usjevi,1.12042
2009,"Potrošnja domaćih materijala po stanovniku, prema vrsti sirovine",Tone,Usjevi,1.09826
2010,"Potrošnja domaćih materijala po stanovniku, prema vrsti sirovine",Tone,Usjevi,1.02595
2011,"Potrošnja domaćih materijala po stanovniku, prema vrsti sirovine",Tone,Usjevi,1.03345
2012,"Potrošnja domaćih materijala po stanovniku, prema vrsti sirovine",Tone,Usjevi,0.92331
2013,"Potrošnja domaćih materijala po stanovniku, prema vrsti sirovine",Tone,Usjevi,1.12377
2014,"Potrošnja domaćih materijala po stanovniku, prema vrsti sirovine",Tone,Usjevi,1.03808
2015,"Potrošnja domaćih materijala po stanovniku, prema vrsti sirovine",Tone,Usjevi,1.14174
2016,"Potrošnja domaćih materijala po stanovniku, prema vrsti sirovine",Tone,Usjevi,1.3502
2017,"Potrošnja domaćih materijala po stanovniku, prema vrsti sirovine",Tone,Usjevi,1.14346
2018,"Potrošnja domaćih materijala po stanovniku, prema vrsti sirovine",Tone,Usjevi,1.41392
2019,"Potrošnja domaćih materijala po stanovniku, prema vrsti sirovine",Tone,Usjevi,1.41321
2000,"Potrošnja domaćih materijala po stanovniku, prema vrsti sirovine",Tone,Rude željeza,0.09677
2001,"Potrošnja domaćih materijala po stanovniku, prema vrsti sirovine",Tone,Rude željeza,0.0703
2002,"Potrošnja domaćih materijala po stanovniku, prema vrsti sirovine",Tone,Rude željeza,0.05639
2003,"Potrošnja domaćih materijala po stanovniku, prema vrsti sirovine",Tone,Rude željeza,0.08027
2004,"Potrošnja domaćih materijala po stanovniku, prema vrsti sirovine",Tone,Rude željeza,0.1232
2005,"Potrošnja domaćih materijala po stanovniku, prema vrsti sirovine",Tone,Rude željeza,0.49246
2006,"Potrošnja domaćih materijala po stanovniku, prema vrsti sirovine",Tone,Rude željeza,0.50163
2007,"Potrošnja domaćih materijala po stanovniku, prema vrsti sirovine",Tone,Rude željeza,0.44725
2008,"Potrošnja domaćih materijala po stanovniku, prema vrsti sirovine",Tone,Rude željeza,0.57663
2009,"Potrošnja domaćih materijala po stanovniku, prema vrsti sirovine",Tone,Rude željeza,0.63231
2010,"Potrošnja domaćih materijala po stanovniku, prema vrsti sirovine",Tone,Rude željeza,0.26833
2011,"Potrošnja domaćih materijala po stanovniku, prema vrsti sirovine",Tone,Rude željeza,0.35823
2012,"Potrošnja domaćih materijala po stanovniku, prema vrsti sirovine",Tone,Rude željeza,0.30919
2013,"Potrošnja domaćih materijala po stanovniku, prema vrsti sirovine",Tone,Rude željeza,0.39631
2014,"Potrošnja domaćih materijala po stanovniku, prema vrsti sirovine",Tone,Rude željeza,0.4134
2015,"Potrošnja domaćih materijala po stanovniku, prema vrsti sirovine",Tone,Rude željeza,0.54462
2016,"Potrošnja domaćih materijala po stanovniku, prema vrsti sirovine",Tone,Rude željeza,0.44157
2017,"Potrošnja domaćih materijala po stanovniku, prema vrsti sirovine",Tone,Rude željeza,0.46571
2018,"Potrošnja domaćih materijala po stanovniku, prema vrsti sirovine",Tone,Rude željeza,0.41356
2019,"Potrošnja domaćih materijala po stanovniku, prema vrsti sirovine",Tone,Rude željeza,0.39741
2000,"Potrošnja domaćih materijala po stanovniku, prema vrsti sirovine",Tone,Fosilna goriva,2.15229
2001,"Potrošnja domaćih materijala po stanovniku, prema vrsti sirovine",Tone,Fosilna goriva,2.09481
2002,"Potrošnja domaćih materijala po stanovniku, prema vrsti sirovine",Tone,Fosilna goriva,2.16027
2003,"Potrošnja domaćih materijala po stanovniku, prema vrsti sirovine",Tone,Fosilna goriva,2.29718
2004,"Potrošnja domaćih materijala po stanovniku, prema vrsti sirovine",Tone,Fosilna goriva,2.42779
2005,"Potrošnja domaćih materijala po stanovniku, prema vrsti sirovine",Tone,Fosilna goriva,2.60424
2006,"Potrošnja domaćih materijala po stanovniku, prema vrsti sirovine",Tone,Fosilna goriva,2.80334
2007,"Potrošnja domaćih materijala po stanovniku, prema vrsti sirovine",Tone,Fosilna goriva,2.76034
2008,"Potrošnja domaćih materijala po stanovniku, prema vrsti sirovine",Tone,Fosilna goriva,3.18904
2009,"Potrošnja domaćih materijala po stanovniku, prema vrsti sirovine",Tone,Fosilna goriva,3.53458
2010,"Potrošnja domaćih materijala po stanovniku, prema vrsti sirovine",Tone,Fosilna goriva,3.55006
2011,"Potrošnja domaćih materijala po stanovniku, prema vrsti sirovine",Tone,Fosilna goriva,4.07062
2012,"Potrošnja domaćih materijala po stanovniku, prema vrsti sirovine",Tone,Fosilna goriva,3.8662
2013,"Potrošnja domaćih materijala po stanovniku, prema vrsti sirovine",Tone,Fosilna goriva,3.87385
2014,"Potrošnja domaćih materijala po stanovniku, prema vrsti sirovine",Tone,Fosilna goriva,3.93617
2015,"Potrošnja domaćih materijala po stanovniku, prema vrsti sirovine",Tone,Fosilna goriva,4.1569
2016,"Potrošnja domaćih materijala po stanovniku, prema vrsti sirovine",Tone,Fosilna goriva,4.66478
2017,"Potrošnja domaćih materijala po stanovniku, prema vrsti sirovine",Tone,Fosilna goriva,4.85336
2018,"Potrošnja domaćih materijala po stanovniku, prema vrsti sirovine",Tone,Fosilna goriva,5.01431
2019,"Potrošnja domaćih materijala po stanovniku, prema vrsti sirovine",Tone,Fosilna goriva,5.32783
2000,"Potrošnja domaćih materijala po stanovniku, prema vrsti sirovine",Tone,Prirodni gas,0.04362
2001,"Potrošnja domaćih materijala po stanovniku, prema vrsti sirovine",Tone,Prirodni gas,0.02851
2002,"Potrošnja domaćih materijala po stanovniku, prema vrsti sirovine",Tone,Prirodni gas,0.02694
2003,"Potrošnja domaćih materijala po stanovniku, prema vrsti sirovine",Tone,Prirodni gas,0.0352
2004,"Potrošnja domaćih materijala po stanovniku, prema vrsti sirovine",Tone,Prirodni gas,0.05544
2005,"Potrošnja domaćih materijala po stanovniku, prema vrsti sirovine",Tone,Prirodni gas,0.06582
2006,"Potrošnja domaćih materijala po stanovniku, prema vrsti sirovine",Tone,Prirodni gas,0.06925
2007,"Potrošnja domaćih materijala po stanovniku, prema vrsti sirovine",Tone,Prirodni gas,0.07324
2008,"Potrošnja domaćih materijala po stanovniku, prema vrsti sirovine",Tone,Prirodni gas,0.07285
2009,"Potrošnja domaćih materijala po stanovniku, prema vrsti sirovine",Tone,Prirodni gas,0.04176
2010,"Potrošnja domaćih materijala po stanovniku, prema vrsti sirovine",Tone,Prirodni gas,0.04417
2011,"Potrošnja domaćih materijala po stanovniku, prema vrsti sirovine",Tone,Prirodni gas,0.05087
2012,"Potrošnja domaćih materijala po stanovniku, prema vrsti sirovine",Tone,Prirodni gas,0.04758
2013,"Potrošnja domaćih materijala po stanovniku, prema vrsti sirovine",Tone,Prirodni gas,0.03768
2014,"Potrošnja domaćih materijala po stanovniku, prema vrsti sirovine",Tone,Prirodni gas,0.03566
2015,"Potrošnja domaćih materijala po stanovniku, prema vrsti sirovine",Tone,Prirodni gas,0.04243
2016,"Potrošnja domaćih materijala po stanovniku, prema vrsti sirovine",Tone,Prirodni gas,0.04473
2017,"Potrošnja domaćih materijala po stanovniku, prema vrsti sirovine",Tone,Prirodni gas,0.04888
2018,"Potrošnja domaćih materijala po stanovniku, prema vrsti sirovine",Tone,Prirodni gas,0.04912
2019,"Potrošnja domaćih materijala po stanovniku, prema vrsti sirovine",Tone,Prirodni gas,0.0498
2000,"Potrošnja domaćih materijala po stanovniku, prema vrsti sirovine",Tone,Stočna hrana i krmno bilje,0.70588
2001,"Potrošnja domaćih materijala po stanovniku, prema vrsti sirovine",Tone,Stočna hrana i krmno bilje,0.68107
2002,"Potrošnja domaćih materijala po stanovniku, prema vrsti sirovine",Tone,Stočna hrana i krmno bilje,0.64274
2003,"Potrošnja domaćih materijala po stanovniku, prema vrsti sirovine",Tone,Stočna hrana i krmno bilje,0.68804
2004,"Potrošnja domaćih materijala po stanovniku, prema vrsti sirovine",Tone,Stočna hrana i krmno bilje,0.72523
2005,"Potrošnja domaćih materijala po stanovniku, prema vrsti sirovine",Tone,Stočna hrana i krmno bilje,0.73455
2006,"Potrošnja domaćih materijala po stanovniku, prema vrsti sirovine",Tone,Stočna hrana i krmno bilje,0.81591
2007,"Potrošnja domaćih materijala po stanovniku, prema vrsti sirovine",Tone,Stočna hrana i krmno bilje,0.76327
2008,"Potrošnja domaćih materijala po stanovniku, prema vrsti sirovine",Tone,Stočna hrana i krmno bilje,0.75129
2009,"Potrošnja domaćih materijala po stanovniku, prema vrsti sirovine",Tone,Stočna hrana i krmno bilje,0.75533
2010,"Potrošnja domaćih materijala po stanovniku, prema vrsti sirovine",Tone,Stočna hrana i krmno bilje,0.76264
2011,"Potrošnja domaćih materijala po stanovniku, prema vrsti sirovine",Tone,Stočna hrana i krmno bilje,0.75896
2012,"Potrošnja domaćih materijala po stanovniku, prema vrsti sirovine",Tone,Stočna hrana i krmno bilje,0.75371
2013,"Potrošnja domaćih materijala po stanovniku, prema vrsti sirovine",Tone,Stočna hrana i krmno bilje,0.77249
2014,"Potrošnja domaćih materijala po stanovniku, prema vrsti sirovine",Tone,Stočna hrana i krmno bilje,0.78306
2015,"Potrošnja domaćih materijala po stanovniku, prema vrsti sirovine",Tone,Stočna hrana i krmno bilje,0.80777
2016,"Potrošnja domaćih materijala po stanovniku, prema vrsti sirovine",Tone,Stočna hrana i krmno bilje,0.81762
2017,"Potrošnja domaćih materijala po stanovniku, prema vrsti sirovine",Tone,Stočna hrana i krmno bilje,0.81097
2018,"Potrošnja domaćih materijala po stanovniku, prema vrsti sirovine",Tone,Stočna hrana i krmno bilje,0.80666
2019,"Potrošnja domaćih materijala po stanovniku, prema vrsti sirovine",Tone,Stočna hrana i krmno bilje,0.80886
2000,"Potrošnja domaćih materijala po stanovniku, prema vrsti sirovine",Tone,Metalne rude,0.1681
2001,"Potrošnja domaćih materijala po stanovniku, prema vrsti sirovine",Tone,Metalne rude,0.09772
2002,"Potrošnja domaćih materijala po stanovniku, prema vrsti sirovine",Tone,Metalne rude,0.08991
2003,"Potrošnja domaćih materijala po stanovniku, prema vrsti sirovine",Tone,Metalne rude,0.25214
2004,"Potrošnja domaćih materijala po stanovniku, prema vrsti sirovine",Tone,Metalne rude,0.29717
2005,"Potrošnja domaćih materijala po stanovniku, prema vrsti sirovine",Tone,Metalne rude,0.73427
2006,"Potrošnja domaćih materijala po stanovniku, prema vrsti sirovine",Tone,Metalne rude,0.6931
2007,"Potrošnja domaćih materijala po stanovniku, prema vrsti sirovine",Tone,Metalne rude,0.59598
2008,"Potrošnja domaćih materijala po stanovniku, prema vrsti sirovine",Tone,Metalne rude,0.77925
2009,"Potrošnja domaćih materijala po stanovniku, prema vrsti sirovine",Tone,Metalne rude,0.73648
2010,"Potrošnja domaćih materijala po stanovniku, prema vrsti sirovine",Tone,Metalne rude,0.41057
2011,"Potrošnja domaćih materijala po stanovniku, prema vrsti sirovine",Tone,Metalne rude,0.54023
2012,"Potrošnja domaćih materijala po stanovniku, prema vrsti sirovine",Tone,Metalne rude,0.50591
2013,"Potrošnja domaćih materijala po stanovniku, prema vrsti sirovine",Tone,Metalne rude,0.58568
2014,"Potrošnja domaćih materijala po stanovniku, prema vrsti sirovine",Tone,Metalne rude,0.59533
2015,"Potrošnja domaćih materijala po stanovniku, prema vrsti sirovine",Tone,Metalne rude,0.78207
2016,"Potrošnja domaćih materijala po stanovniku, prema vrsti sirovine",Tone,Metalne rude,0.65656
2017,"Potrošnja domaćih materijala po stanovniku, prema vrsti sirovine",Tone,Metalne rude,0.6808
2018,"Potrošnja domaćih materijala po stanovniku, prema vrsti sirovine",Tone,Metalne rude,0.66773
2019,"Potrošnja domaćih materijala po stanovniku, prema vrsti sirovine",Tone,Metalne rude,0.65267
2000,"Potrošnja domaćih materijala po stanovniku, prema vrsti sirovine",Tone,Rude obojenih metala,0.07134
2001,"Potrošnja domaćih materijala po stanovniku, prema vrsti sirovine",Tone,Rude obojenih metala,0.02743
2002,"Potrošnja domaćih materijala po stanovniku, prema vrsti sirovine",Tone,Rude obojenih metala,0.03352
2003,"Potrošnja domaćih materijala po stanovniku, prema vrsti sirovine",Tone,Rude obojenih metala,0.17187
2004,"Potrošnja domaćih materijala po stanovniku, prema vrsti sirovine",Tone,Rude obojenih metala,0.17397
2005,"Potrošnja domaćih materijala po stanovniku, prema vrsti sirovine",Tone,Rude obojenih metala,0.24181
2006,"Potrošnja domaćih materijala po stanovniku, prema vrsti sirovine",Tone,Rude obojenih metala,0.19148
2007,"Potrošnja domaćih materijala po stanovniku, prema vrsti sirovine",Tone,Rude obojenih metala,0.14872
2008,"Potrošnja domaćih materijala po stanovniku, prema vrsti sirovine",Tone,Rude obojenih metala,0.20261
2009,"Potrošnja domaćih materijala po stanovniku, prema vrsti sirovine",Tone,Rude obojenih metala,0.10417
2010,"Potrošnja domaćih materijala po stanovniku, prema vrsti sirovine",Tone,Rude obojenih metala,0.14224
2011,"Potrošnja domaćih materijala po stanovniku, prema vrsti sirovine",Tone,Rude obojenih metala,0.182
2012,"Potrošnja domaćih materijala po stanovniku, prema vrsti sirovine",Tone,Rude obojenih metala,0.19671
2013,"Potrošnja domaćih materijala po stanovniku, prema vrsti sirovine",Tone,Rude obojenih metala,0.18937
2014,"Potrošnja domaćih materijala po stanovniku, prema vrsti sirovine",Tone,Rude obojenih metala,0.18193
2015,"Potrošnja domaćih materijala po stanovniku, prema vrsti sirovine",Tone,Rude obojenih metala,0.23745
2016,"Potrošnja domaćih materijala po stanovniku, prema vrsti sirovine",Tone,Rude obojenih metala,0.21499
2017,"Potrošnja domaćih materijala po stanovniku, prema vrsti sirovine",Tone,Rude obojenih metala,0.21509
2018,"Potrošnja domaćih materijala po stanovniku, prema vrsti sirovine",Tone,Rude obojenih metala,0.25417
2019,"Potrošnja domaćih materijala po stanovniku, prema vrsti sirovine",Tone,Rude obojenih metala,0.25526
2000,"Potrošnja domaćih materijala po stanovniku, prema vrsti sirovine",Tone,Nemetalni minerali - dominantni u industriji ili poljoprivredi,0.10943
2001,"Potrošnja domaćih materijala po stanovniku, prema vrsti sirovine",Tone,Nemetalni minerali - dominantni u industriji ili poljoprivredi,0.13942
2002,"Potrošnja domaćih materijala po stanovniku, prema vrsti sirovine",Tone,Nemetalni minerali - dominantni u industriji ili poljoprivredi,0.04607
2003,"Potrošnja domaćih materijala po stanovniku, prema vrsti sirovine",Tone,Nemetalni minerali - dominantni u industriji ili poljoprivredi,0.08761
2004,"Potrošnja domaćih materijala po stanovniku, prema vrsti sirovine",Tone,Nemetalni minerali - dominantni u industriji ili poljoprivredi,0.13588
2005,"Potrošnja domaćih materijala po stanovniku, prema vrsti sirovine",Tone,Nemetalni minerali - dominantni u industriji ili poljoprivredi,0.19862
2006,"Potrošnja domaćih materijala po stanovniku, prema vrsti sirovine",Tone,Nemetalni minerali - dominantni u industriji ili poljoprivredi,0.35223
2007,"Potrošnja domaćih materijala po stanovniku, prema vrsti sirovine",Tone,Nemetalni minerali - dominantni u industriji ili poljoprivredi,0.42364
2008,"Potrošnja domaćih materijala po stanovniku, prema vrsti sirovine",Tone,Nemetalni minerali - dominantni u industriji ili poljoprivredi,0.4501
2009,"Potrošnja domaćih materijala po stanovniku, prema vrsti sirovine",Tone,Nemetalni minerali - dominantni u industriji ili poljoprivredi,0.37312
2010,"Potrošnja domaćih materijala po stanovniku, prema vrsti sirovine",Tone,Nemetalni minerali - dominantni u industriji ili poljoprivredi,0.30845
2011,"Potrošnja domaćih materijala po stanovniku, prema vrsti sirovine",Tone,Nemetalni minerali - dominantni u industriji ili poljoprivredi,0.31825
2012,"Potrošnja domaćih materijala po stanovniku, prema vrsti sirovine",Tone,Nemetalni minerali - dominantni u industriji ili poljoprivredi,0.33326
2013,"Potrošnja domaćih materijala po stanovniku, prema vrsti sirovine",Tone,Nemetalni minerali - dominantni u industriji ili poljoprivredi,0.32326
2014,"Potrošnja domaćih materijala po stanovniku, prema vrsti sirovine",Tone,Nemetalni minerali - dominantni u industriji ili poljoprivredi,0.37169
2015,"Potrošnja domaćih materijala po stanovniku, prema vrsti sirovine",Tone,Nemetalni minerali - dominantni u industriji ili poljoprivredi,0.40165
2016,"Potrošnja domaćih materijala po stanovniku, prema vrsti sirovine",Tone,Nemetalni minerali - dominantni u industriji ili poljoprivredi,0.43234
2017,"Potrošnja domaćih materijala po stanovniku, prema vrsti sirovine",Tone,Nemetalni minerali - dominantni u industriji ili poljoprivredi,0.45378
2018,"Potrošnja domaćih materijala po stanovniku, prema vrsti sirovine",Tone,Nemetalni minerali - dominantni u industriji ili poljoprivredi,0.49092
2019,"Potrošnja domaćih materijala po stanovniku, prema vrsti sirovine",Tone,Nemetalni minerali - dominantni u industriji ili poljoprivredi,0.48513
2000,"Potrošnja domaćih materijala po stanovniku, prema vrsti sirovine",Tone,Nemetalni minerali - dominantna gradnja,1.70518
2001,"Potrošnja domaćih materijala po stanovniku, prema vrsti sirovine",Tone,Nemetalni minerali - dominantna gradnja,1.88558
2002,"Potrošnja domaćih materijala po stanovniku, prema vrsti sirovine",Tone,Nemetalni minerali - dominantna gradnja,2.28075
2003,"Potrošnja domaćih materijala po stanovniku, prema vrsti sirovine",Tone,Nemetalni minerali - dominantna gradnja,3.7492
2004,"Potrošnja domaćih materijala po stanovniku, prema vrsti sirovine",Tone,Nemetalni minerali - dominantna gradnja,3.58777
2005,"Potrošnja domaćih materijala po stanovniku, prema vrsti sirovine",Tone,Nemetalni minerali - dominantna gradnja,3.45544
2006,"Potrošnja domaćih materijala po stanovniku, prema vrsti sirovine",Tone,Nemetalni minerali - dominantna gradnja,4.03769
2007,"Potrošnja domaćih materijala po stanovniku, prema vrsti sirovine",Tone,Nemetalni minerali - dominantna gradnja,4.5986
2008,"Potrošnja domaćih materijala po stanovniku, prema vrsti sirovine",Tone,Nemetalni minerali - dominantna gradnja,4.90705
2009,"Potrošnja domaćih materijala po stanovniku, prema vrsti sirovine",Tone,Nemetalni minerali - dominantna gradnja,4.05747
2010,"Potrošnja domaćih materijala po stanovniku, prema vrsti sirovine",Tone,Nemetalni minerali - dominantna gradnja,4.2657
2011,"Potrošnja domaćih materijala po stanovniku, prema vrsti sirovine",Tone,Nemetalni minerali - dominantna gradnja,4.18568
2012,"Potrošnja domaćih materijala po stanovniku, prema vrsti sirovine",Tone,Nemetalni minerali - dominantna gradnja,5.01631
2013,"Potrošnja domaćih materijala po stanovniku, prema vrsti sirovine",Tone,Nemetalni minerali - dominantna gradnja,3.96143
2014,"Potrošnja domaćih materijala po stanovniku, prema vrsti sirovine",Tone,Nemetalni minerali - dominantna gradnja,3.72279
2015,"Potrošnja domaćih materijala po stanovniku, prema vrsti sirovine",Tone,Nemetalni minerali - dominantna gradnja,4.34552
2016,"Potrošnja domaćih materijala po stanovniku, prema vrsti sirovine",Tone,Nemetalni minerali - dominantna gradnja,4.65673
2017,"Potrošnja domaćih materijala po stanovniku, prema vrsti sirovine",Tone,Nemetalni minerali - dominantna gradnja,4.0901
2018,"Potrošnja domaćih materijala po stanovniku, prema vrsti sirovine",Tone,Nemetalni minerali - dominantna gradnja,4.6217
2019,"Potrošnja domaćih materijala po stanovniku, prema vrsti sirovine",Tone,Nemetalni minerali - dominantna gradnja,4.47897
2000,"Potrošnja domaćih materijala po stanovniku, prema vrsti sirovine",Tone,Nemetalni minerali,1.81461
2001,"Potrošnja domaćih materijala po stanovniku, prema vrsti sirovine",Tone,Nemetalni minerali,2.025
2002,"Potrošnja domaćih materijala po stanovniku, prema vrsti sirovine",Tone,Nemetalni minerali,2.32682
2003,"Potrošnja domaćih materijala po stanovniku, prema vrsti sirovine",Tone,Nemetalni minerali,3.83681
2004,"Potrošnja domaćih materijala po stanovniku, prema vrsti sirovine",Tone,Nemetalni minerali,3.72365
2005,"Potrošnja domaćih materijala po stanovniku, prema vrsti sirovine",Tone,Nemetalni minerali,3.65407
2006,"Potrošnja domaćih materijala po stanovniku, prema vrsti sirovine",Tone,Nemetalni minerali,4.38992
2007,"Potrošnja domaćih materijala po stanovniku, prema vrsti sirovine",Tone,Nemetalni minerali,5.02225
2008,"Potrošnja domaćih materijala po stanovniku, prema vrsti sirovine",Tone,Nemetalni minerali,5.35716
2009,"Potrošnja domaćih materijala po stanovniku, prema vrsti sirovine",Tone,Nemetalni minerali,4.43059
2010,"Potrošnja domaćih materijala po stanovniku, prema vrsti sirovine",Tone,Nemetalni minerali,4.57415
2011,"Potrošnja domaćih materijala po stanovniku, prema vrsti sirovine",Tone,Nemetalni minerali,4.50393
2012,"Potrošnja domaćih materijala po stanovniku, prema vrsti sirovine",Tone,Nemetalni minerali,5.34957
2013,"Potrošnja domaćih materijala po stanovniku, prema vrsti sirovine",Tone,Nemetalni minerali,4.28469
2014,"Potrošnja domaćih materijala po stanovniku, prema vrsti sirovine",Tone,Nemetalni minerali,4.09448
2015,"Potrošnja domaćih materijala po stanovniku, prema vrsti sirovine",Tone,Nemetalni minerali,4.74717
2016,"Potrošnja domaćih materijala po stanovniku, prema vrsti sirovine",Tone,Nemetalni minerali,5.08907
2017,"Potrošnja domaćih materijala po stanovniku, prema vrsti sirovine",Tone,Nemetalni minerali,4.54387
2018,"Potrošnja domaćih materijala po stanovniku, prema vrsti sirovine",Tone,Nemetalni minerali,5.11262
2019,"Potrošnja domaćih materijala po stanovniku, prema vrsti sirovine",Tone,Nemetalni minerali,4.9641
2000,"Potrošnja domaćih materijala po stanovniku, prema vrsti sirovine",Tone,Nemetalni minerali - Uljni škriljci i katranski pijesak,0.0
2001,"Potrošnja domaćih materijala po stanovniku, prema vrsti sirovine",Tone,Nemetalni minerali - Uljni škriljci i katranski pijesak,0.0
2002,"Potrošnja domaćih materijala po stanovniku, prema vrsti sirovine",Tone,Nemetalni minerali - Uljni škriljci i katranski pijesak,0.0
2003,"Potrošnja domaćih materijala po stanovniku, prema vrsti sirovine",Tone,Nemetalni minerali - Uljni škriljci i katranski pijesak,0.0
2004,"Potrošnja domaćih materijala po stanovniku, prema vrsti sirovine",Tone,Nemetalni minerali - Uljni škriljci i katranski pijesak,0.0
2005,"Potrošnja domaćih materijala po stanovniku, prema vrsti sirovine",Tone,Nemetalni minerali - Uljni škriljci i katranski pijesak,0.0
2006,"Potrošnja domaćih materijala po stanovniku, prema vrsti sirovine",Tone,Nemetalni minerali - Uljni škriljci i katranski pijesak,0.0
2007,"Potrošnja domaćih materijala po stanovniku, prema vrsti sirovine",Tone,Nemetalni minerali - Uljni škriljci i katranski pijesak,0.0
2008,"Potrošnja domaćih materijala po stanovniku, prema vrsti sirovine",Tone,Nemetalni minerali - Uljni škriljci i katranski pijesak,0.0
2009,"Potrošnja domaćih materijala po stanovniku, prema vrsti sirovine",Tone,Nemetalni minerali - Uljni škriljci i katranski pijesak,0.0
2010,"Potrošnja domaćih materijala po stanovniku, prema vrsti sirovine",Tone,Nemetalni minerali - Uljni škriljci i katranski pijesak,0.0
2011,"Potrošnja domaćih materijala po stanovniku, prema vrsti sirovine",Tone,Nemetalni minerali - Uljni škriljci i katranski pijesak,0.0
2012,"Potrošnja domaćih materijala po stanovniku, prema vrsti sirovine",Tone,Nemetalni minerali - Uljni škriljci i katranski pijesak,0.0
2013,"Potrošnja domaćih materijala po stanovniku, prema vrsti sirovine",Tone,Nemetalni minerali - Uljni škriljci i katranski pijesak,0.0
2014,"Potrošnja domaćih materijala po stanovniku, prema vrsti sirovine",Tone,Nemetalni minerali - Uljni škriljci i katranski pijesak,0.0
2015,"Potrošnja domaćih materijala po stanovniku, prema vrsti sirovine",Tone,Nemetalni minerali - Uljni škriljci i katranski pijesak,0.0
2016,"Potrošnja domaćih materijala po stanovniku, prema vrsti sirovine",Tone,Nemetalni minerali - Uljni škriljci i katranski pijesak,0.0
2017,"Potrošnja domaćih materijala po stanovniku, prema vrsti sirovine",Tone,Nemetalni minerali - Uljni škriljci i katranski pijesak,0.0
2018,"Potrošnja domaćih materijala po stanovniku, prema vrsti sirovine",Tone,Nemetalni minerali - Uljni škriljci i katranski pijesak,0.0
2019,"Potrošnja domaćih materijala po stanovniku, prema vrsti sirovine",Tone,Nemetalni minerali - Uljni škriljci i katranski pijesak,0.0
2000,"Potrošnja domaćih materijala po stanovniku, prema vrsti sirovine",Tone,MF421,0.30478
2001,"Potrošnja domaćih materijala po stanovniku, prema vrsti sirovine",Tone,MF421,0.29778
2002,"Potrošnja domaćih materijala po stanovniku, prema vrsti sirovine",Tone,MF421,0.28789
2003,"Potrošnja domaćih materijala po stanovniku, prema vrsti sirovine",Tone,MF421,0.26751
2004,"Potrošnja domaćih materijala po stanovniku, prema vrsti sirovine",Tone,MF421,0.31391
2005,"Potrošnja domaćih materijala po stanovniku, prema vrsti sirovine",Tone,MF421,0.29618
2006,"Potrošnja domaćih materijala po stanovniku, prema vrsti sirovine",Tone,MF421,0.31777
2007,"Potrošnja domaćih materijala po stanovniku, prema vrsti sirovine",Tone,MF421,0.33863
2008,"Potrošnja domaćih materijala po stanovniku, prema vrsti sirovine",Tone,MF421,0.39085
2009,"Potrošnja domaćih materijala po stanovniku, prema vrsti sirovine",Tone,MF421,0.43693
2010,"Potrošnja domaćih materijala po stanovniku, prema vrsti sirovine",Tone,MF421,0.44867
2011,"Potrošnja domaćih materijala po stanovniku, prema vrsti sirovine",Tone,MF421,0.46464
2012,"Potrošnja domaćih materijala po stanovniku, prema vrsti sirovine",Tone,MF421,0.42021
2013,"Potrošnja domaćih materijala po stanovniku, prema vrsti sirovine",Tone,MF421,0.41304
2014,"Potrošnja domaćih materijala po stanovniku, prema vrsti sirovine",Tone,MF421,0.38839
2015,"Potrošnja domaćih materijala po stanovniku, prema vrsti sirovine",Tone,MF421,0.40346
2016,"Potrošnja domaćih materijala po stanovniku, prema vrsti sirovine",Tone,MF421,0.41748
2017,"Potrošnja domaćih materijala po stanovniku, prema vrsti sirovine",Tone,MF421,0.43051
2000,"Potrošnja domaćih materijala po stanovniku, prema vrsti sirovine",Tone,MF14,0.00225
2001,"Potrošnja domaćih materijala po stanovniku, prema vrsti sirovine",Tone,MF14,0.0023
2002,"Potrošnja domaćih materijala po stanovniku, prema vrsti sirovine",Tone,MF14,0.00296
2003,"Potrošnja domaćih materijala po stanovniku, prema vrsti sirovine",Tone,MF14,0.00311
2004,"Potrošnja domaćih materijala po stanovniku, prema vrsti sirovine",Tone,MF14,0.00361
2005,"Potrošnja domaćih materijala po stanovniku, prema vrsti sirovine",Tone,MF14,0.00408
2006,"Potrošnja domaćih materijala po stanovniku, prema vrsti sirovine",Tone,MF14,0.00296
2007,"Potrošnja domaćih materijala po stanovniku, prema vrsti sirovine",Tone,MF14,0.00292
2008,"Potrošnja domaćih materijala po stanovniku, prema vrsti sirovine",Tone,MF14,0.00291
2009,"Potrošnja domaćih materijala po stanovniku, prema vrsti sirovine",Tone,MF14,0.00271
2010,"Potrošnja domaćih materijala po stanovniku, prema vrsti sirovine",Tone,MF14,0.00245
2011,"Potrošnja domaćih materijala po stanovniku, prema vrsti sirovine",Tone,MF14,0.00225
2012,"Potrošnja domaćih materijala po stanovniku, prema vrsti sirovine",Tone,MF14,0.0023
2013,"Potrošnja domaćih materijala po stanovniku, prema vrsti sirovine",Tone,MF14,0.00246
2014,"Potrošnja domaćih materijala po stanovniku, prema vrsti sirovine",Tone,MF14,0.00248
2015,"Potrošnja domaćih materijala po stanovniku, prema vrsti sirovine",Tone,MF14,0.00246
2016,"Potrošnja domaćih materijala po stanovniku, prema vrsti sirovine",Tone,MF14,0.00242
2017,"Potrošnja domaćih materijala po stanovniku, prema vrsti sirovine",Tone,MF14,0.00238
2000,"Potrošnja domaćih materijala po stanovniku, prema vrsti sirovine",Tone,MF13,0.65807
2001,"Potrošnja domaćih materijala po stanovniku, prema vrsti sirovine",Tone,MF13,0.5795
2002,"Potrošnja domaćih materijala po stanovniku, prema vrsti sirovine",Tone,MF13,0.65011
2003,"Potrošnja domaćih materijala po stanovniku, prema vrsti sirovine",Tone,MF13,0.63242
2004,"Potrošnja domaćih materijala po stanovniku, prema vrsti sirovine",Tone,MF13,0.48414
2005,"Potrošnja domaćih materijala po stanovniku, prema vrsti sirovine",Tone,MF13,0.50906
2006,"Potrošnja domaćih materijala po stanovniku, prema vrsti sirovine",Tone,MF13,0.56101
2007,"Potrošnja domaćih materijala po stanovniku, prema vrsti sirovine",Tone,MF13,0.49105
2008,"Potrošnja domaćih materijala po stanovniku, prema vrsti sirovine",Tone,MF13,0.54082
2009,"Potrošnja domaćih materijala po stanovniku, prema vrsti sirovine",Tone,MF13,0.4581
2010,"Potrošnja domaćih materijala po stanovniku, prema vrsti sirovine",Tone,MF13,0.51753
2011,"Potrošnja domaćih materijala po stanovniku, prema vrsti sirovine",Tone,MF13,0.54586
2012,"Potrošnja domaćih materijala po stanovniku, prema vrsti sirovine",Tone,MF13,0.57248
2013,"Potrošnja domaćih materijala po stanovniku, prema vrsti sirovine",Tone,MF13,0.61619
2014,"Potrošnja domaćih materijala po stanovniku, prema vrsti sirovine",Tone,MF13,0.59812
2015,"Potrošnja domaćih materijala po stanovniku, prema vrsti sirovine",Tone,MF13,0.56402
2016,"Potrošnja domaćih materijala po stanovniku, prema vrsti sirovine",Tone,MF13,0.5637
2017,"Potrošnja domaćih materijala po stanovniku, prema vrsti sirovine",Tone,MF13,0.56187
2000,"Potrošnja domaćih materijala, po jedinici BDP-a",Kilogrami po konstanti američkog dolara,_T,1.93849
2001,"Potrošnja domaćih materijala, po jedinici BDP-a",Kilogrami po konstanti američkog dolara,_T,1.98851
2002,"Potrošnja domaćih materijala, po jedinici BDP-a",Kilogrami po konstanti američkog dolara,_T,2.02977
2003,"Potrošnja domaćih materijala, po jedinici BDP-a",Kilogrami po konstanti američkog dolara,_T,2.33932
2004,"Potrošnja domaćih materijala, po jedinici BDP-a",Kilogrami po konstanti američkog dolara,_T,2.26058
2005,"Potrošnja domaćih materijala, po jedinici BDP-a",Kilogrami po konstanti američkog dolara,_T,2.15715
2006,"Potrošnja domaćih materijala, po jedinici BDP-a",Kilogrami po konstanti američkog dolara,_T,2.15715
2007,"Potrošnja domaćih materijala, po jedinici BDP-a",Kilogrami po konstanti američkog dolara,_T,2.30617
2008,"Potrošnja domaćih materijala, po jedinici BDP-a",Kilogrami po konstanti američkog dolara,_T,2.2313
2009,"Potrošnja domaćih materijala, po jedinici BDP-a",Kilogrami po konstanti američkog dolara,_T,2.36588
2010,"Potrošnja domaćih materijala, po jedinici BDP-a",Kilogrami po konstanti američkog dolara,_T,2.36948
2011,"Potrošnja domaćih materijala, po jedinici BDP-a",Kilogrami po konstanti američkog dolara,_T,2.26028
2012,"Potrošnja domaćih materijala, po jedinici BDP-a",Kilogrami po konstanti američkog dolara,_T,2.32958
2013,"Potrošnja domaćih materijala, po jedinici BDP-a",Kilogrami po konstanti američkog dolara,_T,2.29121
2014,"Potrošnja domaćih materijala, po jedinici BDP-a",Kilogrami po konstanti američkog dolara,_T,2.38481
2015,"Potrošnja domaćih materijala, po jedinici BDP-a",Kilogrami po konstanti američkog dolara,_T,2.40347
2016,"Potrošnja domaćih materijala, po jedinici BDP-a",Kilogrami po konstanti američkog dolara,_T,2.48015
2017,"Potrošnja domaćih materijala, po jedinici BDP-a",Kilogrami po konstanti američkog dolara,_T,2.5021
2000,"Potrošnja domaćih materijala, po jedinici BDP-a",Kilogrami po konstanti američkog dolara,MF1,0.57457
2001,"Potrošnja domaćih materijala, po jedinici BDP-a",Kilogrami po konstanti američkog dolara,MF1,0.6069
2002,"Potrošnja domaćih materijala, po jedinici BDP-a",Kilogrami po konstanti američkog dolara,MF1,0.59854
2003,"Potrošnja domaćih materijala, po jedinici BDP-a",Kilogrami po konstanti američkog dolara,MF1,0.46078
2004,"Potrošnja domaćih materijala, po jedinici BDP-a",Kilogrami po konstanti američkog dolara,MF1,0.57956
2005,"Potrošnja domaćih materijala, po jedinici BDP-a",Kilogrami po konstanti američkog dolara,MF1,0.55821
2006,"Potrošnja domaćih materijala, po jedinici BDP-a",Kilogrami po konstanti američkog dolara,MF1,0.54704
2007,"Potrošnja domaćih materijala, po jedinici BDP-a",Kilogrami po konstanti američkog dolara,MF1,0.47096
2008,"Potrošnja domaćih materijala, po jedinici BDP-a",Kilogrami po konstanti američkog dolara,MF1,0.50694
2009,"Potrošnja domaćih materijala, po jedinici BDP-a",Kilogrami po konstanti američkog dolara,MF1,0.49865
2010,"Potrošnja domaćih materijala, po jedinici BDP-a",Kilogrami po konstanti američkog dolara,MF1,0.48301
2011,"Potrošnja domaćih materijala, po jedinici BDP-a",Kilogrami po konstanti američkog dolara,MF1,0.47923
2012,"Potrošnja domaćih materijala, po jedinici BDP-a",Kilogrami po konstanti američkog dolara,MF1,0.43436
2013,"Potrošnja domaćih materijala, po jedinici BDP-a",Kilogrami po konstanti američkog dolara,MF1,0.4953
2014,"Potrošnja domaćih materijala, po jedinici BDP-a",Kilogrami po konstanti američkog dolara,MF1,0.46572
2015,"Potrošnja domaćih materijala, po jedinici BDP-a",Kilogrami po konstanti američkog dolara,MF1,0.45083
2016,"Potrošnja domaćih materijala, po jedinici BDP-a",Kilogrami po konstanti američkog dolara,MF1,0.44286
2017,"Potrošnja domaćih materijala, po jedinici BDP-a",Kilogrami po konstanti američkog dolara,MF1,0.43543
2000,"Potrošnja domaćih materijala, po jedinici BDP-a",Kilogrami po konstanti američkog dolara,MF41,0.6121
2001,"Potrošnja domaćih materijala, po jedinici BDP-a",Kilogrami po konstanti američkog dolara,MF41,0.60552
2002,"Potrošnja domaćih materijala, po jedinici BDP-a",Kilogrami po konstanti američkog dolara,MF41,0.59792
2003,"Potrošnja domaćih materijala, po jedinici BDP-a",Kilogrami po konstanti američkog dolara,MF41,0.62397
2004,"Potrošnja domaćih materijala, po jedinici BDP-a",Kilogrami po konstanti američkog dolara,MF41,0.59436
2005,"Potrošnja domaćih materijala, po jedinici BDP-a",Kilogrami po konstanti američkog dolara,MF41,0.60173
2006,"Potrošnja domaćih materijala, po jedinici BDP-a",Kilogrami po konstanti američkog dolara,MF41,0.6241
2007,"Potrošnja domaćih materijala, po jedinici BDP-a",Kilogrami po konstanti američkog dolara,MF41,0.57697
2008,"Potrošnja domaćih materijala, po jedinici BDP-a",Kilogrami po konstanti američkog dolara,MF41,0.63089
2009,"Potrošnja domaćih materijala, po jedinici BDP-a",Kilogrami po konstanti američkog dolara,MF41,0.68873
2010,"Potrošnja domaćih materijala, po jedinici BDP-a",Kilogrami po konstanti američkog dolara,MF41,0.66184
2011,"Potrošnja domaćih materijala, po jedinici BDP-a",Kilogrami po konstanti američkog dolara,MF41,0.7573
2012,"Potrošnja domaćih materijala, po jedinici BDP-a",Kilogrami po konstanti američkog dolara,MF41,0.73041
2013,"Potrošnja domaćih materijala, po jedinici BDP-a",Kilogrami po konstanti američkog dolara,MF41,0.69965
2014,"Potrošnja domaćih materijala, po jedinici BDP-a",Kilogrami po konstanti američkog dolara,MF41,0.69103
2015,"Potrošnja domaćih materijala, po jedinici BDP-a",Kilogrami po konstanti američkog dolara,MF41,0.74676
2016,"Potrošnja domaćih materijala, po jedinici BDP-a",Kilogrami po konstanti američkog dolara,MF41,0.74675
2017,"Potrošnja domaćih materijala, po jedinici BDP-a",Kilogrami po konstanti američkog dolara,MF41,0.74686
2000,"Potrošnja domaćih materijala, po jedinici BDP-a",Kilogrami po konstanti američkog dolara,MF121,0.10577
2001,"Potrošnja domaćih materijala, po jedinici BDP-a",Kilogrami po konstanti američkog dolara,MF121,0.13179
2002,"Potrošnja domaćih materijala, po jedinici BDP-a",Kilogrami po konstanti američkog dolara,MF121,0.14381
2003,"Potrošnja domaćih materijala, po jedinici BDP-a",Kilogrami po konstanti američkog dolara,MF121,0.0852
2004,"Potrošnja domaćih materijala, po jedinici BDP-a",Kilogrami po konstanti američkog dolara,MF121,0.14313
2005,"Potrošnja domaćih materijala, po jedinici BDP-a",Kilogrami po konstanti američkog dolara,MF121,0.13185
2006,"Potrošnja domaćih materijala, po jedinici BDP-a",Kilogrami po konstanti američkog dolara,MF121,0.12377
2007,"Potrošnja domaćih materijala, po jedinici BDP-a",Kilogrami po konstanti američkog dolara,MF121,0.08656
2008,"Potrošnja domaćih materijala, po jedinici BDP-a",Kilogrami po konstanti američkog dolara,MF121,0.11291
2009,"Potrošnja domaćih materijala, po jedinici BDP-a",Kilogrami po konstanti američkog dolara,MF121,0.11648
2010,"Potrošnja domaćih materijala, po jedinici BDP-a",Kilogrami po konstanti američkog dolara,MF121,0.09415
2011,"Potrošnja domaćih materijala, po jedinici BDP-a",Kilogrami po konstanti američkog dolara,MF121,0.09306
2012,"Potrošnja domaćih materijala, po jedinici BDP-a",Kilogrami po konstanti američkog dolara,MF121,0.07421
2013,"Potrošnja domaćih materijala, po jedinici BDP-a",Kilogrami po konstanti američkog dolara,MF121,0.09852
2014,"Potrošnja domaćih materijala, po jedinici BDP-a",Kilogrami po konstanti američkog dolara,MF121,0.08755
2015,"Potrošnja domaćih materijala, po jedinici BDP-a",Kilogrami po konstanti američkog dolara,MF121,0.08499
2016,"Potrošnja domaćih materijala, po jedinici BDP-a",Kilogrami po konstanti američkog dolara,MF121,0.08244
2017,"Potrošnja domaćih materijala, po jedinici BDP-a",Kilogrami po konstanti američkog dolara,MF121,0.08006
2000,"Potrošnja domaćih materijala, po jedinici BDP-a",Kilogrami po konstanti američkog dolara,MF11,0.24453
2001,"Potrošnja domaćih materijala, po jedinici BDP-a",Kilogrami po konstanti američkog dolara,MF11,0.2926
2002,"Potrošnja domaćih materijala, po jedinici BDP-a",Kilogrami po konstanti američkog dolara,MF11,0.26429
2003,"Potrošnja domaćih materijala, po jedinici BDP-a",Kilogrami po konstanti američkog dolara,MF11,0.1969
2004,"Potrošnja domaćih materijala, po jedinici BDP-a",Kilogrami po konstanti američkog dolara,MF11,0.30693
2005,"Potrošnja domaćih materijala, po jedinici BDP-a",Kilogrami po konstanti američkog dolara,MF11,0.2882
2006,"Potrošnja domaćih materijala, po jedinici BDP-a",Kilogrami po konstanti američkog dolara,MF11,0.26408
2007,"Potrošnja domaćih materijala, po jedinici BDP-a",Kilogrami po konstanti američkog dolara,MF11,0.22665
2008,"Potrošnja domaćih materijala, po jedinici BDP-a",Kilogrami po konstanti američkog dolara,MF11,0.24105
2009,"Potrošnja domaćih materijala, po jedinici BDP-a",Kilogrami po konstanti američkog dolara,MF11,0.24252
2010,"Potrošnja domaćih materijala, po jedinici BDP-a",Kilogrami po konstanti američkog dolara,MF11,0.22227
2011,"Potrošnja domaćih materijala, po jedinici BDP-a",Kilogrami po konstanti američkog dolara,MF11,0.21978
2012,"Potrošnja domaćih materijala, po jedinici BDP-a",Kilogrami po konstanti američkog dolara,MF11,0.19512
2013,"Potrošnja domaćih materijala, po jedinici BDP-a",Kilogrami po konstanti američkog dolara,MF11,0.22769
2014,"Potrošnja domaćih materijala, po jedinici BDP-a",Kilogrami po konstanti američkog dolara,MF11,0.21617
2015,"Potrošnja domaćih materijala, po jedinici BDP-a",Kilogrami po konstanti američkog dolara,MF11,0.21256
2016,"Potrošnja domaćih materijala, po jedinici BDP-a",Kilogrami po konstanti američkog dolara,MF11,0.20889
2017,"Potrošnja domaćih materijala, po jedinici BDP-a",Kilogrami po konstanti američkog dolara,MF11,0.20546
2000,"Potrošnja domaćih materijala, po jedinici BDP-a",Kilogrami po konstanti američkog dolara,MF21,0.03012
2001,"Potrošnja domaćih materijala, po jedinici BDP-a",Kilogrami po konstanti američkog dolara,MF21,0.02133
2002,"Potrošnja domaćih materijala, po jedinici BDP-a",Kilogrami po konstanti američkog dolara,MF21,0.01631
2003,"Potrošnja domaćih materijala, po jedinici BDP-a",Kilogrami po konstanti američkog dolara,MF21,0.02012
2004,"Potrošnja domaćih materijala, po jedinici BDP-a",Kilogrami po konstanti američkog dolara,MF21,0.02561
2005,"Potrošnja domaćih materijala, po jedinici BDP-a",Kilogrami po konstanti američkog dolara,MF21,0.12936
2006,"Potrošnja domaćih materijala, po jedinici BDP-a",Kilogrami po konstanti američkog dolara,MF21,0.13142
2007,"Potrošnja domaćih materijala, po jedinici BDP-a",Kilogrami po konstanti američkog dolara,MF21,0.1202
2008,"Potrošnja domaćih materijala, po jedinici BDP-a",Kilogrami po konstanti američkog dolara,MF21,0.13732
2009,"Potrošnja domaćih materijala, po jedinici BDP-a",Kilogrami po konstanti američkog dolara,MF21,0.13702
2010,"Potrošnja domaćih materijala, po jedinici BDP-a",Kilogrami po konstanti američkog dolara,MF21,0.04898
2011,"Potrošnja domaćih materijala, po jedinici BDP-a",Kilogrami po konstanti američkog dolara,MF21,0.06148
2012,"Potrošnja domaćih materijala, po jedinici BDP-a",Kilogrami po konstanti američkog dolara,MF21,0.05558
2013,"Potrošnja domaćih materijala, po jedinici BDP-a",Kilogrami po konstanti američkog dolara,MF21,0.0744
2014,"Potrošnja domaćih materijala, po jedinici BDP-a",Kilogrami po konstanti američkog dolara,MF21,0.07805
2015,"Potrošnja domaćih materijala, po jedinici BDP-a",Kilogrami po konstanti američkog dolara,MF21,0.08118
2016,"Potrošnja domaćih materijala, po jedinici BDP-a",Kilogrami po konstanti američkog dolara,MF21,0.084
2017,"Potrošnja domaćih materijala, po jedinici BDP-a",Kilogrami po konstanti američkog dolara,MF21,0.08666
2000,"Potrošnja domaćih materijala, po jedinici BDP-a",Kilogrami po konstanti američkog dolara,MF4,0.72149
2001,"Potrošnja domaćih materijala, po jedinici BDP-a",Kilogrami po konstanti američkog dolara,MF4,0.70527
2002,"Potrošnja domaćih materijala, po jedinici BDP-a",Kilogrami po konstanti američkog dolara,MF4,0.68965
2003,"Potrošnja domaćih materijala, po jedinici BDP-a",Kilogrami po konstanti američkog dolara,MF4,0.70903
2004,"Potrošnja domaćih materijala, po jedinici BDP-a",Kilogrami po konstanti američkog dolara,MF4,0.69216
2005,"Potrošnja domaćih materijala, po jedinici BDP-a",Kilogrami po konstanti američkog dolara,MF4,0.69411
2006,"Potrošnja domaćih materijala, po jedinici BDP-a",Kilogrami po konstanti američkog dolara,MF4,0.71773
2007,"Potrošnja domaćih materijala, po jedinici BDP-a",Kilogrami po konstanti američkog dolara,MF4,0.67098
2008,"Potrošnja domaćih materijala, po jedinici BDP-a",Kilogrami po konstanti američkog dolara,MF4,0.73092
2009,"Potrošnja domaćih materijala, po jedinici BDP-a",Kilogrami po konstanti američkog dolara,MF4,0.79441
2010,"Potrošnja domaćih materijala, po jedinici BDP-a",Kilogrami po konstanti američkog dolara,MF4,0.769
2011,"Potrošnja domaćih materijala, po jedinici BDP-a",Kilogrami po konstanti američkog dolara,MF4,0.86734
2012,"Potrošnja domaćih materijala, po jedinici BDP-a",Kilogrami po konstanti američkog dolara,MF4,0.82995
2013,"Potrošnja domaćih materijala, po jedinici BDP-a",Kilogrami po konstanti američkog dolara,MF4,0.79216
2014,"Potrošnja domaćih materijala, po jedinici BDP-a",Kilogrami po konstanti američkog dolara,MF4,0.77609
2015,"Potrošnja domaćih materijala, po jedinici BDP-a",Kilogrami po konstanti američkog dolara,MF4,0.83334
2016,"Potrošnja domaćih materijala, po jedinici BDP-a",Kilogrami po konstanti američkog dolara,MF4,0.83285
2017,"Potrošnja domaćih materijala, po jedinici BDP-a",Kilogrami po konstanti američkog dolara,MF4,0.83253
2000,"Potrošnja domaćih materijala, po jedinici BDP-a",Kilogrami po konstanti američkog dolara,MF422,0.01415
2001,"Potrošnja domaćih materijala, po jedinici BDP-a",Kilogrami po konstanti američkog dolara,MF422,0.00902
2002,"Potrošnja domaćih materijala, po jedinici BDP-a",Kilogrami po konstanti američkog dolara,MF422,0.00812
2003,"Potrošnja domaćih materijala, po jedinici BDP-a",Kilogrami po konstanti američkog dolara,MF422,0.01022
2004,"Potrošnja domaćih materijala, po jedinici BDP-a",Kilogrami po konstanti američkog dolara,MF422,0.01515
2005,"Potrošnja domaćih materijala, po jedinici BDP-a",Kilogrami po konstanti američkog dolara,MF422,0.01732
2006,"Potrošnja domaćih materijala, po jedinici BDP-a",Kilogrami po konstanti američkog dolara,MF422,0.01728
2007,"Potrošnja domaćih materijala, po jedinici BDP-a",Kilogrami po konstanti američkog dolara,MF422,0.01726
2008,"Potrošnja domaćih materijala, po jedinici BDP-a",Kilogrami po konstanti američkog dolara,MF422,0.01624
2009,"Potrošnja domaćih materijala, po jedinici BDP-a",Kilogrami po konstanti američkog dolara,MF422,0.00955
2010,"Potrošnja domaćih materijala, po jedinici BDP-a",Kilogrami po konstanti američkog dolara,MF422,0.00993
2011,"Potrošnja domaćih materijala, po jedinici BDP-a",Kilogrami po konstanti američkog dolara,MF422,0.0112
2012,"Potrošnja domaćih materijala, po jedinici BDP-a",Kilogrami po konstanti američkog dolara,MF422,0.0104
2013,"Potrošnja domaćih materijala, po jedinici BDP-a",Kilogrami po konstanti američkog dolara,MF422,0.00791
2014,"Potrošnja domaćih materijala, po jedinici BDP-a",Kilogrami po konstanti američkog dolara,MF422,0.00727
2015,"Potrošnja domaćih materijala, po jedinici BDP-a",Kilogrami po konstanti američkog dolara,MF422,0.00884
2016,"Potrošnja domaćih materijala, po jedinici BDP-a",Kilogrami po konstanti američkog dolara,MF422,0.00854
2017,"Potrošnja domaćih materijala, po jedinici BDP-a",Kilogrami po konstanti američkog dolara,MF422,0.00825
2000,"Potrošnja domaćih materijala, po jedinici BDP-a",Kilogrami po konstanti američkog dolara,MF122,0.01792
2001,"Potrošnja domaćih materijala, po jedinici BDP-a",Kilogrami po konstanti američkog dolara,MF122,0.00525
2002,"Potrošnja domaćih materijala, po jedinici BDP-a",Kilogrami po konstanti američkog dolara,MF122,0.0008
2003,"Potrošnja domaćih materijala, po jedinici BDP-a",Kilogrami po konstanti američkog dolara,MF122,0.00088
2004,"Potrošnja domaćih materijala, po jedinici BDP-a",Kilogrami po konstanti američkog dolara,MF122,0.00108
2005,"Potrošnja domaćih materijala, po jedinici BDP-a",Kilogrami po konstanti američkog dolara,MF122,0.00812
2006,"Potrošnja domaćih materijala, po jedinici BDP-a",Kilogrami po konstanti američkog dolara,MF122,0.02367
2007,"Potrošnja domaćih materijala, po jedinici BDP-a",Kilogrami po konstanti američkog dolara,MF122,0.04579
2008,"Potrošnja domaćih materijala, po jedinici BDP-a",Kilogrami po konstanti američkog dolara,MF122,0.03642
2009,"Potrošnja domaćih materijala, po jedinici BDP-a",Kilogrami po konstanti američkog dolara,MF122,0.03826
2010,"Potrošnja domaćih materijala, po jedinici BDP-a",Kilogrami po konstanti američkog dolara,MF122,0.05391
2011,"Potrošnja domaćih materijala, po jedinici BDP-a",Kilogrami po konstanti američkog dolara,MF122,0.04979
2012,"Potrošnja domaćih materijala, po jedinici BDP-a",Kilogrami po konstanti američkog dolara,MF122,0.04309
2013,"Potrošnja domaćih materijala, po jedinici BDP-a",Kilogrami po konstanti američkog dolara,MF122,0.04239
2014,"Potrošnja domaćih materijala, po jedinici BDP-a",Kilogrami po konstanti američkog dolara,MF122,0.04169
2015,"Potrošnja domaćih materijala, po jedinici BDP-a",Kilogrami po konstanti američkog dolara,MF122,0.04412
2016,"Potrošnja domaćih materijala, po jedinici BDP-a",Kilogrami po konstanti američkog dolara,MF122,0.04635
2017,"Potrošnja domaćih materijala, po jedinici BDP-a",Kilogrami po konstanti američkog dolara,MF122,0.04844
2000,"Potrošnja domaćih materijala, po jedinici BDP-a",Kilogrami po konstanti američkog dolara,MF2,0.05125
2001,"Potrošnja domaćih materijala, po jedinici BDP-a",Kilogrami po konstanti američkog dolara,MF2,0.0286
2002,"Potrošnja domaćih materijala, po jedinici BDP-a",Kilogrami po konstanti američkog dolara,MF2,0.02179
2003,"Potrošnja domaćih materijala, po jedinici BDP-a",Kilogrami po konstanti američkog dolara,MF2,0.0671
2004,"Potrošnja domaćih materijala, po jedinici BDP-a",Kilogrami po konstanti američkog dolara,MF2,0.0726
2005,"Potrošnja domaćih materijala, po jedinici BDP-a",Kilogrami po konstanti američkog dolara,MF2,0.19352
2006,"Potrošnja domaćih materijala, po jedinici BDP-a",Kilogrami po konstanti američkog dolara,MF2,0.17653
2007,"Potrošnja domaćih materijala, po jedinici BDP-a",Kilogrami po konstanti američkog dolara,MF2,0.15846
2008,"Potrošnja domaćih materijala, po jedinici BDP-a",Kilogrami po konstanti američkog dolara,MF2,0.18824
2009,"Potrošnja domaćih materijala, po jedinici BDP-a",Kilogrami po konstanti američkog dolara,MF2,0.16468
2010,"Potrošnja domaćih materijala, po jedinici BDP-a",Kilogrami po konstanti američkog dolara,MF2,0.10023
2011,"Potrošnja domaćih materijala, po jedinici BDP-a",Kilogrami po konstanti američkog dolara,MF2,0.11178
2012,"Potrošnja domaćih materijala, po jedinici BDP-a",Kilogrami po konstanti američkog dolara,MF2,0.10819
2013,"Potrošnja domaćih materijala, po jedinici BDP-a",Kilogrami po konstanti američkog dolara,MF2,0.1248
2014,"Potrošnja domaćih materijala, po jedinici BDP-a",Kilogrami po konstanti američkog dolara,MF2,0.12141
2015,"Potrošnja domaćih materijala, po jedinici BDP-a",Kilogrami po konstanti američkog dolara,MF2,0.12544
2016,"Potrošnja domaćih materijala, po jedinici BDP-a",Kilogrami po konstanti američkog dolara,MF2,0.12903
2017,"Potrošnja domaćih materijala, po jedinici BDP-a",Kilogrami po konstanti američkog dolara,MF2,0.13244
2000,"Potrošnja domaćih materijala, po jedinici BDP-a",Kilogrami po konstanti američkog dolara,MF22,0.02113
2001,"Potrošnja domaćih materijala, po jedinici BDP-a",Kilogrami po konstanti američkog dolara,MF22,0.00727
2002,"Potrošnja domaćih materijala, po jedinici BDP-a",Kilogrami po konstanti američkog dolara,MF22,0.00548
2003,"Potrošnja domaćih materijala, po jedinici BDP-a",Kilogrami po konstanti američkog dolara,MF22,0.04699
2004,"Potrošnja domaćih materijala, po jedinici BDP-a",Kilogrami po konstanti američkog dolara,MF22,0.04699
2005,"Potrošnja domaćih materijala, po jedinici BDP-a",Kilogrami po konstanti američkog dolara,MF22,0.06416
2006,"Potrošnja domaćih materijala, po jedinici BDP-a",Kilogrami po konstanti američkog dolara,MF22,0.04511
2007,"Potrošnja domaćih materijala, po jedinici BDP-a",Kilogrami po konstanti američkog dolara,MF22,0.03826
2008,"Potrošnja domaćih materijala, po jedinici BDP-a",Kilogrami po konstanti američkog dolara,MF22,0.05092
2009,"Potrošnja domaćih materijala, po jedinici BDP-a",Kilogrami po konstanti američkog dolara,MF22,0.02766
2010,"Potrošnja domaćih materijala, po jedinici BDP-a",Kilogrami po konstanti američkog dolara,MF22,0.05125
2011,"Potrošnja domaćih materijala, po jedinici BDP-a",Kilogrami po konstanti američkog dolara,MF22,0.0503
2012,"Potrošnja domaćih materijala, po jedinici BDP-a",Kilogrami po konstanti američkog dolara,MF22,0.0526
2013,"Potrošnja domaćih materijala, po jedinici BDP-a",Kilogrami po konstanti američkog dolara,MF22,0.0504
2014,"Potrošnja domaćih materijala, po jedinici BDP-a",Kilogrami po konstanti američkog dolara,MF22,0.04335
2015,"Potrošnja domaćih materijala, po jedinici BDP-a",Kilogrami po konstanti američkog dolara,MF22,0.04425
2016,"Potrošnja domaćih materijala, po jedinici BDP-a",Kilogrami po konstanti američkog dolara,MF22,0.04503
2017,"Potrošnja domaćih materijala, po jedinici BDP-a",Kilogrami po konstanti američkog dolara,MF22,0.04578
2000,"Potrošnja domaćih materijala, po jedinici BDP-a",Kilogrami po konstanti američkog dolara,MF_AGG3B,0.0591
2001,"Potrošnja domaćih materijala, po jedinici BDP-a",Kilogrami po konstanti američkog dolara,MF_AGG3B,0.07705
2002,"Potrošnja domaćih materijala, po jedinici BDP-a",Kilogrami po konstanti američkog dolara,MF_AGG3B,0.06679
2003,"Potrošnja domaćih materijala, po jedinici BDP-a",Kilogrami po konstanti američkog dolara,MF_AGG3B,0.03509
2004,"Potrošnja domaćih materijala, po jedinici BDP-a",Kilogrami po konstanti američkog dolara,MF_AGG3B,0.04688
2005,"Potrošnja domaćih materijala, po jedinici BDP-a",Kilogrami po konstanti američkog dolara,MF_AGG3B,0.06634
2006,"Potrošnja domaćih materijala, po jedinici BDP-a",Kilogrami po konstanti američkog dolara,MF_AGG3B,0.10729
2007,"Potrošnja domaćih materijala, po jedinici BDP-a",Kilogrami po konstanti američkog dolara,MF_AGG3B,0.13823
2008,"Potrošnja domaćih materijala, po jedinici BDP-a",Kilogrami po konstanti američkog dolara,MF_AGG3B,0.13384
2009,"Potrošnja domaćih materijala, po jedinici BDP-a",Kilogrami po konstanti američkog dolara,MF_AGG3B,0.11479
2010,"Potrošnja domaćih materijala, po jedinici BDP-a",Kilogrami po konstanti američkog dolara,MF_AGG3B,0.08803
2011,"Potrošnja domaćih materijala, po jedinici BDP-a",Kilogrami po konstanti američkog dolara,MF_AGG3B,0.10815
2012,"Potrošnja domaćih materijala, po jedinici BDP-a",Kilogrami po konstanti američkog dolara,MF_AGG3B,0.1082
2013,"Potrošnja domaćih materijala, po jedinici BDP-a",Kilogrami po konstanti američkog dolara,MF_AGG3B,0.09168
2014,"Potrošnja domaćih materijala, po jedinici BDP-a",Kilogrami po konstanti američkog dolara,MF_AGG3B,0.10124
2015,"Potrošnja domaćih materijala, po jedinici BDP-a",Kilogrami po konstanti američkog dolara,MF_AGG3B,0.10345
2016,"Potrošnja domaćih materijala, po jedinici BDP-a",Kilogrami po konstanti američkog dolara,MF_AGG3B,0.10536
2017,"Potrošnja domaćih materijala, po jedinici BDP-a",Kilogrami po konstanti američkog dolara,MF_AGG3B,0.10718
2000,"Potrošnja domaćih materijala, po jedinici BDP-a",Kilogrami po konstanti američkog dolara,MF_AGG3A,0.53208
2001,"Potrošnja domaćih materijala, po jedinici BDP-a",Kilogrami po konstanti američkog dolara,MF_AGG3A,0.57069
2002,"Potrošnja domaćih materijala, po jedinici BDP-a",Kilogrami po konstanti američkog dolara,MF_AGG3A,0.653
2003,"Potrošnja domaćih materijala, po jedinici BDP-a",Kilogrami po konstanti američkog dolara,MF_AGG3A,1.06731
2004,"Potrošnja domaćih materijala, po jedinici BDP-a",Kilogrami po konstanti američkog dolara,MF_AGG3A,0.86938
2005,"Potrošnja domaćih materijala, po jedinici BDP-a",Kilogrami po konstanti američkog dolara,MF_AGG3A,0.64496
2006,"Potrošnja domaćih materijala, po jedinici BDP-a",Kilogrami po konstanti američkog dolara,MF_AGG3A,0.75758
2007,"Potrošnja domaćih materijala, po jedinici BDP-a",Kilogrami po konstanti američkog dolara,MF_AGG3A,0.79266
2008,"Potrošnja domaćih materijala, po jedinici BDP-a",Kilogrami po konstanti američkog dolara,MF_AGG3A,0.80594
2009,"Potrošnja domaćih materijala, po jedinici BDP-a",Kilogrami po konstanti američkog dolara,MF_AGG3A,0.79693
2010,"Potrošnja domaćih materijala, po jedinici BDP-a",Kilogrami po konstanti američkog dolara,MF_AGG3A,0.82002
2011,"Potrošnja domaćih materijala, po jedinici BDP-a",Kilogrami po konstanti američkog dolara,MF_AGG3A,0.76307
2012,"Potrošnja domaćih materijala, po jedinici BDP-a",Kilogrami po konstanti američkog dolara,MF_AGG3A,0.81051
2013,"Potrošnja domaćih materijala, po jedinici BDP-a",Kilogrami po konstanti američkog dolara,MF_AGG3A,0.88088
2014,"Potrošnja domaćih materijala, po jedinici BDP-a",Kilogrami po konstanti američkog dolara,MF_AGG3A,0.93902
2015,"Potrošnja domaćih materijala, po jedinici BDP-a",Kilogrami po konstanti američkog dolara,MF_AGG3A,0.9671
2016,"Potrošnja domaćih materijala, po jedinici BDP-a",Kilogrami po konstanti američkog dolara,MF_AGG3A,0.99199
2017,"Potrošnja domaćih materijala, po jedinici BDP-a",Kilogrami po konstanti američkog dolara,MF_AGG3A,1.01558
2000,"Potrošnja domaćih materijala, po jedinici BDP-a",Kilogrami po konstanti američkog dolara,MF3,0.59118
2001,"Potrošnja domaćih materijala, po jedinici BDP-a",Kilogrami po konstanti američkog dolara,MF3,0.64774
2002,"Potrošnja domaćih materijala, po jedinici BDP-a",Kilogrami po konstanti američkog dolara,MF3,0.71979
2003,"Potrošnja domaćih materijala, po jedinici BDP-a",Kilogrami po konstanti američkog dolara,MF3,1.1024
2004,"Potrošnja domaćih materijala, po jedinici BDP-a",Kilogrami po konstanti američkog dolara,MF3,0.91626
2005,"Potrošnja domaćih materijala, po jedinici BDP-a",Kilogrami po konstanti američkog dolara,MF3,0.71131
2006,"Potrošnja domaćih materijala, po jedinici BDP-a",Kilogrami po konstanti američkog dolara,MF3,0.86487
2007,"Potrošnja domaćih materijala, po jedinici BDP-a",Kilogrami po konstanti američkog dolara,MF3,0.9309
2008,"Potrošnja domaćih materijala, po jedinici BDP-a",Kilogrami po konstanti američkog dolara,MF3,0.93978
2009,"Potrošnja domaćih materijala, po jedinici BDP-a",Kilogrami po konstanti američkog dolara,MF3,0.91173
2010,"Potrošnja domaćih materijala, po jedinici BDP-a",Kilogrami po konstanti američkog dolara,MF3,0.90804
2011,"Potrošnja domaćih materijala, po jedinici BDP-a",Kilogrami po konstanti američkog dolara,MF3,0.87122
2012,"Potrošnja domaćih materijala, po jedinici BDP-a",Kilogrami po konstanti američkog dolara,MF3,0.91871
2013,"Potrošnja domaćih materijala, po jedinici BDP-a",Kilogrami po konstanti američkog dolara,MF3,0.97256
2014,"Potrošnja domaćih materijala, po jedinici BDP-a",Kilogrami po konstanti američkog dolara,MF3,1.04026
2015,"Potrošnja domaćih materijala, po jedinici BDP-a",Kilogrami po konstanti američkog dolara,MF3,1.07055
2016,"Potrošnja domaćih materijala, po jedinici BDP-a",Kilogrami po konstanti američkog dolara,MF3,1.09735
2017,"Potrošnja domaćih materijala, po jedinici BDP-a",Kilogrami po konstanti američkog dolara,MF3,1.12276
2000,"Potrošnja domaćih materijala, po jedinici BDP-a",Kilogrami po konstanti američkog dolara,MF421,0.09524
2001,"Potrošnja domaćih materijala, po jedinici BDP-a",Kilogrami po konstanti američkog dolara,MF421,0.09073
2002,"Potrošnja domaćih materijala, po jedinici BDP-a",Kilogrami po konstanti američkog dolara,MF421,0.0836
2003,"Potrošnja domaćih materijala, po jedinici BDP-a",Kilogrami po konstanti američkog dolara,MF421,0.07484
2004,"Potrošnja domaćih materijala, po jedinici BDP-a",Kilogrami po konstanti američkog dolara,MF421,0.08265
2005,"Potrošnja domaćih materijala, po jedinici BDP-a",Kilogrami po konstanti američkog dolara,MF421,0.07506
2006,"Potrošnja domaćih materijala, po jedinici BDP-a",Kilogrami po konstanti američkog dolara,MF421,0.07635
2007,"Potrošnja domaćih materijala, po jedinici BDP-a",Kilogrami po konstanti američkog dolara,MF421,0.07675
2008,"Potrošnja domaćih materijala, po jedinici BDP-a",Kilogrami po konstanti američkog dolara,MF421,0.0838
2009,"Potrošnja domaćih materijala, po jedinici BDP-a",Kilogrami po konstanti američkog dolara,MF421,0.09613
2010,"Potrošnja domaćih materijala, po jedinici BDP-a",Kilogrami po konstanti američkog dolara,MF421,0.09723
2011,"Potrošnja domaćih materijala, po jedinici BDP-a",Kilogrami po konstanti američkog dolara,MF421,0.09884
2012,"Potrošnja domaćih materijala, po jedinici BDP-a",Kilogrami po konstanti američkog dolara,MF421,0.08914
2013,"Potrošnja domaćih materijala, po jedinici BDP-a",Kilogrami po konstanti američkog dolara,MF421,0.08459
2014,"Potrošnja domaćih materijala, po jedinici BDP-a",Kilogrami po konstanti američkog dolara,MF421,0.07779
2015,"Potrošnja domaćih materijala, po jedinici BDP-a",Kilogrami po konstanti američkog dolara,MF421,0.07774
2016,"Potrošnja domaćih materijala, po jedinici BDP-a",Kilogrami po konstanti američkog dolara,MF421,0.07757
2017,"Potrošnja domaćih materijala, po jedinici BDP-a",Kilogrami po konstanti američkog dolara,MF421,0.07742
2000,"Potrošnja domaćih materijala, po jedinici BDP-a",Kilogrami po konstanti američkog dolara,MF14,0.0007
2001,"Potrošnja domaćih materijala, po jedinici BDP-a",Kilogrami po konstanti američkog dolara,MF14,0.0007
2002,"Potrošnja domaćih materijala, po jedinici BDP-a",Kilogrami po konstanti američkog dolara,MF14,0.00086
2003,"Potrošnja domaćih materijala, po jedinici BDP-a",Kilogrami po konstanti američkog dolara,MF14,0.00087
2004,"Potrošnja domaćih materijala, po jedinici BDP-a",Kilogrami po konstanti američkog dolara,MF14,0.00095
2005,"Potrošnja domaćih materijala, po jedinici BDP-a",Kilogrami po konstanti američkog dolara,MF14,0.00103
2006,"Potrošnja domaćih materijala, po jedinici BDP-a",Kilogrami po konstanti američkog dolara,MF14,0.00071
2007,"Potrošnja domaćih materijala, po jedinici BDP-a",Kilogrami po konstanti američkog dolara,MF14,0.00066
2008,"Potrošnja domaćih materijala, po jedinici BDP-a",Kilogrami po konstanti američkog dolara,MF14,0.00062
2009,"Potrošnja domaćih materijala, po jedinici BDP-a",Kilogrami po konstanti američkog dolara,MF14,0.0006
2010,"Potrošnja domaćih materijala, po jedinici BDP-a",Kilogrami po konstanti američkog dolara,MF14,0.00053
2011,"Potrošnja domaćih materijala, po jedinici BDP-a",Kilogrami po konstanti američkog dolara,MF14,0.00048
2012,"Potrošnja domaćih materijala, po jedinici BDP-a",Kilogrami po konstanti američkog dolara,MF14,0.00049
2013,"Potrošnja domaćih materijala, po jedinici BDP-a",Kilogrami po konstanti američkog dolara,MF14,0.0005
2014,"Potrošnja domaćih materijala, po jedinici BDP-a",Kilogrami po konstanti američkog dolara,MF14,0.0005
2015,"Potrošnja domaćih materijala, po jedinici BDP-a",Kilogrami po konstanti američkog dolara,MF14,0.00047
2016,"Potrošnja domaćih materijala, po jedinici BDP-a",Kilogrami po konstanti američkog dolara,MF14,0.00045
2017,"Potrošnja domaćih materijala, po jedinici BDP-a",Kilogrami po konstanti američkog dolara,MF14,0.00043
2000,"Potrošnja domaćih materijala, po jedinici BDP-a",Kilogrami po konstanti američkog dolara,MF13,0.20564
2001,"Potrošnja domaćih materijala, po jedinici BDP-a",Kilogrami po konstanti američkog dolara,MF13,0.17656
2002,"Potrošnja domaćih materijala, po jedinici BDP-a",Kilogrami po konstanti američkog dolara,MF13,0.1888
2003,"Potrošnja domaćih materijala, po jedinici BDP-a",Kilogrami po konstanti američkog dolara,MF13,0.17693
2004,"Potrošnja domaćih materijala, po jedinici BDP-a",Kilogrami po konstanti američkog dolara,MF13,0.12747
2005,"Potrošnja domaćih materijala, po jedinici BDP-a",Kilogrami po konstanti američkog dolara,MF13,0.12901
2006,"Potrošnja domaćih materijala, po jedinici BDP-a",Kilogrami po konstanti američkog dolara,MF13,0.1348
2007,"Potrošnja domaćih materijala, po jedinici BDP-a",Kilogrami po konstanti američkog dolara,MF13,0.1113
2008,"Potrošnja domaćih materijala, po jedinici BDP-a",Kilogrami po konstanti američkog dolara,MF13,0.11595
2009,"Potrošnja domaćih materijala, po jedinici BDP-a",Kilogrami po konstanti američkog dolara,MF13,0.10079
2010,"Potrošnja domaćih materijala, po jedinici BDP-a",Kilogrami po konstanti američkog dolara,MF13,0.11215
2011,"Potrošnja domaćih materijala, po jedinici BDP-a",Kilogrami po konstanti američkog dolara,MF13,0.11612
2012,"Potrošnja domaćih materijala, po jedinici BDP-a",Kilogrami po konstanti američkog dolara,MF13,0.12145
2013,"Potrošnja domaćih materijala, po jedinici BDP-a",Kilogrami po konstanti američkog dolara,MF13,0.1262
2014,"Potrošnja domaćih materijala, po jedinici BDP-a",Kilogrami po konstanti američkog dolara,MF13,0.1198
2015,"Potrošnja domaćih materijala, po jedinici BDP-a",Kilogrami po konstanti američkog dolara,MF13,0.10868
2016,"Potrošnja domaćih materijala, po jedinici BDP-a",Kilogrami po konstanti američkog dolara,MF13,0.10473
2017,"Potrošnja domaćih materijala, po jedinici BDP-a",Kilogrami po konstanti američkog dolara,MF13,0.10104
2000,Potrošnja domaćih materijala,Tone,_T,23365825.75365
2001,Potrošnja domaćih materijala,Tone,_T,24613314.28434
2002,Potrošnja domaćih materijala,Tone,_T,26390478.3
2003,Potrošnja domaćih materijala,Tone,_T,31600971.235
2004,Potrošnja domaćih materijala,Tone,_T,32465536.662
2005,Potrošnja domaćih materijala,Tone,_T,32188746.13883
2006,Potrošnja domaćih materijala,Tone,_T,36275747.38391
2007,Potrošnja domaćih materijala,Tone,_T,37152644.0546
2008,Potrošnja domaćih materijala,Tone,_T,41532236.07692
2009,Potrošnja domaćih materijala,Tone,_T,40348689.97848
2010,Potrošnja domaćih materijala,Tone,_T,38823258.16083
2011,Potrošnja domaćih materijala,Tone,_T,40395999.20143
2012,Potrošnja domaćih materijala,Tone,_T,39402478.74455
2013,Potrošnja domaćih materijala,Tone,_T,41976401.6291
2014,Potrošnja domaćih materijala,Tone,_T,42791244.54296
2015,Potrošnja domaćih materijala,Tone,_T,45513731.42272
2016,Potrošnja domaćih materijala,Tone,_T,47360105.11949
2017,Potrošnja domaćih materijala,Tone,_T,49206478.81624
2000,Potrošnja domaćih materijala,Tone,MF1,6925657.0
2001,Potrošnja domaćih materijala,Tone,MF1,7512072.0
2002,Potrošnja domaćih materijala,Tone,MF1,7782116.0
2003,Potrošnja domaćih materijala,Tone,MF1,6224523.0
2004,Potrošnja domaćih materijala,Tone,MF1,8323459.0
2005,Potrošnja domaćih materijala,Tone,MF1,8329607.0
2006,Potrošnja domaćih materijala,Tone,MF1,8604851.0
2007,Potrošnja domaćih materijala,Tone,MF1,7841856.0
2008,Potrošnja domaćih materijala,Tone,MF1,8899146.0
2009,Potrošnja domaćih materijala,Tone,MF1,8491325.0
2010,Potrošnja domaćih materijala,Tone,MF1,8296309.0
2011,Potrošnja domaćih materijala,Tone,MF1,8310136.0
2012,Potrošnja domaćih materijala,Tone,MF1,7469798.0
2013,Potrošnja domaćih materijala,Tone,MF1,8718073.0
2014,Potrošnja domaćih materijala,Tone,MF1,8291559.0
2015,Potrošnja domaćih materijala,Tone,MF1,8273228.0
2016,Potrošnja domaćih materijala,Tone,MF1,8382525.0
2017,Potrošnja domaćih materijala,Tone,MF1,8491821.0
2000,Potrošnja domaćih materijala,Tone,MF41,7378000.0
2001,Potrošnja domaćih materijala,Tone,MF41,7495000.0
2002,Potrošnja domaćih materijala,Tone,MF41,7774000.0
2003,Potrošnja domaćih materijala,Tone,MF41,8429000.0
2004,Potrošnja domaćih materijala,Tone,MF41,8536000.0
2005,Potrošnja domaćih materijala,Tone,MF41,8979000.0
2006,Potrošnja domaćih materijala,Tone,MF41,9817000.0
2007,Potrošnja domaćih materijala,Tone,MF41,9607000.0
2008,Potrošnja domaćih materijala,Tone,MF41,11075000.0
2009,Potrošnja domaćih materijala,Tone,MF41,11728000.0
2010,Potrošnja domaćih materijala,Tone,MF41,11368000.0
2011,Potrošnja domaćih materijala,Tone,MF41,13132000.0
2012,Potrošnja domaćih materijala,Tone,MF41,12561000.0
2013,Potrošnja domaćih materijala,Tone,MF41,12315000.0
2014,Potrošnja domaćih materijala,Tone,MF41,12303000.0
2015,Potrošnja domaćih materijala,Tone,MF41,13704000.0
2016,Potrošnja domaćih materijala,Tone,MF41,14134591.0
2017,Potrošnja domaćih materijala,Tone,MF41,14565182.0
2000,Potrošnja domaćih materijala,Tone,MF121,1274913.0
2001,Potrošnja domaćih materijala,Tone,MF121,1631232.0
2002,Potrošnja domaćih materijala,Tone,MF121,1869727.0
2003,Potrošnja domaćih materijala,Tone,MF121,1150939.0
2004,Potrošnja domaćih materijala,Tone,MF121,2055582.0
2005,Potrošnja domaćih materijala,Tone,MF121,1967457.0
2006,Potrošnja domaćih materijala,Tone,MF121,1946952.0
2007,Potrošnja domaćih materijala,Tone,MF121,1441252.0
2008,Potrošnja domaćih materijala,Tone,MF121,1982034.0
2009,Potrošnja domaćih materijala,Tone,MF121,1983541.0
2010,Potrošnja domaćih materijala,Tone,MF121,1617069.0
2011,Potrošnja domaćih materijala,Tone,MF121,1613679.0
2012,Potrošnja domaćih materijala,Tone,MF121,1276287.0
2013,Potrošnja domaćih materijala,Tone,MF121,1734085.0
2014,Potrošnja domaćih materijala,Tone,MF121,1558809.0
2015,Potrošnja domaćih materijala,Tone,MF121,1559670.0
2016,Potrošnja domaćih materijala,Tone,MF121,1560531.0
2017,Potrošnja domaćih materijala,Tone,MF121,1561392.0
2000,Potrošnja domaćih materijala,Tone,MF11,2947535.0
2001,Potrošnja domaćih materijala,Tone,MF11,3621751.0
2002,Potrošnja domaćih materijala,Tone,MF11,3436185.0
2003,Potrošnja domaćih materijala,Tone,MF11,2659906.0
2004,Potrošnja domaćih materijala,Tone,MF11,4408017.0
2005,Potrošnja domaćih materijala,Tone,MF11,4300520.0
2006,Potrošnja domaćih materijala,Tone,MF11,4153998.0
2007,Potrošnja domaćih materijala,Tone,MF11,3773949.0
2008,Potrošnja domaćih materijala,Tone,MF11,4231476.0
2009,Potrošnja domaćih materijala,Tone,MF11,4129768.0
2010,Potrošnja domaćih materijala,Tone,MF11,3817818.0
2011,Potrošnja domaćih materijala,Tone,MF11,3811119.0
2012,Potrošnja domaćih materijala,Tone,MF11,3355493.0
2013,Potrošnja domaćih materijala,Tone,MF11,4007620.0
2014,Potrošnja domaćih materijala,Tone,MF11,3848757.0
2015,Potrošnja domaćih materijala,Tone,MF11,3900797.0
2016,Potrošnja domaćih materijala,Tone,MF11,3953837.0
2017,Potrošnja domaćih materijala,Tone,MF11,4006877.0
2000,Potrošnja domaćih materijala,Tone,MF21,363000.0
2001,Potrošnja domaćih materijala,Tone,MF21,264000.0
2002,Potrošnja domaćih materijala,Tone,MF21,212000.0
2003,Potrošnja domaćih materijala,Tone,MF21,271762.0
2004,Potrošnja domaćih materijala,Tone,MF21,367790.0
2005,Potrošnja domaćih materijala,Tone,MF21,1930316.0
2006,Potrošnja domaćih materijala,Tone,MF21,2067141.0
2007,Potrošnja domaćih materijala,Tone,MF21,2001352.0
2008,Potrošnja domaćih materijala,Tone,MF21,2410638.0
2009,Potrošnja domaćih materijala,Tone,MF21,2333265.0
2010,Potrošnja domaćih materijala,Tone,MF21,841223.0
2011,Potrošnja domaćih materijala,Tone,MF21,1066128.0
2012,Potrošnja domaćih materijala,Tone,MF21,955854.0
2013,Potrošnja domaćih materijala,Tone,MF21,1309470.0
2014,Potrošnja domaćih materijala,Tone,MF21,1389676.0
2015,Potrošnja domaćih materijala,Tone,MF21,1489794.0
2016,Potrošnja domaćih materijala,Tone,MF21,1589912.0
2017,Potrošnja domaćih materijala,Tone,MF21,1690030.0
2000,Potrošnja domaćih materijala,Tone,MF4,8696585.0
2001,Potrošnja domaćih materijala,Tone,MF4,8729640.0
2002,Potrošnja domaćih materijala,Tone,MF4,8966593.0
2003,Potrošnja domaćih materijala,Tone,MF4,9578052.0
2004,Potrošnja domaćih materijala,Tone,MF4,9940564.0
2005,Potrošnja domaćih materijala,Tone,MF4,10357386.0
2006,Potrošnja domaćih materijala,Tone,MF4,11289840.0
2007,Potrošnja domaćih materijala,Tone,MF4,11172316.0
2008,Potrošnja domaćih materijala,Tone,MF4,12831129.0
2009,Potrošnja domaćih materijala,Tone,MF4,13527645.0
2010,Potrošnja domaćih materijala,Tone,MF4,13208622.0
2011,Potrošnja domaćih materijala,Tone,MF4,15040166.0
2012,Potrošnja domaćih materijala,Tone,MF4,14272837.0
2013,Potrošnja domaćih materijala,Tone,MF4,13943173.0
2014,Potrošnja domaćih materijala,Tone,MF4,13817450.0
2015,Potrošnja domaćih materijala,Tone,MF4,15292774.0
2016,Potrošnja domaćih materijala,Tone,MF4,15764357.0
2017,Potrošnja domaćih materijala,Tone,MF4,16235940.0
2000,Potrošnja domaćih materijala,Tone,MF422,170585.0
2001,Potrošnja domaćih materijala,Tone,MF422,111640.0
2002,Potrošnja domaćih materijala,Tone,MF422,105593.0
2003,Potrošnja domaćih materijala,Tone,MF422,138052.0
2004,Potrošnja domaćih materijala,Tone,MF422,217564.0
2005,Potrošnja domaćih materijala,Tone,MF422,258386.0
2006,Potrošnja domaćih materijala,Tone,MF422,271840.0
2007,Potrošnja domaćih materijala,Tone,MF422,287316.0
2008,Potrošnja domaćih materijala,Tone,MF422,285129.0
2009,Potrošnja domaćih materijala,Tone,MF422,162645.0
2010,Potrošnja domaćih materijala,Tone,MF422,170622.0
2011,Potrošnja domaćih materijala,Tone,MF422,194166.0
2012,Potrošnja domaćih materijala,Tone,MF422,178837.0
2013,Potrošnja domaćih materijala,Tone,MF422,139173.0
2014,Potrošnja domaćih materijala,Tone,MF422,129450.0
2015,Potrošnja domaćih materijala,Tone,MF422,162167.0
2016,Potrošnja domaćih materijala,Tone,MF422,161552.0
2017,Potrošnja domaćih materijala,Tone,MF422,160936.0
2000,Potrošnja domaćih materijala,Tone,MF122,215988.0
2001,Potrošnja domaćih materijala,Tone,MF122,64934.0
2002,Potrošnja domaćih materijala,Tone,MF122,10345.0
2003,Potrošnja domaćih materijala,Tone,MF122,11871.0
2004,Potrošnja domaćih materijala,Tone,MF122,15555.0
2005,Potrošnja domaćih materijala,Tone,MF122,121154.0
2006,Potrošnja domaćih materijala,Tone,MF122,372387.0
2007,Potrošnja domaćih materijala,Tone,MF122,762407.0
2008,Potrošnja domaćih materijala,Tone,MF122,639254.0
2009,Potrošnja domaćih materijala,Tone,MF122,651569.0
2010,Potrošnja domaćih materijala,Tone,MF122,926011.0
2011,Potrošnja domaćih materijala,Tone,MF122,863410.0
2012,Potrošnja domaćih materijala,Tone,MF122,741105.0
2013,Potrošnja domaćih materijala,Tone,MF122,746135.0
2014,Potrošnja domaćih materijala,Tone,MF122,742237.0
2015,Potrošnja domaćih materijala,Tone,MF122,809734.0
2016,Potrošnja domaćih materijala,Tone,MF122,877230.0
2017,Potrošnja domaćih materijala,Tone,MF122,944726.0
2000,Potrošnja domaćih materijala,Tone,MF2,617700.0
2001,Potrošnja domaćih materijala,Tone,MF2,354000.0
2002,Potrošnja domaćih materijala,Tone,MF2,283300.0
2003,Potrošnja domaćih materijala,Tone,MF2,906482.0
2004,Potrošnja domaćih materijala,Tone,MF2,1042616.0
2005,Potrošnja domaćih materijala,Tone,MF2,2887739.0
2006,Potrošnja domaćih materijala,Tone,MF2,2776722.0
2007,Potrošnja domaćih materijala,Tone,MF2,2638404.0
2008,Potrošnja domaćih materijala,Tone,MF2,3304467.0
2009,Potrošnja domaćih materijala,Tone,MF2,2804338.0
2010,Potrošnja domaćih materijala,Tone,MF2,1721511.0
2011,Potrošnja domaćih materijala,Tone,MF2,1938285.0
2012,Potrošnja domaćih materijala,Tone,MF2,1860499.0
2013,Potrošnja domaćih materijala,Tone,MF2,2196611.0
2014,Potrošnja domaćih materijala,Tone,MF2,2161488.0
2015,Potrošnja domaćih materijala,Tone,MF2,2301911.0
2016,Potrošnja domaćih materijala,Tone,MF2,2442334.0
2017,Potrošnja domaćih materijala,Tone,MF2,2582757.0
2000,Potrošnja domaćih materijala,Tone,MF22,254700.0
2001,Potrošnja domaćih materijala,Tone,MF22,90000.0
2002,Potrošnja domaćih materijala,Tone,MF22,71300.0
2003,Potrošnja domaćih materijala,Tone,MF22,634719.0
2004,Potrošnja domaćih materijala,Tone,MF22,674826.0
2005,Potrošnja domaćih materijala,Tone,MF22,957423.0
2006,Potrošnja domaćih materijala,Tone,MF22,709581.0
2007,Potrošnja domaćih materijala,Tone,MF22,637052.0
2008,Potrošnja domaćih materijala,Tone,MF22,893829.0
2009,Potrošnja domaćih materijala,Tone,MF22,471073.0
2010,Potrošnja domaćih materijala,Tone,MF22,880288.0
2011,Potrošnja domaćih materijala,Tone,MF22,872157.0
2012,Potrošnja domaćih materijala,Tone,MF22,904645.0
2013,Potrošnja domaćih materijala,Tone,MF22,887141.0
2014,Potrošnja domaćih materijala,Tone,MF22,771812.0
2015,Potrošnja domaćih materijala,Tone,MF22,812117.0
2016,Potrošnja domaćih materijala,Tone,MF22,852422.0
2017,Potrošnja domaćih materijala,Tone,MF22,892727.0
2000,Potrošnja domaćih materijala,Tone,MF_AGG3B,712400.0
2001,Potrošnja domaćih materijala,Tone,MF_AGG3B,953712.0
2002,Potrošnja domaćih materijala,Tone,MF_AGG3B,868329.0
2003,Potrošnja domaćih materijala,Tone,MF_AGG3B,474027.0
2004,Potrošnja domaćih materijala,Tone,MF_AGG3B,673221.0
2005,Potrošnja domaćih materijala,Tone,MF_AGG3B,989939.0
2006,Potrošnja domaćih materijala,Tone,MF_AGG3B,1687683.0
2007,Potrošnja domaćih materijala,Tone,MF_AGG3B,2301692.0
2008,Potrošnja domaćih materijala,Tone,MF_AGG3B,2349561.0
2009,Potrošnja domaćih materijala,Tone,MF_AGG3B,1954762.0
2010,Potrošnja domaćih materijala,Tone,MF_AGG3B,1511972.0
2011,Potrošnja domaćih materijala,Tone,MF_AGG3B,1875354.0
2012,Potrošnja domaćih materijala,Tone,MF_AGG3B,1860735.0
2013,Potrošnja domaćih materijala,Tone,MF_AGG3B,1613745.0
2014,Potrošnja domaćih materijala,Tone,MF_AGG3B,1802499.0
2015,Potrošnja domaćih materijala,Tone,MF_AGG3B,1898417.0
2016,Potrošnja domaćih materijala,Tone,MF_AGG3B,1994336.0
2017,Potrošnja domaćih materijala,Tone,MF_AGG3B,2090255.0
2000,Potrošnja domaćih materijala,Tone,MF_AGG3A,6413484.0
2001,Potrošnja domaćih materijala,Tone,MF_AGG3A,7063890.0
2002,Potrošnja domaćih materijala,Tone,MF_AGG3A,8490140.0
2003,Potrošnja domaćih materijala,Tone,MF_AGG3A,14417888.0
2004,Potrošnja domaćih materijala,Tone,MF_AGG3A,12485677.0
2005,Potrošnja domaćih materijala,Tone,MF_AGG3A,9624076.0
2006,Potrošnja domaćih materijala,Tone,MF_AGG3A,11916651.0
2007,Potrošnja domaćih materijala,Tone,MF_AGG3A,13198376.0
2008,Potrošnja domaćih materijala,Tone,MF_AGG3A,14147934.0
2009,Potrošnja domaćih materijala,Tone,MF_AGG3A,13570620.0
2010,Potrošnja domaćih materijala,Tone,MF_AGG3A,14084845.0
2011,Potrošnja domaćih materijala,Tone,MF_AGG3A,13232058.0
2012,Potrošnja domaćih materijala,Tone,MF_AGG3A,13938610.0
2013,Potrošnja domaćih materijala,Tone,MF_AGG3A,15504799.0
2014,Potrošnja domaćih materijala,Tone,MF_AGG3A,16718248.0
2015,Potrošnja domaćih materijala,Tone,MF_AGG3A,17747401.0
2016,Potrošnja domaćih materijala,Tone,MF_AGG3A,18776554.0
2017,Potrošnja domaćih materijala,Tone,MF_AGG3A,19805706.0
2000,Potrošnja domaćih materijala,Tone,MF3,7125884.0
2001,Potrošnja domaćih materijala,Tone,MF3,8017602.0
2002,Potrošnja domaćih materijala,Tone,MF3,9358469.0
2003,Potrošnja domaćih materijala,Tone,MF3,14891914.0
2004,Potrošnja domaćih materijala,Tone,MF3,13158898.0
2005,Potrošnja domaćih materijala,Tone,MF3,10614015.0
2006,Potrošnja domaćih materijala,Tone,MF3,13604334.0
2007,Potrošnja domaćih materijala,Tone,MF3,15500068.0
2008,Potrošnja domaćih materijala,Tone,MF3,16497494.0
2009,Potrošnja domaćih materijala,Tone,MF3,15525382.0
2010,Potrošnja domaćih materijala,Tone,MF3,15596817.0
2011,Potrošnja domaćih materijala,Tone,MF3,15107412.0
2012,Potrošnja domaćih materijala,Tone,MF3,15799345.0
2013,Potrošnja domaćih materijala,Tone,MF3,17118544.0
2014,Potrošnja domaćih materijala,Tone,MF3,18520747.0
2015,Potrošnja domaćih materijala,Tone,MF3,19645818.0
2016,Potrošnja domaćih materijala,Tone,MF3,20770890.0
2017,Potrošnja domaćih materijala,Tone,MF3,21895961.0
2000,Potrošnja domaćih materijala,Tone,MF421,1148000.0
2001,Potrošnja domaćih materijala,Tone,MF421,1123000.0
2002,Potrošnja domaćih materijala,Tone,MF421,1087000.0
2003,Potrošnja domaćih materijala,Tone,MF421,1011000.0
2004,Potrošnja domaćih materijala,Tone,MF421,1187000.0
2005,Potrošnja domaćih materijala,Tone,MF421,1120000.0
2006,Potrošnja domaćih materijala,Tone,MF421,1201000.0
2007,Potrošnja domaćih materijala,Tone,MF421,1278000.0
2008,Potrošnja domaćih materijala,Tone,MF421,1471000.0
2009,Potrošnja domaćih materijala,Tone,MF421,1637000.0
2010,Potrošnja domaćih materijala,Tone,MF421,1670000.0
2011,Potrošnja domaćih materijala,Tone,MF421,1714000.0
2012,Potrošnja domaćih materijala,Tone,MF421,1533000.0
2013,Potrošnja domaćih materijala,Tone,MF421,1489000.0
2014,Potrošnja domaćih materijala,Tone,MF421,1385000.0
2015,Potrošnja domaćih materijala,Tone,MF421,1426607.0
2016,Potrošnja domaćih materijala,Tone,MF421,1468214.0
2017,Potrošnja domaćih materijala,Tone,MF421,1509821.0
2000,Potrošnja domaćih materijala,Tone,MF14,8465.0
2001,Potrošnja domaćih materijala,Tone,MF14,8679.0
2002,Potrošnja domaćih materijala,Tone,MF14,11182.0
2003,Potrošnja domaćih materijala,Tone,MF14,11748.0
2004,Potrošnja domaćih materijala,Tone,MF14,13649.0
2005,Potrošnja domaćih materijala,Tone,MF14,15432.0
2006,Potrošnja domaćih materijala,Tone,MF14,11180.0
2007,Potrošnja domaćih materijala,Tone,MF14,11029.0
2008,Potrošnja domaćih materijala,Tone,MF14,10938.0
2009,Potrošnja domaćih materijala,Tone,MF14,10162.0
2010,Potrošnja domaćih materijala,Tone,MF14,9106.0
2011,Potrošnja domaćih materijala,Tone,MF14,8310.0
2012,Potrošnja domaćih materijala,Tone,MF14,8391.0
2013,Potrošnja domaćih materijala,Tone,MF14,8855.0
2014,Potrošnja domaćih materijala,Tone,MF14,8855.0
2015,Potrošnja domaćih materijala,Tone,MF14,8682.0
2016,Potrošnja domaćih materijala,Tone,MF14,8510.0
2017,Potrošnja domaćih materijala,Tone,MF14,8337.0
2000,Potrošnja domaćih materijala,Tone,MF13,2478757.0
2001,Potrošnja domaćih materijala,Tone,MF13,2185477.0
2002,Potrošnja domaćih materijala,Tone,MF13,2454677.0
2003,Potrošnja domaćih materijala,Tone,MF13,2390059.0
2004,Potrošnja domaćih materijala,Tone,MF13,1830655.0
2005,Potrošnja domaćih materijala,Tone,MF13,1925044.0
2006,Potrošnja domaćih materijala,Tone,MF13,2120334.0
2007,Potrošnja domaćih materijala,Tone,MF13,1853219.0
2008,Potrošnja domaćih materijala,Tone,MF13,2035444.0
2009,Potrošnja domaćih materijala,Tone,MF13,1716285.0
2010,Potrošnja domaćih materijala,Tone,MF13,1926305.0
2011,Potrošnja domaćih materijala,Tone,MF13,2013618.0
2012,Potrošnja domaćih materijala,Tone,MF13,2088522.0
2013,Potrošnja domaćih materijala,Tone,MF13,2221379.0
2014,Potrošnja domaćih materijala,Tone,MF13,2132902.0
2015,Potrošnja domaćih materijala,Tone,MF13,1994345.0
2016,Potrošnja domaćih materijala,Tone,MF13,1982417.0
2017,Potrošnja domaćih materijala,Tone,MF13,1970489.0
