Year,SERIES,UNIT_MEASURE,Spol,Zanimanje,Value
2006,Prosječna zarada po satu zaposlenih prema spolu i zanimanju (nacionalna valuta),CUR_NAC,Oba spola ili bez podjele po spolu,Sva zanimanja,2.9
2007,Prosječna zarada po satu zaposlenih prema spolu i zanimanju (nacionalna valuta),CUR_NAC,Oba spola ili bez podjele po spolu,Sva zanimanja,3.07
2008,Prosječna zarada po satu zaposlenih prema spolu i zanimanju (nacionalna valuta),CUR_NAC,Oba spola ili bez podjele po spolu,Sva zanimanja,3.06
2009,Prosječna zarada po satu zaposlenih prema spolu i zanimanju (nacionalna valuta),CUR_NAC,Oba spola ili bez podjele po spolu,Sva zanimanja,3.93
2010,Prosječna zarada po satu zaposlenih prema spolu i zanimanju (nacionalna valuta),CUR_NAC,Oba spola ili bez podjele po spolu,Sva zanimanja,4.02
2011,Prosječna zarada po satu zaposlenih prema spolu i zanimanju (nacionalna valuta),CUR_NAC,Oba spola ili bez podjele po spolu,Sva zanimanja,4.79
2012,Prosječna zarada po satu zaposlenih prema spolu i zanimanju (nacionalna valuta),CUR_NAC,Oba spola ili bez podjele po spolu,Sva zanimanja,4.23
2013,Prosječna zarada po satu zaposlenih prema spolu i zanimanju (nacionalna valuta),CUR_NAC,Oba spola ili bez podjele po spolu,Sva zanimanja,4.33
2014,Prosječna zarada po satu zaposlenih prema spolu i zanimanju (nacionalna valuta),CUR_NAC,Oba spola ili bez podjele po spolu,Sva zanimanja,4.27
2015,Prosječna zarada po satu zaposlenih prema spolu i zanimanju (nacionalna valuta),CUR_NAC,Oba spola ili bez podjele po spolu,Sva zanimanja,4.44
2016,Prosječna zarada po satu zaposlenih prema spolu i zanimanju (nacionalna valuta),CUR_NAC,Oba spola ili bez podjele po spolu,Sva zanimanja,4.24
2020,Prosječna zarada po satu zaposlenih prema spolu i zanimanju (nacionalna valuta),CUR_NAC,Oba spola ili bez podjele po spolu,Sva zanimanja,8.44
2010,Prosječna zarada po satu zaposlenih prema spolu i zanimanju (nacionalna valuta),CUR_NAC,Oba spola ili bez podjele po spolu,Zanimanja oružanih snaga,4.98
2011,Prosječna zarada po satu zaposlenih prema spolu i zanimanju (nacionalna valuta),CUR_NAC,Oba spola ili bez podjele po spolu,Zanimanja oružanih snaga,5.03
2012,Prosječna zarada po satu zaposlenih prema spolu i zanimanju (nacionalna valuta),CUR_NAC,Oba spola ili bez podjele po spolu,Zanimanja oružanih snaga,4.71
2013,Prosječna zarada po satu zaposlenih prema spolu i zanimanju (nacionalna valuta),CUR_NAC,Oba spola ili bez podjele po spolu,Zanimanja oružanih snaga,4.63
2014,Prosječna zarada po satu zaposlenih prema spolu i zanimanju (nacionalna valuta),CUR_NAC,Oba spola ili bez podjele po spolu,Zanimanja oružanih snaga,5.47
2015,Prosječna zarada po satu zaposlenih prema spolu i zanimanju (nacionalna valuta),CUR_NAC,Oba spola ili bez podjele po spolu,Zanimanja oružanih snaga,4.7
2016,Prosječna zarada po satu zaposlenih prema spolu i zanimanju (nacionalna valuta),CUR_NAC,Oba spola ili bez podjele po spolu,Zanimanja oružanih snaga,5.28
2020,Prosječna zarada po satu zaposlenih prema spolu i zanimanju (nacionalna valuta),CUR_NAC,Oba spola ili bez podjele po spolu,Zanimanja oružanih snaga,8.27
2010,Prosječna zarada po satu zaposlenih prema spolu i zanimanju (nacionalna valuta),CUR_NAC,Oba spola ili bez podjele po spolu,Menadžeri,6.2
2011,Prosječna zarada po satu zaposlenih prema spolu i zanimanju (nacionalna valuta),CUR_NAC,Oba spola ili bez podjele po spolu,Menadžeri,6.85
2012,Prosječna zarada po satu zaposlenih prema spolu i zanimanju (nacionalna valuta),CUR_NAC,Oba spola ili bez podjele po spolu,Menadžeri,6.84
2013,Prosječna zarada po satu zaposlenih prema spolu i zanimanju (nacionalna valuta),CUR_NAC,Oba spola ili bez podjele po spolu,Menadžeri,7.5
2014,Prosječna zarada po satu zaposlenih prema spolu i zanimanju (nacionalna valuta),CUR_NAC,Oba spola ili bez podjele po spolu,Menadžeri,7.32
2015,Prosječna zarada po satu zaposlenih prema spolu i zanimanju (nacionalna valuta),CUR_NAC,Oba spola ili bez podjele po spolu,Menadžeri,8.41
2016,Prosječna zarada po satu zaposlenih prema spolu i zanimanju (nacionalna valuta),CUR_NAC,Oba spola ili bez podjele po spolu,Menadžeri,7.51
2020,Prosječna zarada po satu zaposlenih prema spolu i zanimanju (nacionalna valuta),CUR_NAC,Oba spola ili bez podjele po spolu,Menadžeri,10.89
2010,Prosječna zarada po satu zaposlenih prema spolu i zanimanju (nacionalna valuta),CUR_NAC,Oba spola ili bez podjele po spolu,Profesionalci,6.52
2011,Prosječna zarada po satu zaposlenih prema spolu i zanimanju (nacionalna valuta),CUR_NAC,Oba spola ili bez podjele po spolu,Profesionalci,7.26
2012,Prosječna zarada po satu zaposlenih prema spolu i zanimanju (nacionalna valuta),CUR_NAC,Oba spola ili bez podjele po spolu,Profesionalci,7.04
2013,Prosječna zarada po satu zaposlenih prema spolu i zanimanju (nacionalna valuta),CUR_NAC,Oba spola ili bez podjele po spolu,Profesionalci,6.51
2014,Prosječna zarada po satu zaposlenih prema spolu i zanimanju (nacionalna valuta),CUR_NAC,Oba spola ili bez podjele po spolu,Profesionalci,6.22
2015,Prosječna zarada po satu zaposlenih prema spolu i zanimanju (nacionalna valuta),CUR_NAC,Oba spola ili bez podjele po spolu,Profesionalci,7.05
2016,Prosječna zarada po satu zaposlenih prema spolu i zanimanju (nacionalna valuta),CUR_NAC,Oba spola ili bez podjele po spolu,Profesionalci,5.89
2020,Prosječna zarada po satu zaposlenih prema spolu i zanimanju (nacionalna valuta),CUR_NAC,Oba spola ili bez podjele po spolu,Profesionalci,10.22
2010,Prosječna zarada po satu zaposlenih prema spolu i zanimanju (nacionalna valuta),CUR_NAC,Oba spola ili bez podjele po spolu,Tehničari i pridruženi profesionalci,4.57
2011,Prosječna zarada po satu zaposlenih prema spolu i zanimanju (nacionalna valuta),CUR_NAC,Oba spola ili bez podjele po spolu,Tehničari i pridruženi profesionalci,4.84
2012,Prosječna zarada po satu zaposlenih prema spolu i zanimanju (nacionalna valuta),CUR_NAC,Oba spola ili bez podjele po spolu,Tehničari i pridruženi profesionalci,4.44
2013,Prosječna zarada po satu zaposlenih prema spolu i zanimanju (nacionalna valuta),CUR_NAC,Oba spola ili bez podjele po spolu,Tehničari i pridruženi profesionalci,4.93
2014,Prosječna zarada po satu zaposlenih prema spolu i zanimanju (nacionalna valuta),CUR_NAC,Oba spola ili bez podjele po spolu,Tehničari i pridruženi profesionalci,4.58
2015,Prosječna zarada po satu zaposlenih prema spolu i zanimanju (nacionalna valuta),CUR_NAC,Oba spola ili bez podjele po spolu,Tehničari i pridruženi profesionalci,4.64
2016,Prosječna zarada po satu zaposlenih prema spolu i zanimanju (nacionalna valuta),CUR_NAC,Oba spola ili bez podjele po spolu,Tehničari i pridruženi profesionalci,4.44
2020,Prosječna zarada po satu zaposlenih prema spolu i zanimanju (nacionalna valuta),CUR_NAC,Oba spola ili bez podjele po spolu,Tehničari i pridruženi profesionalci,8.5
2010,Prosječna zarada po satu zaposlenih prema spolu i zanimanju (nacionalna valuta),CUR_NAC,Oba spola ili bez podjele po spolu,Službenici hitne pomoći,3.65
2011,Prosječna zarada po satu zaposlenih prema spolu i zanimanju (nacionalna valuta),CUR_NAC,Oba spola ili bez podjele po spolu,Službenici hitne pomoći,7.73
2012,Prosječna zarada po satu zaposlenih prema spolu i zanimanju (nacionalna valuta),CUR_NAC,Oba spola ili bez podjele po spolu,Službenici hitne pomoći,4.4
2013,Prosječna zarada po satu zaposlenih prema spolu i zanimanju (nacionalna valuta),CUR_NAC,Oba spola ili bez podjele po spolu,Službenici hitne pomoći,4.11
2014,Prosječna zarada po satu zaposlenih prema spolu i zanimanju (nacionalna valuta),CUR_NAC,Oba spola ili bez podjele po spolu,Službenici hitne pomoći,4.74
2015,Prosječna zarada po satu zaposlenih prema spolu i zanimanju (nacionalna valuta),CUR_NAC,Oba spola ili bez podjele po spolu,Službenici hitne pomoći,4.28
2016,Prosječna zarada po satu zaposlenih prema spolu i zanimanju (nacionalna valuta),CUR_NAC,Oba spola ili bez podjele po spolu,Službenici hitne pomoći,4.9
2020,Prosječna zarada po satu zaposlenih prema spolu i zanimanju (nacionalna valuta),CUR_NAC,Oba spola ili bez podjele po spolu,Službenici hitne pomoći,8.11
2010,Prosječna zarada po satu zaposlenih prema spolu i zanimanju (nacionalna valuta),CUR_NAC,Oba spola ili bez podjele po spolu,Uslužni i prodajni radnici,2.96
2011,Prosječna zarada po satu zaposlenih prema spolu i zanimanju (nacionalna valuta),CUR_NAC,Oba spola ili bez podjele po spolu,Uslužni i prodajni radnici,3.52
2012,Prosječna zarada po satu zaposlenih prema spolu i zanimanju (nacionalna valuta),CUR_NAC,Oba spola ili bez podjele po spolu,Uslužni i prodajni radnici,2.96
2013,Prosječna zarada po satu zaposlenih prema spolu i zanimanju (nacionalna valuta),CUR_NAC,Oba spola ili bez podjele po spolu,Uslužni i prodajni radnici,3.28
2014,Prosječna zarada po satu zaposlenih prema spolu i zanimanju (nacionalna valuta),CUR_NAC,Oba spola ili bez podjele po spolu,Uslužni i prodajni radnici,3.44
2015,Prosječna zarada po satu zaposlenih prema spolu i zanimanju (nacionalna valuta),CUR_NAC,Oba spola ili bez podjele po spolu,Uslužni i prodajni radnici,3.36
2016,Prosječna zarada po satu zaposlenih prema spolu i zanimanju (nacionalna valuta),CUR_NAC,Oba spola ili bez podjele po spolu,Uslužni i prodajni radnici,3.39
2020,Prosječna zarada po satu zaposlenih prema spolu i zanimanju (nacionalna valuta),CUR_NAC,Oba spola ili bez podjele po spolu,Uslužni i prodajni radnici,6.1
2010,Prosječna zarada po satu zaposlenih prema spolu i zanimanju (nacionalna valuta),CUR_NAC,Oba spola ili bez podjele po spolu,"KV kvalificirani radnici u poljoprivredi, šumarstvu i ribarstvu",3.25
2011,Prosječna zarada po satu zaposlenih prema spolu i zanimanju (nacionalna valuta),CUR_NAC,Oba spola ili bez podjele po spolu,"KV kvalificirani radnici u poljoprivredi, šumarstvu i ribarstvu",3.21
2012,Prosječna zarada po satu zaposlenih prema spolu i zanimanju (nacionalna valuta),CUR_NAC,Oba spola ili bez podjele po spolu,"KV kvalificirani radnici u poljoprivredi, šumarstvu i ribarstvu",3.45
2013,Prosječna zarada po satu zaposlenih prema spolu i zanimanju (nacionalna valuta),CUR_NAC,Oba spola ili bez podjele po spolu,"KV kvalificirani radnici u poljoprivredi, šumarstvu i ribarstvu",3.15
2014,Prosječna zarada po satu zaposlenih prema spolu i zanimanju (nacionalna valuta),CUR_NAC,Oba spola ili bez podjele po spolu,"KV kvalificirani radnici u poljoprivredi, šumarstvu i ribarstvu",3.67
2015,Prosječna zarada po satu zaposlenih prema spolu i zanimanju (nacionalna valuta),CUR_NAC,Oba spola ili bez podjele po spolu,"KV kvalificirani radnici u poljoprivredi, šumarstvu i ribarstvu",3.18
2016,Prosječna zarada po satu zaposlenih prema spolu i zanimanju (nacionalna valuta),CUR_NAC,Oba spola ili bez podjele po spolu,"KV kvalificirani radnici u poljoprivredi, šumarstvu i ribarstvu",4.11
2020,Prosječna zarada po satu zaposlenih prema spolu i zanimanju (nacionalna valuta),CUR_NAC,Oba spola ili bez podjele po spolu,"KV kvalificirani radnici u poljoprivredi, šumarstvu i ribarstvu",6.93
2010,Prosječna zarada po satu zaposlenih prema spolu i zanimanju (nacionalna valuta),CUR_NAC,Oba spola ili bez podjele po spolu,Zanatski i srodni radnici,3.62
2011,Prosječna zarada po satu zaposlenih prema spolu i zanimanju (nacionalna valuta),CUR_NAC,Oba spola ili bez podjele po spolu,Zanatski i srodni radnici,3.68
2012,Prosječna zarada po satu zaposlenih prema spolu i zanimanju (nacionalna valuta),CUR_NAC,Oba spola ili bez podjele po spolu,Zanatski i srodni radnici,4.08
2013,Prosječna zarada po satu zaposlenih prema spolu i zanimanju (nacionalna valuta),CUR_NAC,Oba spola ili bez podjele po spolu,Zanatski i srodni radnici,3.81
2014,Prosječna zarada po satu zaposlenih prema spolu i zanimanju (nacionalna valuta),CUR_NAC,Oba spola ili bez podjele po spolu,Zanatski i srodni radnici,3.92
2015,Prosječna zarada po satu zaposlenih prema spolu i zanimanju (nacionalna valuta),CUR_NAC,Oba spola ili bez podjele po spolu,Zanatski i srodni radnici,3.75
2016,Prosječna zarada po satu zaposlenih prema spolu i zanimanju (nacionalna valuta),CUR_NAC,Oba spola ili bez podjele po spolu,Zanatski i srodni radnici,4.02
2020,Prosječna zarada po satu zaposlenih prema spolu i zanimanju (nacionalna valuta),CUR_NAC,Oba spola ili bez podjele po spolu,Zanatski i srodni radnici,10.88
2010,Prosječna zarada po satu zaposlenih prema spolu i zanimanju (nacionalna valuta),CUR_NAC,Oba spola ili bez podjele po spolu,"Operateri postrojenja i strojeva, te monteri",3.65
2011,Prosječna zarada po satu zaposlenih prema spolu i zanimanju (nacionalna valuta),CUR_NAC,Oba spola ili bez podjele po spolu,"Operateri postrojenja i strojeva, te monteri",3.7
2012,Prosječna zarada po satu zaposlenih prema spolu i zanimanju (nacionalna valuta),CUR_NAC,Oba spola ili bez podjele po spolu,"Operateri postrojenja i strojeva, te monteri",3.64
2013,Prosječna zarada po satu zaposlenih prema spolu i zanimanju (nacionalna valuta),CUR_NAC,Oba spola ili bez podjele po spolu,"Operateri postrojenja i strojeva, te monteri",3.58
2014,Prosječna zarada po satu zaposlenih prema spolu i zanimanju (nacionalna valuta),CUR_NAC,Oba spola ili bez podjele po spolu,"Operateri postrojenja i strojeva, te monteri",3.61
2015,Prosječna zarada po satu zaposlenih prema spolu i zanimanju (nacionalna valuta),CUR_NAC,Oba spola ili bez podjele po spolu,"Operateri postrojenja i strojeva, te monteri",3.89
2016,Prosječna zarada po satu zaposlenih prema spolu i zanimanju (nacionalna valuta),CUR_NAC,Oba spola ili bez podjele po spolu,"Operateri postrojenja i strojeva, te monteri",3.69
2020,Prosječna zarada po satu zaposlenih prema spolu i zanimanju (nacionalna valuta),CUR_NAC,Oba spola ili bez podjele po spolu,"Operateri postrojenja i strojeva, te monteri",8.45
2010,Prosječna zarada po satu zaposlenih prema spolu i zanimanju (nacionalna valuta),CUR_NAC,Oba spola ili bez podjele po spolu,Osnovna zanimanja,3.01
2011,Prosječna zarada po satu zaposlenih prema spolu i zanimanju (nacionalna valuta),CUR_NAC,Oba spola ili bez podjele po spolu,Osnovna zanimanja,3.63
2012,Prosječna zarada po satu zaposlenih prema spolu i zanimanju (nacionalna valuta),CUR_NAC,Oba spola ili bez podjele po spolu,Osnovna zanimanja,3.15
2013,Prosječna zarada po satu zaposlenih prema spolu i zanimanju (nacionalna valuta),CUR_NAC,Oba spola ili bez podjele po spolu,Osnovna zanimanja,3.81
2014,Prosječna zarada po satu zaposlenih prema spolu i zanimanju (nacionalna valuta),CUR_NAC,Oba spola ili bez podjele po spolu,Osnovna zanimanja,3.19
2015,Prosječna zarada po satu zaposlenih prema spolu i zanimanju (nacionalna valuta),CUR_NAC,Oba spola ili bez podjele po spolu,Osnovna zanimanja,4.25
2016,Prosječna zarada po satu zaposlenih prema spolu i zanimanju (nacionalna valuta),CUR_NAC,Oba spola ili bez podjele po spolu,Osnovna zanimanja,3.42
2020,Prosječna zarada po satu zaposlenih prema spolu i zanimanju (nacionalna valuta),CUR_NAC,Oba spola ili bez podjele po spolu,Osnovna zanimanja,6.05
2010,Prosječna zarada po satu zaposlenih prema spolu i zanimanju (nacionalna valuta),CUR_NAC,Žene,Sva zanimanja,3.96
2011,Prosječna zarada po satu zaposlenih prema spolu i zanimanju (nacionalna valuta),CUR_NAC,Žene,Sva zanimanja,4.99
2012,Prosječna zarada po satu zaposlenih prema spolu i zanimanju (nacionalna valuta),CUR_NAC,Žene,Sva zanimanja,4.26
2013,Prosječna zarada po satu zaposlenih prema spolu i zanimanju (nacionalna valuta),CUR_NAC,Žene,Sva zanimanja,4.22
2014,Prosječna zarada po satu zaposlenih prema spolu i zanimanju (nacionalna valuta),CUR_NAC,Žene,Sva zanimanja,4.05
2015,Prosječna zarada po satu zaposlenih prema spolu i zanimanju (nacionalna valuta),CUR_NAC,Žene,Sva zanimanja,4.61
2016,Prosječna zarada po satu zaposlenih prema spolu i zanimanju (nacionalna valuta),CUR_NAC,Žene,Sva zanimanja,4.01
2020,Prosječna zarada po satu zaposlenih prema spolu i zanimanju (nacionalna valuta),CUR_NAC,Žene,Sva zanimanja,7.3
2020,Prosječna zarada po satu zaposlenih prema spolu i zanimanju (nacionalna valuta),CUR_NAC,Žene,Zanimanja oružanih snaga,11.1
2010,Prosječna zarada po satu zaposlenih prema spolu i zanimanju (nacionalna valuta),CUR_NAC,Žene,Menadžeri,4.66
2011,Prosječna zarada po satu zaposlenih prema spolu i zanimanju (nacionalna valuta),CUR_NAC,Žene,Menadžeri,5.87
2012,Prosječna zarada po satu zaposlenih prema spolu i zanimanju (nacionalna valuta),CUR_NAC,Žene,Menadžeri,7.07
2013,Prosječna zarada po satu zaposlenih prema spolu i zanimanju (nacionalna valuta),CUR_NAC,Žene,Menadžeri,6.58
2014,Prosječna zarada po satu zaposlenih prema spolu i zanimanju (nacionalna valuta),CUR_NAC,Žene,Menadžeri,7.33
2015,Prosječna zarada po satu zaposlenih prema spolu i zanimanju (nacionalna valuta),CUR_NAC,Žene,Menadžeri,7.58
2016,Prosječna zarada po satu zaposlenih prema spolu i zanimanju (nacionalna valuta),CUR_NAC,Žene,Menadžeri,6.94
2020,Prosječna zarada po satu zaposlenih prema spolu i zanimanju (nacionalna valuta),CUR_NAC,Žene,Menadžeri,10.44
2010,Prosječna zarada po satu zaposlenih prema spolu i zanimanju (nacionalna valuta),CUR_NAC,Žene,Profesionalci,6.44
2011,Prosječna zarada po satu zaposlenih prema spolu i zanimanju (nacionalna valuta),CUR_NAC,Žene,Profesionalci,7.02
2012,Prosječna zarada po satu zaposlenih prema spolu i zanimanju (nacionalna valuta),CUR_NAC,Žene,Profesionalci,8.0
2013,Prosječna zarada po satu zaposlenih prema spolu i zanimanju (nacionalna valuta),CUR_NAC,Žene,Profesionalci,5.82
2014,Prosječna zarada po satu zaposlenih prema spolu i zanimanju (nacionalna valuta),CUR_NAC,Žene,Profesionalci,5.93
2015,Prosječna zarada po satu zaposlenih prema spolu i zanimanju (nacionalna valuta),CUR_NAC,Žene,Profesionalci,7.18
2016,Prosječna zarada po satu zaposlenih prema spolu i zanimanju (nacionalna valuta),CUR_NAC,Žene,Profesionalci,5.46
2020,Prosječna zarada po satu zaposlenih prema spolu i zanimanju (nacionalna valuta),CUR_NAC,Žene,Profesionalci,10.61
2010,Prosječna zarada po satu zaposlenih prema spolu i zanimanju (nacionalna valuta),CUR_NAC,Žene,Tehničari i pridruženi profesionalci,4.78
2011,Prosječna zarada po satu zaposlenih prema spolu i zanimanju (nacionalna valuta),CUR_NAC,Žene,Tehničari i pridruženi profesionalci,4.08
2012,Prosječna zarada po satu zaposlenih prema spolu i zanimanju (nacionalna valuta),CUR_NAC,Žene,Tehničari i pridruženi profesionalci,4.28
2013,Prosječna zarada po satu zaposlenih prema spolu i zanimanju (nacionalna valuta),CUR_NAC,Žene,Tehničari i pridruženi profesionalci,4.83
2014,Prosječna zarada po satu zaposlenih prema spolu i zanimanju (nacionalna valuta),CUR_NAC,Žene,Tehničari i pridruženi profesionalci,4.26
2015,Prosječna zarada po satu zaposlenih prema spolu i zanimanju (nacionalna valuta),CUR_NAC,Žene,Tehničari i pridruženi profesionalci,4.45
2016,Prosječna zarada po satu zaposlenih prema spolu i zanimanju (nacionalna valuta),CUR_NAC,Žene,Tehničari i pridruženi profesionalci,4.27
2020,Prosječna zarada po satu zaposlenih prema spolu i zanimanju (nacionalna valuta),CUR_NAC,Žene,Tehničari i pridruženi profesionalci,8.2
2010,Prosječna zarada po satu zaposlenih prema spolu i zanimanju (nacionalna valuta),CUR_NAC,Žene,Službenici hitne pomoći,3.62
2011,Prosječna zarada po satu zaposlenih prema spolu i zanimanju (nacionalna valuta),CUR_NAC,Žene,Službenici hitne pomoći,9.0
2012,Prosječna zarada po satu zaposlenih prema spolu i zanimanju (nacionalna valuta),CUR_NAC,Žene,Službenici hitne pomoći,4.13
2013,Prosječna zarada po satu zaposlenih prema spolu i zanimanju (nacionalna valuta),CUR_NAC,Žene,Službenici hitne pomoći,4.05
2014,Prosječna zarada po satu zaposlenih prema spolu i zanimanju (nacionalna valuta),CUR_NAC,Žene,Službenici hitne pomoći,4.87
2015,Prosječna zarada po satu zaposlenih prema spolu i zanimanju (nacionalna valuta),CUR_NAC,Žene,Službenici hitne pomoći,4.28
2016,Prosječna zarada po satu zaposlenih prema spolu i zanimanju (nacionalna valuta),CUR_NAC,Žene,Službenici hitne pomoći,5.14
2020,Prosječna zarada po satu zaposlenih prema spolu i zanimanju (nacionalna valuta),CUR_NAC,Žene,Službenici hitne pomoći,8.24
2010,Prosječna zarada po satu zaposlenih prema spolu i zanimanju (nacionalna valuta),CUR_NAC,Žene,Uslužni i prodajni radnici,2.62
2011,Prosječna zarada po satu zaposlenih prema spolu i zanimanju (nacionalna valuta),CUR_NAC,Žene,Uslužni i prodajni radnici,2.99
2012,Prosječna zarada po satu zaposlenih prema spolu i zanimanju (nacionalna valuta),CUR_NAC,Žene,Uslužni i prodajni radnici,2.62
2013,Prosječna zarada po satu zaposlenih prema spolu i zanimanju (nacionalna valuta),CUR_NAC,Žene,Uslužni i prodajni radnici,2.93
2014,Prosječna zarada po satu zaposlenih prema spolu i zanimanju (nacionalna valuta),CUR_NAC,Žene,Uslužni i prodajni radnici,2.79
2015,Prosječna zarada po satu zaposlenih prema spolu i zanimanju (nacionalna valuta),CUR_NAC,Žene,Uslužni i prodajni radnici,3.05
2016,Prosječna zarada po satu zaposlenih prema spolu i zanimanju (nacionalna valuta),CUR_NAC,Žene,Uslužni i prodajni radnici,3.04
2020,Prosječna zarada po satu zaposlenih prema spolu i zanimanju (nacionalna valuta),CUR_NAC,Žene,Uslužni i prodajni radnici,4.93
2011,Prosječna zarada po satu zaposlenih prema spolu i zanimanju (nacionalna valuta),CUR_NAC,Žene,"KV kvalificirani radnici u poljoprivredi, šumarstvu i ribarstvu",2.3
2012,Prosječna zarada po satu zaposlenih prema spolu i zanimanju (nacionalna valuta),CUR_NAC,Žene,"KV kvalificirani radnici u poljoprivredi, šumarstvu i ribarstvu",2.75
2020,Prosječna zarada po satu zaposlenih prema spolu i zanimanju (nacionalna valuta),CUR_NAC,Žene,"KV kvalificirani radnici u poljoprivredi, šumarstvu i ribarstvu",5.57
2010,Prosječna zarada po satu zaposlenih prema spolu i zanimanju (nacionalna valuta),CUR_NAC,Žene,Zanatski i srodni radnici,2.26
2011,Prosječna zarada po satu zaposlenih prema spolu i zanimanju (nacionalna valuta),CUR_NAC,Žene,Zanatski i srodni radnici,2.34
2012,Prosječna zarada po satu zaposlenih prema spolu i zanimanju (nacionalna valuta),CUR_NAC,Žene,Zanatski i srodni radnici,2.44
2013,Prosječna zarada po satu zaposlenih prema spolu i zanimanju (nacionalna valuta),CUR_NAC,Žene,Zanatski i srodni radnici,3.18
2014,Prosječna zarada po satu zaposlenih prema spolu i zanimanju (nacionalna valuta),CUR_NAC,Žene,Zanatski i srodni radnici,2.73
2015,Prosječna zarada po satu zaposlenih prema spolu i zanimanju (nacionalna valuta),CUR_NAC,Žene,Zanatski i srodni radnici,2.36
2016,Prosječna zarada po satu zaposlenih prema spolu i zanimanju (nacionalna valuta),CUR_NAC,Žene,Zanatski i srodni radnici,3.01
2020,Prosječna zarada po satu zaposlenih prema spolu i zanimanju (nacionalna valuta),CUR_NAC,Žene,Zanatski i srodni radnici,6.35
2010,Prosječna zarada po satu zaposlenih prema spolu i zanimanju (nacionalna valuta),CUR_NAC,Žene,"Operateri postrojenja i strojeva, te monteri",2.39
2011,Prosječna zarada po satu zaposlenih prema spolu i zanimanju (nacionalna valuta),CUR_NAC,Žene,"Operateri postrojenja i strojeva, te monteri",2.84
2012,Prosječna zarada po satu zaposlenih prema spolu i zanimanju (nacionalna valuta),CUR_NAC,Žene,"Operateri postrojenja i strojeva, te monteri",2.53
2013,Prosječna zarada po satu zaposlenih prema spolu i zanimanju (nacionalna valuta),CUR_NAC,Žene,"Operateri postrojenja i strojeva, te monteri",2.21
2014,Prosječna zarada po satu zaposlenih prema spolu i zanimanju (nacionalna valuta),CUR_NAC,Žene,"Operateri postrojenja i strojeva, te monteri",2.44
2015,Prosječna zarada po satu zaposlenih prema spolu i zanimanju (nacionalna valuta),CUR_NAC,Žene,"Operateri postrojenja i strojeva, te monteri",2.92
2016,Prosječna zarada po satu zaposlenih prema spolu i zanimanju (nacionalna valuta),CUR_NAC,Žene,"Operateri postrojenja i strojeva, te monteri",3.19
2020,Prosječna zarada po satu zaposlenih prema spolu i zanimanju (nacionalna valuta),CUR_NAC,Žene,"Operateri postrojenja i strojeva, te monteri",4.61
2010,Prosječna zarada po satu zaposlenih prema spolu i zanimanju (nacionalna valuta),CUR_NAC,Žene,Osnovna zanimanja,2.8
2011,Prosječna zarada po satu zaposlenih prema spolu i zanimanju (nacionalna valuta),CUR_NAC,Žene,Osnovna zanimanja,2.63
2012,Prosječna zarada po satu zaposlenih prema spolu i zanimanju (nacionalna valuta),CUR_NAC,Žene,Osnovna zanimanja,2.94
2013,Prosječna zarada po satu zaposlenih prema spolu i zanimanju (nacionalna valuta),CUR_NAC,Žene,Osnovna zanimanja,4.23
2014,Prosječna zarada po satu zaposlenih prema spolu i zanimanju (nacionalna valuta),CUR_NAC,Žene,Osnovna zanimanja,2.83
2015,Prosječna zarada po satu zaposlenih prema spolu i zanimanju (nacionalna valuta),CUR_NAC,Žene,Osnovna zanimanja,5.34
2016,Prosječna zarada po satu zaposlenih prema spolu i zanimanju (nacionalna valuta),CUR_NAC,Žene,Osnovna zanimanja,2.91
2020,Prosječna zarada po satu zaposlenih prema spolu i zanimanju (nacionalna valuta),CUR_NAC,Žene,Osnovna zanimanja,5.11
2010,SL_EMP_AEARN,CUR_NAC,Muškarci,Sva zanimanja,4.0
2011,SL_EMP_AEARN,CUR_NAC,Muškarci,Sva zanimanja,4.1
2012,SL_EMP_AEARN,CUR_NAC,Muškarci,Sva zanimanja,4.0
2013,SL_EMP_AEARN,CUR_NAC,Muškarci,Sva zanimanja,4.1
2014,SL_EMP_AEARN,CUR_NAC,Muškarci,Sva zanimanja,4.3
2015,SL_EMP_AEARN,CUR_NAC,Muškarci,Sva zanimanja,4.2
2016,SL_EMP_AEARN,CUR_NAC,Muškarci,Sva zanimanja,4.3
2017,SL_EMP_AEARN,CUR_NAC,Muškarci,Sva zanimanja,4.4
2018,SL_EMP_AEARN,CUR_NAC,Muškarci,Sva zanimanja,4.4
2019,SL_EMP_AEARN,CUR_NAC,Muškarci,Sva zanimanja,4.8
2010,SL_EMP_AEARN,CUR_NAC,Muškarci,Zanimanja oružanih snaga,5.0
2011,SL_EMP_AEARN,CUR_NAC,Muškarci,Zanimanja oružanih snaga,5.1
2012,SL_EMP_AEARN,CUR_NAC,Muškarci,Zanimanja oružanih snaga,4.7
2013,SL_EMP_AEARN,CUR_NAC,Muškarci,Zanimanja oružanih snaga,4.7
2014,SL_EMP_AEARN,CUR_NAC,Muškarci,Zanimanja oružanih snaga,5.4
2015,SL_EMP_AEARN,CUR_NAC,Muškarci,Zanimanja oružanih snaga,4.6
2016,SL_EMP_AEARN,CUR_NAC,Muškarci,Zanimanja oružanih snaga,5.4
2017,SL_EMP_AEARN,CUR_NAC,Muškarci,Zanimanja oružanih snaga,5.0
2018,SL_EMP_AEARN,CUR_NAC,Muškarci,Zanimanja oružanih snaga,5.7
2019,SL_EMP_AEARN,CUR_NAC,Muškarci,Zanimanja oružanih snaga,5.3
2010,SL_EMP_AEARN,CUR_NAC,Muškarci,Menadžeri,6.9
2011,SL_EMP_AEARN,CUR_NAC,Muškarci,Menadžeri,7.1
2012,SL_EMP_AEARN,CUR_NAC,Muškarci,Menadžeri,6.8
2013,SL_EMP_AEARN,CUR_NAC,Muškarci,Menadžeri,7.8
2014,SL_EMP_AEARN,CUR_NAC,Muškarci,Menadžeri,7.3
2015,SL_EMP_AEARN,CUR_NAC,Muškarci,Menadžeri,7.7
2016,SL_EMP_AEARN,CUR_NAC,Muškarci,Menadžeri,7.7
2017,SL_EMP_AEARN,CUR_NAC,Muškarci,Menadžeri,6.8
2018,SL_EMP_AEARN,CUR_NAC,Muškarci,Menadžeri,6.9
2019,SL_EMP_AEARN,CUR_NAC,Muškarci,Menadžeri,8.9
2010,SL_EMP_AEARN,CUR_NAC,Muškarci,Profesionalci,6.5
2011,SL_EMP_AEARN,CUR_NAC,Muškarci,Profesionalci,6.2
2012,SL_EMP_AEARN,CUR_NAC,Muškarci,Profesionalci,5.9
2013,SL_EMP_AEARN,CUR_NAC,Muškarci,Profesionalci,6.6
2014,SL_EMP_AEARN,CUR_NAC,Muškarci,Profesionalci,6.6
2015,SL_EMP_AEARN,CUR_NAC,Muškarci,Profesionalci,6.7
2016,SL_EMP_AEARN,CUR_NAC,Muškarci,Profesionalci,6.5
2017,SL_EMP_AEARN,CUR_NAC,Muškarci,Profesionalci,6.4
2018,SL_EMP_AEARN,CUR_NAC,Muškarci,Profesionalci,6.5
2019,SL_EMP_AEARN,CUR_NAC,Muškarci,Profesionalci,7.1
2010,SL_EMP_AEARN,CUR_NAC,Muškarci,Tehničari i pridruženi profesionalci,4.4
2011,SL_EMP_AEARN,CUR_NAC,Muškarci,Tehničari i pridruženi profesionalci,4.5
2012,SL_EMP_AEARN,CUR_NAC,Muškarci,Tehničari i pridruženi profesionalci,4.6
2013,SL_EMP_AEARN,CUR_NAC,Muškarci,Tehničari i pridruženi profesionalci,4.8
2014,SL_EMP_AEARN,CUR_NAC,Muškarci,Tehničari i pridruženi profesionalci,4.9
2015,SL_EMP_AEARN,CUR_NAC,Muškarci,Tehničari i pridruženi profesionalci,4.8
2016,SL_EMP_AEARN,CUR_NAC,Muškarci,Tehničari i pridruženi profesionalci,4.6
2017,SL_EMP_AEARN,CUR_NAC,Muškarci,Tehničari i pridruženi profesionalci,4.8
2018,SL_EMP_AEARN,CUR_NAC,Muškarci,Tehničari i pridruženi profesionalci,5.0
2019,SL_EMP_AEARN,CUR_NAC,Muškarci,Tehničari i pridruženi profesionalci,5.3
2010,SL_EMP_AEARN,CUR_NAC,Muškarci,Službenici hitne pomoći,3.7
2011,SL_EMP_AEARN,CUR_NAC,Muškarci,Službenici hitne pomoći,3.4
2012,SL_EMP_AEARN,CUR_NAC,Muškarci,Službenici hitne pomoći,4.1
2013,SL_EMP_AEARN,CUR_NAC,Muškarci,Službenici hitne pomoći,4.2
2014,SL_EMP_AEARN,CUR_NAC,Muškarci,Službenici hitne pomoći,4.5
2015,SL_EMP_AEARN,CUR_NAC,Muškarci,Službenici hitne pomoći,4.2
2016,SL_EMP_AEARN,CUR_NAC,Muškarci,Službenici hitne pomoći,4.6
2017,SL_EMP_AEARN,CUR_NAC,Muškarci,Službenici hitne pomoći,4.4
2018,SL_EMP_AEARN,CUR_NAC,Muškarci,Službenici hitne pomoći,4.7
2019,SL_EMP_AEARN,CUR_NAC,Muškarci,Službenici hitne pomoći,5.1
2010,SL_EMP_AEARN,CUR_NAC,Žene,Uslužni i prodajni radnici,3.3
2011,SL_EMP_AEARN,CUR_NAC,Žene,Uslužni i prodajni radnici,3.5
2012,SL_EMP_AEARN,CUR_NAC,Žene,Uslužni i prodajni radnici,3.2
2013,SL_EMP_AEARN,CUR_NAC,Žene,Uslužni i prodajni radnici,3.4
2014,SL_EMP_AEARN,CUR_NAC,Žene,Uslužni i prodajni radnici,3.6
2015,SL_EMP_AEARN,CUR_NAC,Žene,Uslužni i prodajni radnici,3.5
2016,SL_EMP_AEARN,CUR_NAC,Žene,Uslužni i prodajni radnici,3.7
2017,SL_EMP_AEARN,CUR_NAC,Žene,Uslužni i prodajni radnici,3.7
2018,SL_EMP_AEARN,CUR_NAC,Žene,Uslužni i prodajni radnici,3.8
2019,SL_EMP_AEARN,CUR_NAC,Žene,Uslužni i prodajni radnici,4.2
2010,SL_EMP_AEARN,CUR_NAC,Muškarci,"KV kvalificirani radnici u poljoprivredi, šumarstvu i ribarstvu",3.3
2011,SL_EMP_AEARN,CUR_NAC,Muškarci,"KV kvalificirani radnici u poljoprivredi, šumarstvu i ribarstvu",3.3
2012,SL_EMP_AEARN,CUR_NAC,Muškarci,"KV kvalificirani radnici u poljoprivredi, šumarstvu i ribarstvu",3.4
2013,SL_EMP_AEARN,CUR_NAC,Muškarci,"KV kvalificirani radnici u poljoprivredi, šumarstvu i ribarstvu",3.3
2014,SL_EMP_AEARN,CUR_NAC,Muškarci,"KV kvalificirani radnici u poljoprivredi, šumarstvu i ribarstvu",3.5
2015,SL_EMP_AEARN,CUR_NAC,Muškarci,"KV kvalificirani radnici u poljoprivredi, šumarstvu i ribarstvu",3.1
2016,SL_EMP_AEARN,CUR_NAC,Muškarci,"KV kvalificirani radnici u poljoprivredi, šumarstvu i ribarstvu",4.3
2017,SL_EMP_AEARN,CUR_NAC,Muškarci,"KV kvalificirani radnici u poljoprivredi, šumarstvu i ribarstvu",3.3
2018,SL_EMP_AEARN,CUR_NAC,Muškarci,"KV kvalificirani radnici u poljoprivredi, šumarstvu i ribarstvu",3.4
2019,SL_EMP_AEARN,CUR_NAC,Muškarci,"KV kvalificirani radnici u poljoprivredi, šumarstvu i ribarstvu",4.9
2010,SL_EMP_AEARN,CUR_NAC,Muškarci,Zanatski i srodni radnici,3.7
2011,SL_EMP_AEARN,CUR_NAC,Muškarci,Zanatski i srodni radnici,3.6
2012,SL_EMP_AEARN,CUR_NAC,Muškarci,Zanatski i srodni radnici,3.7
2013,SL_EMP_AEARN,CUR_NAC,Muškarci,Zanatski i srodni radnici,3.7
2014,SL_EMP_AEARN,CUR_NAC,Muškarci,Zanatski i srodni radnici,4.1
2015,SL_EMP_AEARN,CUR_NAC,Muškarci,Zanatski i srodni radnici,3.8
2016,SL_EMP_AEARN,CUR_NAC,Muškarci,Zanatski i srodni radnici,4.0
2017,SL_EMP_AEARN,CUR_NAC,Muškarci,Zanatski i srodni radnici,4.2
2018,SL_EMP_AEARN,CUR_NAC,Muškarci,Zanatski i srodni radnici,4.3
2019,SL_EMP_AEARN,CUR_NAC,Muškarci,Zanatski i srodni radnici,4.5
2010,SL_EMP_AEARN,CUR_NAC,Muškarci,"Operateri postrojenja i strojeva, te monteri",3.7
2011,SL_EMP_AEARN,CUR_NAC,Muškarci,"Operateri postrojenja i strojeva, te monteri",3.6
2012,SL_EMP_AEARN,CUR_NAC,Muškarci,"Operateri postrojenja i strojeva, te monteri",3.7
2013,SL_EMP_AEARN,CUR_NAC,Muškarci,"Operateri postrojenja i strojeva, te monteri",3.7
2014,SL_EMP_AEARN,CUR_NAC,Muškarci,"Operateri postrojenja i strojeva, te monteri",3.7
2015,SL_EMP_AEARN,CUR_NAC,Muškarci,"Operateri postrojenja i strojeva, te monteri",3.9
2016,SL_EMP_AEARN,CUR_NAC,Muškarci,"Operateri postrojenja i strojeva, te monteri",3.7
2017,SL_EMP_AEARN,CUR_NAC,Muškarci,"Operateri postrojenja i strojeva, te monteri",4.2
2018,SL_EMP_AEARN,CUR_NAC,Muškarci,"Operateri postrojenja i strojeva, te monteri",4.1
2019,SL_EMP_AEARN,CUR_NAC,Muškarci,"Operateri postrojenja i strojeva, te monteri",4.4
2010,SL_EMP_AEARN,CUR_NAC,Muškarci,Osnovna zanimanja,3.1
2011,SL_EMP_AEARN,CUR_NAC,Muškarci,Osnovna zanimanja,3.3
2012,SL_EMP_AEARN,CUR_NAC,Muškarci,Osnovna zanimanja,3.2
2013,SL_EMP_AEARN,CUR_NAC,Muškarci,Osnovna zanimanja,3.2
2014,SL_EMP_AEARN,CUR_NAC,Muškarci,Osnovna zanimanja,3.4
2015,SL_EMP_AEARN,CUR_NAC,Muškarci,Osnovna zanimanja,3.2
2016,SL_EMP_AEARN,CUR_NAC,Muškarci,Osnovna zanimanja,3.6
2017,SL_EMP_AEARN,CUR_NAC,Muškarci,Osnovna zanimanja,3.2
2018,SL_EMP_AEARN,CUR_NAC,Muškarci,Osnovna zanimanja,3.3
2019,SL_EMP_AEARN,CUR_NAC,Muškarci,Osnovna zanimanja,3.9
