Year,SERIES,UNIT_MEASURE,Value
2015,Nivo nacionalne usklađenosti radnih prava (sloboda udruživanja i kolektivnog pregovaranja) na osnovu tekstualnih izvora Međunarodne organizacije rada (ILO) i nacionalnog zakonodavstva,Rezultat,0.0
2016,Nivo nacionalne usklađenosti radnih prava (sloboda udruživanja i kolektivnog pregovaranja) na osnovu tekstualnih izvora Međunarodne organizacije rada (ILO) i nacionalnog zakonodavstva,Rezultat,1.05
2017,Nivo nacionalne usklađenosti radnih prava (sloboda udruživanja i kolektivnog pregovaranja) na osnovu tekstualnih izvora Međunarodne organizacije rada (ILO) i nacionalnog zakonodavstva,Rezultat,1.05
2018,Nivo nacionalne usklađenosti radnih prava (sloboda udruživanja i kolektivnog pregovaranja) na osnovu tekstualnih izvora Međunarodne organizacije rada (ILO) i nacionalnog zakonodavstva,Rezultat,1.05
2019,Nivo nacionalne usklađenosti radnih prava (sloboda udruživanja i kolektivnog pregovaranja) na osnovu tekstualnih izvora Međunarodne organizacije rada (ILO) i nacionalnog zakonodavstva,Rezultat,0.89
2020,Nivo nacionalne usklađenosti radnih prava (sloboda udruživanja i kolektivnog pregovaranja) na osnovu tekstualnih izvora Međunarodne organizacije rada (ILO) i nacionalnog zakonodavstva,Rezultat,0.89
