Year,SERIES,UNIT_MEASURE,Value
2019,"Postojanje razvijene i operacionalizovane nacionalne strategije za zapošljavanje mladih, kao posebne strategije ili kao dio nacionalne strategije zapošljavanja",Rezultat,0
2020,"Postojanje razvijene i operacionalizovane nacionalne strategije za zapošljavanje mladih, kao posebne strategije ili kao dio nacionalne strategije zapošljavanja",Rezultat,0
2021,"Postojanje razvijene i operacionalizovane nacionalne strategije za zapošljavanje mladih, kao posebne strategije ili kao dio nacionalne strategije zapošljavanja",Rezultat,1
2022,"Postojanje razvijene i operacionalizovane nacionalne strategije za zapošljavanje mladih, kao posebne strategije ili kao dio nacionalne strategije zapošljavanja",Rezultat,2
