Year,SERIES,UNIT_MEASURE,Privredna aktivnost,Value
2000,Dodana vrijednost proizvodnje (konstantni američki dolari iz 2015.) kao udio BDP-a (%),Procenat,Proizvodnja,8.81
2001,Dodana vrijednost proizvodnje (konstantni američki dolari iz 2015.) kao udio BDP-a (%),Procenat,Proizvodnja,8.84
2002,Dodana vrijednost proizvodnje (konstantni američki dolari iz 2015.) kao udio BDP-a (%),Procenat,Proizvodnja,9.05
2003,Dodana vrijednost proizvodnje (konstantni američki dolari iz 2015.) kao udio BDP-a (%),Procenat,Proizvodnja,8.98
2004,Dodana vrijednost proizvodnje (konstantni američki dolari iz 2015.) kao udio BDP-a (%),Procenat,Proizvodnja,8.86
2005,Dodana vrijednost proizvodnje (konstantni američki dolari iz 2015.) kao udio BDP-a (%),Procenat,Proizvodnja,9.11
2006,Dodana vrijednost proizvodnje (konstantni američki dolari iz 2015.) kao udio BDP-a (%),Procenat,Proizvodnja,9.88
2007,Dodana vrijednost proizvodnje (konstantni američki dolari iz 2015.) kao udio BDP-a (%),Procenat,Proizvodnja,10.32
2008,Dodana vrijednost proizvodnje (konstantni američki dolari iz 2015.) kao udio BDP-a (%),Procenat,Proizvodnja,10.42
2009,Dodana vrijednost proizvodnje (konstantni američki dolari iz 2015.) kao udio BDP-a (%),Procenat,Proizvodnja,10.15
2010,Dodana vrijednost proizvodnje (konstantni američki dolari iz 2015.) kao udio BDP-a (%),Procenat,Proizvodnja,10.79
2011,Dodana vrijednost proizvodnje (konstantni američki dolari iz 2015.) kao udio BDP-a (%),Procenat,Proizvodnja,10.69
2012,Dodana vrijednost proizvodnje (konstantni američki dolari iz 2015.) kao udio BDP-a (%),Procenat,Proizvodnja,10.69
2013,Dodana vrijednost proizvodnje (konstantni američki dolari iz 2015.) kao udio BDP-a (%),Procenat,Proizvodnja,10.97
2014,Dodana vrijednost proizvodnje (konstantni američki dolari iz 2015.) kao udio BDP-a (%),Procenat,Proizvodnja,11.31
2015,Dodana vrijednost proizvodnje (konstantni američki dolari iz 2015.) kao udio BDP-a (%),Procenat,Proizvodnja,11.67
2016,Dodana vrijednost proizvodnje (konstantni američki dolari iz 2015.) kao udio BDP-a (%),Procenat,Proizvodnja,11.92
2017,Dodana vrijednost proizvodnje (konstantni američki dolari iz 2015.) kao udio BDP-a (%),Procenat,Proizvodnja,12.52
2018,Dodana vrijednost proizvodnje (konstantni američki dolari iz 2015.) kao udio BDP-a (%),Procenat,Proizvodnja,12.28
2019,Dodana vrijednost proizvodnje (konstantni američki dolari iz 2015.) kao udio BDP-a (%),Procenat,Proizvodnja,11.95
2020,Dodana vrijednost proizvodnje (konstantni američki dolari iz 2015.) kao udio BDP-a (%),Procenat,Proizvodnja,12.13
2000,Dodana vrijednost u proizvodnji (tekući američki dolari) kao udio u BDP-u (%),Procenat,Proizvodnja,9.97
2001,Dodana vrijednost u proizvodnji (tekući američki dolari) kao udio u BDP-u (%),Procenat,Proizvodnja,9.78
2002,Dodana vrijednost u proizvodnji (tekući američki dolari) kao udio u BDP-u (%),Procenat,Proizvodnja,9.65
2003,Dodana vrijednost u proizvodnji (tekući američki dolari) kao udio u BDP-u (%),Procenat,Proizvodnja,9.99
2004,Dodana vrijednost u proizvodnji (tekući američki dolari) kao udio u BDP-u (%),Procenat,Proizvodnja,10.04
2005,Dodana vrijednost u proizvodnji (tekući američki dolari) kao udio u BDP-u (%),Procenat,Proizvodnja,9.94
2006,Dodana vrijednost u proizvodnji (tekući američki dolari) kao udio u BDP-u (%),Procenat,Proizvodnja,10.02
2007,Dodana vrijednost u proizvodnji (tekući američki dolari) kao udio u BDP-u (%),Procenat,Proizvodnja,10.81
2008,Dodana vrijednost u proizvodnji (tekući američki dolari) kao udio u BDP-u (%),Procenat,Proizvodnja,11.01
2009,Dodana vrijednost u proizvodnji (tekući američki dolari) kao udio u BDP-u (%),Procenat,Proizvodnja,10.48
2010,Dodana vrijednost u proizvodnji (tekući američki dolari) kao udio u BDP-u (%),Procenat,Proizvodnja,10.88
2011,Dodana vrijednost u proizvodnji (tekući američki dolari) kao udio u BDP-u (%),Procenat,Proizvodnja,10.92
2012,Dodana vrijednost u proizvodnji (tekući američki dolari) kao udio u BDP-u (%),Procenat,Proizvodnja,10.55
2013,Dodana vrijednost u proizvodnji (tekući američki dolari) kao udio u BDP-u (%),Procenat,Proizvodnja,10.94
2014,Dodana vrijednost u proizvodnji (tekući američki dolari) kao udio u BDP-u (%),Procenat,Proizvodnja,10.94
2015,Dodana vrijednost u proizvodnji (tekući američki dolari) kao udio u BDP-u (%),Procenat,Proizvodnja,11.67
2016,Dodana vrijednost u proizvodnji (tekući američki dolari) kao udio u BDP-u (%),Procenat,Proizvodnja,12.37
2017,Dodana vrijednost u proizvodnji (tekući američki dolari) kao udio u BDP-u (%),Procenat,Proizvodnja,13.12
2018,Dodana vrijednost u proizvodnji (tekući američki dolari) kao udio u BDP-u (%),Procenat,Proizvodnja,13.23
2019,Dodana vrijednost u proizvodnji (tekući američki dolari) kao udio u BDP-u (%),Procenat,Proizvodnja,12.93
2000,Dodatna proizvodna vrijednost po glavi stanovnika (stalni američki dolari iz 2015.),konstantni američki dolari,Proizvodnja,250.0
2001,Dodatna proizvodna vrijednost po glavi stanovnika (stalni američki dolari iz 2015.),konstantni američki dolari,Proizvodnja,257.3
2002,Dodatna proizvodna vrijednost po glavi stanovnika (stalni američki dolari iz 2015.),konstantni američki dolari,Proizvodnja,276.5
2003,Dodatna proizvodna vrijednost po glavi stanovnika (stalni američki dolari iz 2015.),konstantni američki dolari,Proizvodnja,284.9
2004,Dodatna proizvodna vrijednost po glavi stanovnika (stalni američki dolari iz 2015.),konstantni američki dolari,Proizvodnja,298.4
2005,Dodatna proizvodna vrijednost po glavi stanovnika (stalni američki dolari iz 2015.),konstantni američki dolari,Proizvodnja,318.8
2006,Dodatna proizvodna vrijednost po glavi stanovnika (stalni američki dolari iz 2015.),konstantni američki dolari,Proizvodnja,364.4
2007,Dodatna proizvodna vrijednost po glavi stanovnika (stalni američki dolari iz 2015.),konstantni američki dolari,Proizvodnja,403.4
2008,Dodatna proizvodna vrijednost po glavi stanovnika (stalni američki dolari iz 2015.),konstantni američki dolari,Proizvodnja,430.3
2009,Dodatna proizvodna vrijednost po glavi stanovnika (stalni američki dolari iz 2015.),konstantni američki dolari,Proizvodnja,408.8
2010,Dodatna proizvodna vrijednost po glavi stanovnika (stalni američki dolari iz 2015.),konstantni američki dolari,Proizvodnja,441.9
2011,Dodatna proizvodna vrijednost po glavi stanovnika (stalni američki dolari iz 2015.),konstantni američki dolari,Proizvodnja,447.0
2012,Dodatna proizvodna vrijednost po glavi stanovnika (stalni američki dolari iz 2015.),konstantni američki dolari,Proizvodnja,450.4
2013,Dodatna proizvodna vrijednost po glavi stanovnika (stalni američki dolari iz 2015.),konstantni američki dolari,Proizvodnja,481.3
2014,Dodatna proizvodna vrijednost po glavi stanovnika (stalni američki dolari iz 2015.),konstantni američki dolari,Proizvodnja,510.6
2015,Dodatna proizvodna vrijednost po glavi stanovnika (stalni američki dolari iz 2015.),konstantni američki dolari,Proizvodnja,551.7
2016,Dodatna proizvodna vrijednost po glavi stanovnika (stalni američki dolari iz 2015.),konstantni američki dolari,Proizvodnja,588.8
2017,Dodatna proizvodna vrijednost po glavi stanovnika (stalni američki dolari iz 2015.),konstantni američki dolari,Proizvodnja,644.3
2018,Dodatna proizvodna vrijednost po glavi stanovnika (stalni američki dolari iz 2015.),konstantni američki dolari,Proizvodnja,661.2
2019,Dodatna proizvodna vrijednost po glavi stanovnika (stalni američki dolari iz 2015.),konstantni američki dolari,Proizvodnja,665.3
2020,Dodatna proizvodna vrijednost po glavi stanovnika (stalni američki dolari iz 2015.),konstantni američki dolari,Proizvodnja,641.9
