Year,SERIES,UNIT_MEASURE,Value
2015,Udio malih industrija u ukupnoj dodanoj vrijednosti industrije,Procenat,15.22
2016,Udio malih industrija u ukupnoj dodanoj vrijednosti industrije,Procenat,15.07
2017,Udio malih industrija u ukupnoj dodanoj vrijednosti industrije,Procenat,11.79
2018,Udio malih industrija u ukupnoj dodanoj vrijednosti industrije,Procenat,11.39
2019,Udio malih industrija u ukupnoj dodanoj vrijednosti industrije,Procenat,11.13
2020,Udio malih industrija u ukupnoj dodanoj vrijednosti industrije,Procenat,11.57
