Year,SERIES,UNIT_MEASURE,Value
2000,Udio dodate vrijednosti srednje i visokotehnološke industrije u odnosu na ukupnu dodatnu vrijednost,PT,29.17
2001,Udio dodate vrijednosti srednje i visokotehnološke industrije u odnosu na ukupnu dodatnu vrijednost,PT,14.99
2002,Udio dodate vrijednosti srednje i visokotehnološke industrije u odnosu na ukupnu dodatnu vrijednost,PT,14.99
2003,Udio dodate vrijednosti srednje i visokotehnološke industrije u odnosu na ukupnu dodatnu vrijednost,PT,14.99
2004,Udio dodate vrijednosti srednje i visokotehnološke industrije u odnosu na ukupnu dodatnu vrijednost,PT,14.99
2005,Udio dodate vrijednosti srednje i visokotehnološke industrije u odnosu na ukupnu dodatnu vrijednost,PT,14.99
2006,Udio dodate vrijednosti srednje i visokotehnološke industrije u odnosu na ukupnu dodatnu vrijednost,PT,14.99
2007,Udio dodate vrijednosti srednje i visokotehnološke industrije u odnosu na ukupnu dodatnu vrijednost,PT,14.99
2008,Udio dodate vrijednosti srednje i visokotehnološke industrije u odnosu na ukupnu dodatnu vrijednost,PT,14.99
2009,Udio dodate vrijednosti srednje i visokotehnološke industrije u odnosu na ukupnu dodatnu vrijednost,PT,14.99
2010,Udio dodate vrijednosti srednje i visokotehnološke industrije u odnosu na ukupnu dodatnu vrijednost,PT,14.99
2011,Udio dodate vrijednosti srednje i visokotehnološke industrije u odnosu na ukupnu dodatnu vrijednost,PT,16.33
2012,Udio dodate vrijednosti srednje i visokotehnološke industrije u odnosu na ukupnu dodatnu vrijednost,PT,18.03
2013,Udio dodate vrijednosti srednje i visokotehnološke industrije u odnosu na ukupnu dodatnu vrijednost,PT,17.2
2014,Udio dodate vrijednosti srednje i visokotehnološke industrije u odnosu na ukupnu dodatnu vrijednost,PT,17.35
2015,Udio dodate vrijednosti srednje i visokotehnološke industrije u odnosu na ukupnu dodatnu vrijednost,PT,18.35
2016,Udio dodate vrijednosti srednje i visokotehnološke industrije u odnosu na ukupnu dodatnu vrijednost,PT,17.18
2017,Udio dodate vrijednosti srednje i visokotehnološke industrije u odnosu na ukupnu dodatnu vrijednost,PT,17.93
2018,Udio dodate vrijednosti srednje i visokotehnološke industrije u odnosu na ukupnu dodatnu vrijednost,PT,19.07
2019,Udio dodate vrijednosti srednje i visokotehnološke industrije u odnosu na ukupnu dodatnu vrijednost,PT,17.63
2020,Udio dodate vrijednosti srednje i visokotehnološke industrije u odnosu na ukupnu dodatnu vrijednost,PT,17.86
