Year,UNIT_MEASURE,Type,Value
a)Januar,u hiljadama KM,export_2019,856376
b)Februar,u hiljadama KM,export_2019,926443
c)Mart,u hiljadama KM,export_2019,989133
d)April,u hiljadama KM,export_2019,1034867
e)Maj,u hiljadama KM,export_2019,1028163
f)Juni,u hiljadama KM,export_2019,995601
g)Juli,u hiljadama KM,export_2019,1005663
h)August,u hiljadama KM,export_2019,844904
i)Septembar,u hiljadama KM,export_2019,983719
a)Januar,u hiljadama KM,import_2019,1292899
b)Februar,u hiljadama KM,import_2019,1549613
c)Mart,u hiljadama KM,import_2019,1772859
d)April,u hiljadama KM,import_2019,1750450
e)Maj,u hiljadama KM,import_2019,1809099
f)Juni,u hiljadama KM,import_2019,1608480
g)Juli,u hiljadama KM,import_2019,1745495
h)August,u hiljadama KM,import_2019,1526382
i)Septembar,u hiljadama KM,import_2019,1572606
a)Januar,u hiljadama KM,export_2020,855977
b)Februar,u hiljadama KM,export_2020,923256
c)Mart,u hiljadama KM,export_2020,848386
d)April,u hiljadama KM,export_2020,696198
e)Maj,u hiljadama KM,export_2020,736613
f)Juni,u hiljadama KM,export_2020,888104
g)Juli,u hiljadama KM,export_2020,874153
h)August,u hiljadama KM,export_2020,775220
i)Septembar,u hiljadama KM,export_2020,977148
a)Januar,u hiljadama KM,import_2020,1235871
b)Februar,u hiljadama KM,import_2020,1567515
c)Mart,u hiljadama KM,import_2020,1483047
d)April,u hiljadama KM,import_2020,1133427
e)Maj,u hiljadama KM,import_2020,1183197
f)Juni,u hiljadama KM,import_2020,1416588
g)Juli,u hiljadama KM,import_2020,1511289
h)August,u hiljadama KM,import_2020,1306882
i)Septembar,u hiljadama KM,import_2020,1483216
