Year,UNIT_MEASURE,Tip,Value
1-2019 2020 jan,Index,Porez na dodanu vrijednost,102.68
2-2019 2020 feb,Index,Porez na dodanu vrijednost,108.04
3-2019 2020 mar,Index,Porez na dodanu vrijednost,99.23
4-2019 2020 apr,Index,Porez na dodanu vrijednost,76.73
5-2019 2020 may,Index,Porez na dodanu vrijednost,69.59
6-2019 2020 june,Index,Porez na dodanu vrijednost,93.0
7-2019 2020 july,Index,Porez na dodanu vrijednost,98.56
8-2019 2020 aug,Index,Porez na dodanu vrijednost,84.9
9-2019 2020 sept,Index,Porez na dodanu vrijednost,91.99
10-2019 2020 oct,Index,Porez na dodanu vrijednost,96.15
11-2019 2020 nov,Index,Porez na dodanu vrijednost,93.91
12-2019 2020 dec,Index,Porez na dodanu vrijednost,95.27
1-2019 2020 jan,Index,"Carinske dažbine, naknade za carinsko evidentiranje i posebne dažbine",102.24
2-2019 2020 feb,Index,"Carinske dažbine, naknade za carinsko evidentiranje i posebne dažbine",109.0
3-2019 2020 mar,Index,"Carinske dažbine, naknade za carinsko evidentiranje i posebne dažbine",90.08
4-2019 2020 apr,Index,"Carinske dažbine, naknade za carinsko evidentiranje i posebne dažbine",56.7
5-2019 2020 may,Index,"Carinske dažbine, naknade za carinsko evidentiranje i posebne dažbine",63.74
6-2019 2020 june,Index,"Carinske dažbine, naknade za carinsko evidentiranje i posebne dažbine",89.74
7-2019 2020 july,Index,"Carinske dažbine, naknade za carinsko evidentiranje i posebne dažbine",92.66
8-2019 2020 aug,Index,"Carinske dažbine, naknade za carinsko evidentiranje i posebne dažbine",82.75
9-2019 2020 sept,Index,"Carinske dažbine, naknade za carinsko evidentiranje i posebne dažbine",91.35
10-2019 2020 oct,Index,"Carinske dažbine, naknade za carinsko evidentiranje i posebne dažbine",91.45
11-2019 2020 nov,Index,"Carinske dažbine, naknade za carinsko evidentiranje i posebne dažbine",90.97
12-2019 2020 dec,Index,"Carinske dažbine, naknade za carinsko evidentiranje i posebne dažbine",93.6
1-2019 2020 jan,Index,Akciza na uvozne proizvode,96.36
2-2019 2020 feb,Index,Akciza na uvozne proizvode,124.3
3-2019 2020 mar,Index,Akciza na uvozne proizvode,130.95
4-2019 2020 apr,Index,Akciza na uvozne proizvode,101.58
5-2019 2020 may,Index,Akciza na uvozne proizvode,52.06
6-2019 2020 june,Index,Akciza na uvozne proizvode,96.95
7-2019 2020 july,Index,Akciza na uvozne proizvode,76.47
8-2019 2020 aug,Index,Akciza na uvozne proizvode,75.01
9-2019 2020 sept,Index,Akciza na uvozne proizvode,87.61
10-2019 2020 oct,Index,Akciza na uvozne proizvode,81.27
11-2019 2020 nov,Index,Akciza na uvozne proizvode,103.17
12-2019 2020 dec,Index,Akciza na uvozne proizvode,79.05
1-2019 2020 jan,Index,Akciza na domaće proizvode,39.08
2-2019 2020 feb,Index,Akciza na domaće proizvode,37.23
3-2019 2020 mar,Index,Akciza na domaće proizvode,79.14
4-2019 2020 apr,Index,Akciza na domaće proizvode,13.29
5-2019 2020 may,Index,Akciza na domaće proizvode,30.71
6-2019 2020 june,Index,Akciza na domaće proizvode,66.47
7-2019 2020 july,Index,Akciza na domaće proizvode,73.22
8-2019 2020 aug,Index,Akciza na domaće proizvode,83.15
9-2019 2020 sept,Index,Akciza na domaće proizvode,75.57
10-2019 2020 oct,Index,Akciza na domaće proizvode,117.43
11-2019 2020 nov,Index,Akciza na domaće proizvode,64.28
12-2019 2020 dec,Index,Akciza na domaće proizvode,62.21
1-2019 2020 jan,Index,Posebna taksa (putarina) na naftne derivate,98.18
2-2019 2020 feb,Index,Posebna taksa (putarina) na naftne derivate,106.13
3-2019 2020 mar,Index,Posebna taksa (putarina) na naftne derivate,106.08
4-2019 2020 apr,Index,Posebna taksa (putarina) na naftne derivate,66.56
5-2019 2020 may,Index,Posebna taksa (putarina) na naftne derivate,89.87
6-2019 2020 june,Index,Posebna taksa (putarina) na naftne derivate,95.43
7-2019 2020 july,Index,Posebna taksa (putarina) na naftne derivate,80.37
8-2019 2020 aug,Index,Posebna taksa (putarina) na naftne derivate,75.88
9-2019 2020 sept,Index,Posebna taksa (putarina) na naftne derivate,91.53
10-2019 2020 oct,Index,Posebna taksa (putarina) na naftne derivate,83.88
11-2019 2020 nov,Index,Posebna taksa (putarina) na naftne derivate,103.59
12-2019 2020 dec,Index,Posebna taksa (putarina) na naftne derivate,91.52
1-2019 2020 jan,Index,Ostali prihodi i naknade,103.63
2-2019 2020 feb,Index,Ostali prihodi i naknade,101.1
3-2019 2020 mar,Index,Ostali prihodi i naknade,81.34
4-2019 2020 apr,Index,Ostali prihodi i naknade,82.57
5-2019 2020 may,Index,Ostali prihodi i naknade,77.67
6-2019 2020 june,Index,Ostali prihodi i naknade,86.03
7-2019 2020 july,Index,Ostali prihodi i naknade,86.96
8-2019 2020 aug,Index,Ostali prihodi i naknade,107.15
9-2019 2020 sept,Index,Ostali prihodi i naknade,95.19
10-2019 2020 oct,Index,Ostali prihodi i naknade,95.63
11-2019 2020 nov,Index,Ostali prihodi i naknade,102.8
12-2019 2020 dec,Index,Ostali prihodi i naknade,119.1
1-2019 2020 jan,Index,Ukupno,98.5
2-2019 2020 feb,Index,Ukupno,108.88
3-2019 2020 mar,Index,Ukupno,104.14
4-2019 2020 apr,Index,Ukupno,77.33
5-2019 2020 may,Index,Ukupno,66.53
6-2019 2020 june,Index,Ukupno,93.06
7-2019 2020 july,Index,Ukupno,91.76
8-2019 2020 aug,Index,Ukupno,82.2
9-2019 2020 sept,Index,Ukupno,90.91
10-2019 2020 oct,Index,Ukupno,92.34
11-2019 2020 nov,Index,Ukupno,95.53
12-2019 2020 dec,Index,Ukupno,91.88
