Year,Naziv prihoda,UNIT_MEASURE,Value
a)2019 - 2020 Januar,Porez na dodanu vrijednost,Index,102.68
b)2019 - 2020 Februar,Porez na dodanu vrijednost,Index,108.04
c)2019 - 2020 Mart,Porez na dodanu vrijednost,Index,99.23
d)2019 - 2020 April,Porez na dodanu vrijednost,Index,76.73
e)2019 - 2020 Maj,Porez na dodanu vrijednost,Index,69.59
f)2019 - 2020 Juni,Porez na dodanu vrijednost,Index,93.0
g)2019 - 2020 Juli,Porez na dodanu vrijednost,Index,98.56
h)2019 - 2020 August,Porez na dodanu vrijednost,Index,84.9
a)2019 - 2020 Januar,"Carinske dažbine, naknade za carinsko evidentiranje i posebne dažbine",Index,102.24
b)2019 - 2020 Februar,"Carinske dažbine, naknade za carinsko evidentiranje i posebne dažbine",Index,109.0
c)2019 - 2020 Mart,"Carinske dažbine, naknade za carinsko evidentiranje i posebne dažbine",Index,90.08
d)2019 - 2020 April,"Carinske dažbine, naknade za carinsko evidentiranje i posebne dažbine",Index,56.7
e)2019 - 2020 Maj,"Carinske dažbine, naknade za carinsko evidentiranje i posebne dažbine",Index,63.74
f)2019 - 2020 Juni,"Carinske dažbine, naknade za carinsko evidentiranje i posebne dažbine",Index,89.74
g)2019 - 2020 Juli,"Carinske dažbine, naknade za carinsko evidentiranje i posebne dažbine",Index,92.66
h)2019 - 2020 August,"Carinske dažbine, naknade za carinsko evidentiranje i posebne dažbine",Index,82.75
a)2019 - 2020 Januar,excise duties on import goods,Index,96.36
b)2019 - 2020 Februar,excise duties on import goods,Index,124.3
c)2019 - 2020 Mart,excise duties on import goods,Index,130.95
d)2019 - 2020 April,excise duties on import goods,Index,101.58
e)2019 - 2020 Maj,excise duties on import goods,Index,52.06
f)2019 - 2020 Juni,excise duties on import goods,Index,96.95
g)2019 - 2020 Juli,excise duties on import goods,Index,76.47
h)2019 - 2020 August,excise duties on import goods,Index,75.01
a)2019 - 2020 Januar,excise duties on domestic goods,Index,39.08
b)2019 - 2020 Februar,excise duties on domestic goods,Index,37.23
c)2019 - 2020 Mart,excise duties on domestic goods,Index,79.14
d)2019 - 2020 April,excise duties on domestic goods,Index,13.29
e)2019 - 2020 Maj,excise duties on domestic goods,Index,30.71
f)2019 - 2020 Juni,excise duties on domestic goods,Index,66.47
g)2019 - 2020 Juli,excise duties on domestic goods,Index,73.22
h)2019 - 2020 August,excise duties on domestic goods,Index,83.15
a)2019 - 2020 Januar,road tax on petroleum products,Index,98.18
b)2019 - 2020 Februar,road tax on petroleum products,Index,106.13
c)2019 - 2020 Mart,road tax on petroleum products,Index,106.08
d)2019 - 2020 April,road tax on petroleum products,Index,66.56
e)2019 - 2020 Maj,road tax on petroleum products,Index,89.87
f)2019 - 2020 Juni,road tax on petroleum products,Index,95.43
g)2019 - 2020 Juli,road tax on petroleum products,Index,80.37
h)2019 - 2020 August,road tax on petroleum products,Index,75.88
a)2019 - 2020 Januar,other income and charges,Index,103.63
b)2019 - 2020 Februar,other income and charges,Index,101.1
c)2019 - 2020 Mart,other income and charges,Index,81.34
d)2019 - 2020 April,other income and charges,Index,82.57
e)2019 - 2020 Maj,other income and charges,Index,77.67
f)2019 - 2020 Juni,other income and charges,Index,86.03
g)2019 - 2020 Juli,other income and charges,Index,86.96
h)2019 - 2020 August,other income and charges,Index,107.15
a)2019 - 2020 Januar,total,Index,98.5
b)2019 - 2020 Februar,total,Index,108.88
c)2019 - 2020 Mart,total,Index,104.14
d)2019 - 2020 April,total,Index,77.33
e)2019 - 2020 Maj,total,Index,66.53
f)2019 - 2020 Juni,total,Index,93.06
g)2019 - 2020 Juli,total,Index,91.76
h)2019 - 2020 August,total,Index,82.2
